date_key,year,quarter,quarter_name,month,month_name,year_month,year_quarter,week_of_year,day_of_week,is_weekend,is_month_end
2018-01-01,2018,1,Q1,1,Tháng 1,2018-01,2018Q1,1,0,0,0
2018-01-02,2018,1,Q1,1,Tháng 1,2018-01,2018Q1,1,1,0,0
2018-01-03,2018,1,Q1,1,Tháng 1,2018-01,2018Q1,1,2,0,0
2018-01-04,2018,1,Q1,1,Tháng 1,2018-01,2018Q1,1,3,0,0
2018-01-05,2018,1,Q1,1,Tháng 1,2018-01,2018Q1,1,4,0,0
2018-01-06,2018,1,Q1,1,Tháng 1,2018-01,2018Q1,1,5,1,0
2018-01-07,2018,1,Q1,1,Tháng 1,2018-01,2018Q1,1,6,1,0
2018-01-08,2018,1,Q1,1,Tháng 1,2018-01,2018Q1,2,0,0,0
2018-01-09,2018,1,Q1,1,Tháng 1,2018-01,2018Q1,2,1,0,0
2018-01-10,2018,1,Q1,1,Tháng 1,2018-01,2018Q1,2,2,0,0
2018-01-11,2018,1,Q1,1,Tháng 1,2018-01,2018Q1,2,3,0,0
2018-01-12,2018,1,Q1,1,Tháng 1,2018-01,2018Q1,2,4,0,0
2018-01-13,2018,1,Q1,1,Tháng 1,2018-01,2018Q1,2,5,1,0
2018-01-14,2018,1,Q1,1,Tháng 1,2018-01,2018Q1,2,6,1,0
2018-01-15,2018,1,Q1,1,Tháng 1,2018-01,2018Q1,3,0,0,0
2018-01-16,2018,1,Q1,1,Tháng 1,2018-01,2018Q1,3,1,0,0
2018-01-17,2018,1,Q1,1,Tháng 1,2018-01,2018Q1,3,2,0,0
2018-01-18,2018,1,Q1,1,Tháng 1,2018-01,2018Q1,3,3,0,0
2018-01-19,2018,1,Q1,1,Tháng 1,2018-01,2018Q1,3,4,0,0
2018-01-20,2018,1,Q1,1,Tháng 1,2018-01,2018Q1,3,5,1,0
2018-01-21,2018,1,Q1,1,Tháng 1,2018-01,2018Q1,3,6,1,0
2018-01-22,2018,1,Q1,1,Tháng 1,2018-01,2018Q1,4,0,0,0
2018-01-23,2018,1,Q1,1,Tháng 1,2018-01,2018Q1,4,1,0,0
2018-01-24,2018,1,Q1,1,Tháng 1,2018-01,2018Q1,4,2,0,0
2018-01-25,2018,1,Q1,1,Tháng 1,2018-01,2018Q1,4,3,0,0
2018-01-26,2018,1,Q1,1,Tháng 1,2018-01,2018Q1,4,4,0,0
2018-01-27,2018,1,Q1,1,Tháng 1,2018-01,2018Q1,4,5,1,0
2018-01-28,2018,1,Q1,1,Tháng 1,2018-01,2018Q1,4,6,1,0
2018-01-29,2018,1,Q1,1,Tháng 1,2018-01,2018Q1,5,0,0,0
2018-01-30,2018,1,Q1,1,Tháng 1,2018-01,2018Q1,5,1,0,0
2018-01-31,2018,1,Q1,1,Tháng 1,2018-01,2018Q1,5,2,0,1
2018-02-01,2018,1,Q1,2,Tháng 2,2018-02,2018Q1,5,3,0,0
2018-02-02,2018,1,Q1,2,Tháng 2,2018-02,2018Q1,5,4,0,0
2018-02-03,2018,1,Q1,2,Tháng 2,2018-02,2018Q1,5,5,1,0
2018-02-04,2018,1,Q1,2,Tháng 2,2018-02,2018Q1,5,6,1,0
2018-02-05,2018,1,Q1,2,Tháng 2,2018-02,2018Q1,6,0,0,0
2018-02-06,2018,1,Q1,2,Tháng 2,2018-02,2018Q1,6,1,0,0
2018-02-07,2018,1,Q1,2,Tháng 2,2018-02,2018Q1,6,2,0,0
2018-02-08,2018,1,Q1,2,Tháng 2,2018-02,2018Q1,6,3,0,0
2018-02-09,2018,1,Q1,2,Tháng 2,2018-02,2018Q1,6,4,0,0
2018-02-10,2018,1,Q1,2,Tháng 2,2018-02,2018Q1,6,5,1,0
2018-02-11,2018,1,Q1,2,Tháng 2,2018-02,2018Q1,6,6,1,0
2018-02-12,2018,1,Q1,2,Tháng 2,2018-02,2018Q1,7,0,0,0
2018-02-13,2018,1,Q1,2,Tháng 2,2018-02,2018Q1,7,1,0,0
2018-02-14,2018,1,Q1,2,Tháng 2,2018-02,2018Q1,7,2,0,0
2018-02-15,2018,1,Q1,2,Tháng 2,2018-02,2018Q1,7,3,0,0
2018-02-16,2018,1,Q1,2,Tháng 2,2018-02,2018Q1,7,4,0,0
2018-02-17,2018,1,Q1,2,Tháng 2,2018-02,2018Q1,7,5,1,0
2018-02-18,2018,1,Q1,2,Tháng 2,2018-02,2018Q1,7,6,1,0
2018-02-19,2018,1,Q1,2,Tháng 2,2018-02,2018Q1,8,0,0,0
2018-02-20,2018,1,Q1,2,Tháng 2,2018-02,2018Q1,8,1,0,0
2018-02-21,2018,1,Q1,2,Tháng 2,2018-02,2018Q1,8,2,0,0
2018-02-22,2018,1,Q1,2,Tháng 2,2018-02,2018Q1,8,3,0,0
2018-02-23,2018,1,Q1,2,Tháng 2,2018-02,2018Q1,8,4,0,0
2018-02-24,2018,1,Q1,2,Tháng 2,2018-02,2018Q1,8,5,1,0
2018-02-25,2018,1,Q1,2,Tháng 2,2018-02,2018Q1,8,6,1,0
2018-02-26,2018,1,Q1,2,Tháng 2,2018-02,2018Q1,9,0,0,0
2018-02-27,2018,1,Q1,2,Tháng 2,2018-02,2018Q1,9,1,0,0
2018-02-28,2018,1,Q1,2,Tháng 2,2018-02,2018Q1,9,2,0,1
2018-03-01,2018,1,Q1,3,Tháng 3,2018-03,2018Q1,9,3,0,0
2018-03-02,2018,1,Q1,3,Tháng 3,2018-03,2018Q1,9,4,0,0
2018-03-03,2018,1,Q1,3,Tháng 3,2018-03,2018Q1,9,5,1,0
2018-03-04,2018,1,Q1,3,Tháng 3,2018-03,2018Q1,9,6,1,0
2018-03-05,2018,1,Q1,3,Tháng 3,2018-03,2018Q1,10,0,0,0
2018-03-06,2018,1,Q1,3,Tháng 3,2018-03,2018Q1,10,1,0,0
2018-03-07,2018,1,Q1,3,Tháng 3,2018-03,2018Q1,10,2,0,0
2018-03-08,2018,1,Q1,3,Tháng 3,2018-03,2018Q1,10,3,0,0
2018-03-09,2018,1,Q1,3,Tháng 3,2018-03,2018Q1,10,4,0,0
2018-03-10,2018,1,Q1,3,Tháng 3,2018-03,2018Q1,10,5,1,0
2018-03-11,2018,1,Q1,3,Tháng 3,2018-03,2018Q1,10,6,1,0
2018-03-12,2018,1,Q1,3,Tháng 3,2018-03,2018Q1,11,0,0,0
2018-03-13,2018,1,Q1,3,Tháng 3,2018-03,2018Q1,11,1,0,0
2018-03-14,2018,1,Q1,3,Tháng 3,2018-03,2018Q1,11,2,0,0
2018-03-15,2018,1,Q1,3,Tháng 3,2018-03,2018Q1,11,3,0,0
2018-03-16,2018,1,Q1,3,Tháng 3,2018-03,2018Q1,11,4,0,0
2018-03-17,2018,1,Q1,3,Tháng 3,2018-03,2018Q1,11,5,1,0
2018-03-18,2018,1,Q1,3,Tháng 3,2018-03,2018Q1,11,6,1,0
2018-03-19,2018,1,Q1,3,Tháng 3,2018-03,2018Q1,12,0,0,0
2018-03-20,2018,1,Q1,3,Tháng 3,2018-03,2018Q1,12,1,0,0
2018-03-21,2018,1,Q1,3,Tháng 3,2018-03,2018Q1,12,2,0,0
2018-03-22,2018,1,Q1,3,Tháng 3,2018-03,2018Q1,12,3,0,0
2018-03-23,2018,1,Q1,3,Tháng 3,2018-03,2018Q1,12,4,0,0
2018-03-24,2018,1,Q1,3,Tháng 3,2018-03,2018Q1,12,5,1,0
2018-03-25,2018,1,Q1,3,Tháng 3,2018-03,2018Q1,12,6,1,0
2018-03-26,2018,1,Q1,3,Tháng 3,2018-03,2018Q1,13,0,0,0
2018-03-27,2018,1,Q1,3,Tháng 3,2018-03,2018Q1,13,1,0,0
2018-03-28,2018,1,Q1,3,Tháng 3,2018-03,2018Q1,13,2,0,0
2018-03-29,2018,1,Q1,3,Tháng 3,2018-03,2018Q1,13,3,0,0
2018-03-30,2018,1,Q1,3,Tháng 3,2018-03,2018Q1,13,4,0,0
2018-03-31,2018,1,Q1,3,Tháng 3,2018-03,2018Q1,13,5,1,1
2018-04-01,2018,2,Q2,4,Tháng 4,2018-04,2018Q2,13,6,1,0
2018-04-02,2018,2,Q2,4,Tháng 4,2018-04,2018Q2,14,0,0,0
2018-04-03,2018,2,Q2,4,Tháng 4,2018-04,2018Q2,14,1,0,0
2018-04-04,2018,2,Q2,4,Tháng 4,2018-04,2018Q2,14,2,0,0
2018-04-05,2018,2,Q2,4,Tháng 4,2018-04,2018Q2,14,3,0,0
2018-04-06,2018,2,Q2,4,Tháng 4,2018-04,2018Q2,14,4,0,0
2018-04-07,2018,2,Q2,4,Tháng 4,2018-04,2018Q2,14,5,1,0
2018-04-08,2018,2,Q2,4,Tháng 4,2018-04,2018Q2,14,6,1,0
2018-04-09,2018,2,Q2,4,Tháng 4,2018-04,2018Q2,15,0,0,0
2018-04-10,2018,2,Q2,4,Tháng 4,2018-04,2018Q2,15,1,0,0
2018-04-11,2018,2,Q2,4,Tháng 4,2018-04,2018Q2,15,2,0,0
2018-04-12,2018,2,Q2,4,Tháng 4,2018-04,2018Q2,15,3,0,0
2018-04-13,2018,2,Q2,4,Tháng 4,2018-04,2018Q2,15,4,0,0
2018-04-14,2018,2,Q2,4,Tháng 4,2018-04,2018Q2,15,5,1,0
2018-04-15,2018,2,Q2,4,Tháng 4,2018-04,2018Q2,15,6,1,0
2018-04-16,2018,2,Q2,4,Tháng 4,2018-04,2018Q2,16,0,0,0
2018-04-17,2018,2,Q2,4,Tháng 4,2018-04,2018Q2,16,1,0,0
2018-04-18,2018,2,Q2,4,Tháng 4,2018-04,2018Q2,16,2,0,0
2018-04-19,2018,2,Q2,4,Tháng 4,2018-04,2018Q2,16,3,0,0
2018-04-20,2018,2,Q2,4,Tháng 4,2018-04,2018Q2,16,4,0,0
2018-04-21,2018,2,Q2,4,Tháng 4,2018-04,2018Q2,16,5,1,0
2018-04-22,2018,2,Q2,4,Tháng 4,2018-04,2018Q2,16,6,1,0
2018-04-23,2018,2,Q2,4,Tháng 4,2018-04,2018Q2,17,0,0,0
2018-04-24,2018,2,Q2,4,Tháng 4,2018-04,2018Q2,17,1,0,0
2018-04-25,2018,2,Q2,4,Tháng 4,2018-04,2018Q2,17,2,0,0
2018-04-26,2018,2,Q2,4,Tháng 4,2018-04,2018Q2,17,3,0,0
2018-04-27,2018,2,Q2,4,Tháng 4,2018-04,2018Q2,17,4,0,0
2018-04-28,2018,2,Q2,4,Tháng 4,2018-04,2018Q2,17,5,1,0
2018-04-29,2018,2,Q2,4,Tháng 4,2018-04,2018Q2,17,6,1,0
2018-04-30,2018,2,Q2,4,Tháng 4,2018-04,2018Q2,18,0,0,1
2018-05-01,2018,2,Q2,5,Tháng 5,2018-05,2018Q2,18,1,0,0
2018-05-02,2018,2,Q2,5,Tháng 5,2018-05,2018Q2,18,2,0,0
2018-05-03,2018,2,Q2,5,Tháng 5,2018-05,2018Q2,18,3,0,0
2018-05-04,2018,2,Q2,5,Tháng 5,2018-05,2018Q2,18,4,0,0
2018-05-05,2018,2,Q2,5,Tháng 5,2018-05,2018Q2,18,5,1,0
2018-05-06,2018,2,Q2,5,Tháng 5,2018-05,2018Q2,18,6,1,0
2018-05-07,2018,2,Q2,5,Tháng 5,2018-05,2018Q2,19,0,0,0
2018-05-08,2018,2,Q2,5,Tháng 5,2018-05,2018Q2,19,1,0,0
2018-05-09,2018,2,Q2,5,Tháng 5,2018-05,2018Q2,19,2,0,0
2018-05-10,2018,2,Q2,5,Tháng 5,2018-05,2018Q2,19,3,0,0
2018-05-11,2018,2,Q2,5,Tháng 5,2018-05,2018Q2,19,4,0,0
2018-05-12,2018,2,Q2,5,Tháng 5,2018-05,2018Q2,19,5,1,0
2018-05-13,2018,2,Q2,5,Tháng 5,2018-05,2018Q2,19,6,1,0
2018-05-14,2018,2,Q2,5,Tháng 5,2018-05,2018Q2,20,0,0,0
2018-05-15,2018,2,Q2,5,Tháng 5,2018-05,2018Q2,20,1,0,0
2018-05-16,2018,2,Q2,5,Tháng 5,2018-05,2018Q2,20,2,0,0
2018-05-17,2018,2,Q2,5,Tháng 5,2018-05,2018Q2,20,3,0,0
2018-05-18,2018,2,Q2,5,Tháng 5,2018-05,2018Q2,20,4,0,0
2018-05-19,2018,2,Q2,5,Tháng 5,2018-05,2018Q2,20,5,1,0
2018-05-20,2018,2,Q2,5,Tháng 5,2018-05,2018Q2,20,6,1,0
2018-05-21,2018,2,Q2,5,Tháng 5,2018-05,2018Q2,21,0,0,0
2018-05-22,2018,2,Q2,5,Tháng 5,2018-05,2018Q2,21,1,0,0
2018-05-23,2018,2,Q2,5,Tháng 5,2018-05,2018Q2,21,2,0,0
2018-05-24,2018,2,Q2,5,Tháng 5,2018-05,2018Q2,21,3,0,0
2018-05-25,2018,2,Q2,5,Tháng 5,2018-05,2018Q2,21,4,0,0
2018-05-26,2018,2,Q2,5,Tháng 5,2018-05,2018Q2,21,5,1,0
2018-05-27,2018,2,Q2,5,Tháng 5,2018-05,2018Q2,21,6,1,0
2018-05-28,2018,2,Q2,5,Tháng 5,2018-05,2018Q2,22,0,0,0
2018-05-29,2018,2,Q2,5,Tháng 5,2018-05,2018Q2,22,1,0,0
2018-05-30,2018,2,Q2,5,Tháng 5,2018-05,2018Q2,22,2,0,0
2018-05-31,2018,2,Q2,5,Tháng 5,2018-05,2018Q2,22,3,0,1
2018-06-01,2018,2,Q2,6,Tháng 6,2018-06,2018Q2,22,4,0,0
2018-06-02,2018,2,Q2,6,Tháng 6,2018-06,2018Q2,22,5,1,0
2018-06-03,2018,2,Q2,6,Tháng 6,2018-06,2018Q2,22,6,1,0
2018-06-04,2018,2,Q2,6,Tháng 6,2018-06,2018Q2,23,0,0,0
2018-06-05,2018,2,Q2,6,Tháng 6,2018-06,2018Q2,23,1,0,0
2018-06-06,2018,2,Q2,6,Tháng 6,2018-06,2018Q2,23,2,0,0
2018-06-07,2018,2,Q2,6,Tháng 6,2018-06,2018Q2,23,3,0,0
2018-06-08,2018,2,Q2,6,Tháng 6,2018-06,2018Q2,23,4,0,0
2018-06-09,2018,2,Q2,6,Tháng 6,2018-06,2018Q2,23,5,1,0
2018-06-10,2018,2,Q2,6,Tháng 6,2018-06,2018Q2,23,6,1,0
2018-06-11,2018,2,Q2,6,Tháng 6,2018-06,2018Q2,24,0,0,0
2018-06-12,2018,2,Q2,6,Tháng 6,2018-06,2018Q2,24,1,0,0
2018-06-13,2018,2,Q2,6,Tháng 6,2018-06,2018Q2,24,2,0,0
2018-06-14,2018,2,Q2,6,Tháng 6,2018-06,2018Q2,24,3,0,0
2018-06-15,2018,2,Q2,6,Tháng 6,2018-06,2018Q2,24,4,0,0
2018-06-16,2018,2,Q2,6,Tháng 6,2018-06,2018Q2,24,5,1,0
2018-06-17,2018,2,Q2,6,Tháng 6,2018-06,2018Q2,24,6,1,0
2018-06-18,2018,2,Q2,6,Tháng 6,2018-06,2018Q2,25,0,0,0
2018-06-19,2018,2,Q2,6,Tháng 6,2018-06,2018Q2,25,1,0,0
2018-06-20,2018,2,Q2,6,Tháng 6,2018-06,2018Q2,25,2,0,0
2018-06-21,2018,2,Q2,6,Tháng 6,2018-06,2018Q2,25,3,0,0
2018-06-22,2018,2,Q2,6,Tháng 6,2018-06,2018Q2,25,4,0,0
2018-06-23,2018,2,Q2,6,Tháng 6,2018-06,2018Q2,25,5,1,0
2018-06-24,2018,2,Q2,6,Tháng 6,2018-06,2018Q2,25,6,1,0
2018-06-25,2018,2,Q2,6,Tháng 6,2018-06,2018Q2,26,0,0,0
2018-06-26,2018,2,Q2,6,Tháng 6,2018-06,2018Q2,26,1,0,0
2018-06-27,2018,2,Q2,6,Tháng 6,2018-06,2018Q2,26,2,0,0
2018-06-28,2018,2,Q2,6,Tháng 6,2018-06,2018Q2,26,3,0,0
2018-06-29,2018,2,Q2,6,Tháng 6,2018-06,2018Q2,26,4,0,0
2018-06-30,2018,2,Q2,6,Tháng 6,2018-06,2018Q2,26,5,1,1
2018-07-01,2018,3,Q3,7,Tháng 7,2018-07,2018Q3,26,6,1,0
2018-07-02,2018,3,Q3,7,Tháng 7,2018-07,2018Q3,27,0,0,0
2018-07-03,2018,3,Q3,7,Tháng 7,2018-07,2018Q3,27,1,0,0
2018-07-04,2018,3,Q3,7,Tháng 7,2018-07,2018Q3,27,2,0,0
2018-07-05,2018,3,Q3,7,Tháng 7,2018-07,2018Q3,27,3,0,0
2018-07-06,2018,3,Q3,7,Tháng 7,2018-07,2018Q3,27,4,0,0
2018-07-07,2018,3,Q3,7,Tháng 7,2018-07,2018Q3,27,5,1,0
2018-07-08,2018,3,Q3,7,Tháng 7,2018-07,2018Q3,27,6,1,0
2018-07-09,2018,3,Q3,7,Tháng 7,2018-07,2018Q3,28,0,0,0
2018-07-10,2018,3,Q3,7,Tháng 7,2018-07,2018Q3,28,1,0,0
2018-07-11,2018,3,Q3,7,Tháng 7,2018-07,2018Q3,28,2,0,0
2018-07-12,2018,3,Q3,7,Tháng 7,2018-07,2018Q3,28,3,0,0
2018-07-13,2018,3,Q3,7,Tháng 7,2018-07,2018Q3,28,4,0,0
2018-07-14,2018,3,Q3,7,Tháng 7,2018-07,2018Q3,28,5,1,0
2018-07-15,2018,3,Q3,7,Tháng 7,2018-07,2018Q3,28,6,1,0
2018-07-16,2018,3,Q3,7,Tháng 7,2018-07,2018Q3,29,0,0,0
2018-07-17,2018,3,Q3,7,Tháng 7,2018-07,2018Q3,29,1,0,0
2018-07-18,2018,3,Q3,7,Tháng 7,2018-07,2018Q3,29,2,0,0
2018-07-19,2018,3,Q3,7,Tháng 7,2018-07,2018Q3,29,3,0,0
2018-07-20,2018,3,Q3,7,Tháng 7,2018-07,2018Q3,29,4,0,0
2018-07-21,2018,3,Q3,7,Tháng 7,2018-07,2018Q3,29,5,1,0
2018-07-22,2018,3,Q3,7,Tháng 7,2018-07,2018Q3,29,6,1,0
2018-07-23,2018,3,Q3,7,Tháng 7,2018-07,2018Q3,30,0,0,0
2018-07-24,2018,3,Q3,7,Tháng 7,2018-07,2018Q3,30,1,0,0
2018-07-25,2018,3,Q3,7,Tháng 7,2018-07,2018Q3,30,2,0,0
2018-07-26,2018,3,Q3,7,Tháng 7,2018-07,2018Q3,30,3,0,0
2018-07-27,2018,3,Q3,7,Tháng 7,2018-07,2018Q3,30,4,0,0
2018-07-28,2018,3,Q3,7,Tháng 7,2018-07,2018Q3,30,5,1,0
2018-07-29,2018,3,Q3,7,Tháng 7,2018-07,2018Q3,30,6,1,0
2018-07-30,2018,3,Q3,7,Tháng 7,2018-07,2018Q3,31,0,0,0
2018-07-31,2018,3,Q3,7,Tháng 7,2018-07,2018Q3,31,1,0,1
2018-08-01,2018,3,Q3,8,Tháng 8,2018-08,2018Q3,31,2,0,0
2018-08-02,2018,3,Q3,8,Tháng 8,2018-08,2018Q3,31,3,0,0
2018-08-03,2018,3,Q3,8,Tháng 8,2018-08,2018Q3,31,4,0,0
2018-08-04,2018,3,Q3,8,Tháng 8,2018-08,2018Q3,31,5,1,0
2018-08-05,2018,3,Q3,8,Tháng 8,2018-08,2018Q3,31,6,1,0
2018-08-06,2018,3,Q3,8,Tháng 8,2018-08,2018Q3,32,0,0,0
2018-08-07,2018,3,Q3,8,Tháng 8,2018-08,2018Q3,32,1,0,0
2018-08-08,2018,3,Q3,8,Tháng 8,2018-08,2018Q3,32,2,0,0
2018-08-09,2018,3,Q3,8,Tháng 8,2018-08,2018Q3,32,3,0,0
2018-08-10,2018,3,Q3,8,Tháng 8,2018-08,2018Q3,32,4,0,0
2018-08-11,2018,3,Q3,8,Tháng 8,2018-08,2018Q3,32,5,1,0
2018-08-12,2018,3,Q3,8,Tháng 8,2018-08,2018Q3,32,6,1,0
2018-08-13,2018,3,Q3,8,Tháng 8,2018-08,2018Q3,33,0,0,0
2018-08-14,2018,3,Q3,8,Tháng 8,2018-08,2018Q3,33,1,0,0
2018-08-15,2018,3,Q3,8,Tháng 8,2018-08,2018Q3,33,2,0,0
2018-08-16,2018,3,Q3,8,Tháng 8,2018-08,2018Q3,33,3,0,0
2018-08-17,2018,3,Q3,8,Tháng 8,2018-08,2018Q3,33,4,0,0
2018-08-18,2018,3,Q3,8,Tháng 8,2018-08,2018Q3,33,5,1,0
2018-08-19,2018,3,Q3,8,Tháng 8,2018-08,2018Q3,33,6,1,0
2018-08-20,2018,3,Q3,8,Tháng 8,2018-08,2018Q3,34,0,0,0
2018-08-21,2018,3,Q3,8,Tháng 8,2018-08,2018Q3,34,1,0,0
2018-08-22,2018,3,Q3,8,Tháng 8,2018-08,2018Q3,34,2,0,0
2018-08-23,2018,3,Q3,8,Tháng 8,2018-08,2018Q3,34,3,0,0
2018-08-24,2018,3,Q3,8,Tháng 8,2018-08,2018Q3,34,4,0,0
2018-08-25,2018,3,Q3,8,Tháng 8,2018-08,2018Q3,34,5,1,0
2018-08-26,2018,3,Q3,8,Tháng 8,2018-08,2018Q3,34,6,1,0
2018-08-27,2018,3,Q3,8,Tháng 8,2018-08,2018Q3,35,0,0,0
2018-08-28,2018,3,Q3,8,Tháng 8,2018-08,2018Q3,35,1,0,0
2018-08-29,2018,3,Q3,8,Tháng 8,2018-08,2018Q3,35,2,0,0
2018-08-30,2018,3,Q3,8,Tháng 8,2018-08,2018Q3,35,3,0,0
2018-08-31,2018,3,Q3,8,Tháng 8,2018-08,2018Q3,35,4,0,1
2018-09-01,2018,3,Q3,9,Tháng 9,2018-09,2018Q3,35,5,1,0
2018-09-02,2018,3,Q3,9,Tháng 9,2018-09,2018Q3,35,6,1,0
2018-09-03,2018,3,Q3,9,Tháng 9,2018-09,2018Q3,36,0,0,0
2018-09-04,2018,3,Q3,9,Tháng 9,2018-09,2018Q3,36,1,0,0
2018-09-05,2018,3,Q3,9,Tháng 9,2018-09,2018Q3,36,2,0,0
2018-09-06,2018,3,Q3,9,Tháng 9,2018-09,2018Q3,36,3,0,0
2018-09-07,2018,3,Q3,9,Tháng 9,2018-09,2018Q3,36,4,0,0
2018-09-08,2018,3,Q3,9,Tháng 9,2018-09,2018Q3,36,5,1,0
2018-09-09,2018,3,Q3,9,Tháng 9,2018-09,2018Q3,36,6,1,0
2018-09-10,2018,3,Q3,9,Tháng 9,2018-09,2018Q3,37,0,0,0
2018-09-11,2018,3,Q3,9,Tháng 9,2018-09,2018Q3,37,1,0,0
2018-09-12,2018,3,Q3,9,Tháng 9,2018-09,2018Q3,37,2,0,0
2018-09-13,2018,3,Q3,9,Tháng 9,2018-09,2018Q3,37,3,0,0
2018-09-14,2018,3,Q3,9,Tháng 9,2018-09,2018Q3,37,4,0,0
2018-09-15,2018,3,Q3,9,Tháng 9,2018-09,2018Q3,37,5,1,0
2018-09-16,2018,3,Q3,9,Tháng 9,2018-09,2018Q3,37,6,1,0
2018-09-17,2018,3,Q3,9,Tháng 9,2018-09,2018Q3,38,0,0,0
2018-09-18,2018,3,Q3,9,Tháng 9,2018-09,2018Q3,38,1,0,0
2018-09-19,2018,3,Q3,9,Tháng 9,2018-09,2018Q3,38,2,0,0
2018-09-20,2018,3,Q3,9,Tháng 9,2018-09,2018Q3,38,3,0,0
2018-09-21,2018,3,Q3,9,Tháng 9,2018-09,2018Q3,38,4,0,0
2018-09-22,2018,3,Q3,9,Tháng 9,2018-09,2018Q3,38,5,1,0
2018-09-23,2018,3,Q3,9,Tháng 9,2018-09,2018Q3,38,6,1,0
2018-09-24,2018,3,Q3,9,Tháng 9,2018-09,2018Q3,39,0,0,0
2018-09-25,2018,3,Q3,9,Tháng 9,2018-09,2018Q3,39,1,0,0
2018-09-26,2018,3,Q3,9,Tháng 9,2018-09,2018Q3,39,2,0,0
2018-09-27,2018,3,Q3,9,Tháng 9,2018-09,2018Q3,39,3,0,0
2018-09-28,2018,3,Q3,9,Tháng 9,2018-09,2018Q3,39,4,0,0
2018-09-29,2018,3,Q3,9,Tháng 9,2018-09,2018Q3,39,5,1,0
2018-09-30,2018,3,Q3,9,Tháng 9,2018-09,2018Q3,39,6,1,1
2018-10-01,2018,4,Q4,10,Tháng 10,2018-10,2018Q4,40,0,0,0
2018-10-02,2018,4,Q4,10,Tháng 10,2018-10,2018Q4,40,1,0,0
2018-10-03,2018,4,Q4,10,Tháng 10,2018-10,2018Q4,40,2,0,0
2018-10-04,2018,4,Q4,10,Tháng 10,2018-10,2018Q4,40,3,0,0
2018-10-05,2018,4,Q4,10,Tháng 10,2018-10,2018Q4,40,4,0,0
2018-10-06,2018,4,Q4,10,Tháng 10,2018-10,2018Q4,40,5,1,0
2018-10-07,2018,4,Q4,10,Tháng 10,2018-10,2018Q4,40,6,1,0
2018-10-08,2018,4,Q4,10,Tháng 10,2018-10,2018Q4,41,0,0,0
2018-10-09,2018,4,Q4,10,Tháng 10,2018-10,2018Q4,41,1,0,0
2018-10-10,2018,4,Q4,10,Tháng 10,2018-10,2018Q4,41,2,0,0
2018-10-11,2018,4,Q4,10,Tháng 10,2018-10,2018Q4,41,3,0,0
2018-10-12,2018,4,Q4,10,Tháng 10,2018-10,2018Q4,41,4,0,0
2018-10-13,2018,4,Q4,10,Tháng 10,2018-10,2018Q4,41,5,1,0
2018-10-14,2018,4,Q4,10,Tháng 10,2018-10,2018Q4,41,6,1,0
2018-10-15,2018,4,Q4,10,Tháng 10,2018-10,2018Q4,42,0,0,0
2018-10-16,2018,4,Q4,10,Tháng 10,2018-10,2018Q4,42,1,0,0
2018-10-17,2018,4,Q4,10,Tháng 10,2018-10,2018Q4,42,2,0,0
2018-10-18,2018,4,Q4,10,Tháng 10,2018-10,2018Q4,42,3,0,0
2018-10-19,2018,4,Q4,10,Tháng 10,2018-10,2018Q4,42,4,0,0
2018-10-20,2018,4,Q4,10,Tháng 10,2018-10,2018Q4,42,5,1,0
2018-10-21,2018,4,Q4,10,Tháng 10,2018-10,2018Q4,42,6,1,0
2018-10-22,2018,4,Q4,10,Tháng 10,2018-10,2018Q4,43,0,0,0
2018-10-23,2018,4,Q4,10,Tháng 10,2018-10,2018Q4,43,1,0,0
2018-10-24,2018,4,Q4,10,Tháng 10,2018-10,2018Q4,43,2,0,0
2018-10-25,2018,4,Q4,10,Tháng 10,2018-10,2018Q4,43,3,0,0
2018-10-26,2018,4,Q4,10,Tháng 10,2018-10,2018Q4,43,4,0,0
2018-10-27,2018,4,Q4,10,Tháng 10,2018-10,2018Q4,43,5,1,0
2018-10-28,2018,4,Q4,10,Tháng 10,2018-10,2018Q4,43,6,1,0
2018-10-29,2018,4,Q4,10,Tháng 10,2018-10,2018Q4,44,0,0,0
2018-10-30,2018,4,Q4,10,Tháng 10,2018-10,2018Q4,44,1,0,0
2018-10-31,2018,4,Q4,10,Tháng 10,2018-10,2018Q4,44,2,0,1
2018-11-01,2018,4,Q4,11,Tháng 11,2018-11,2018Q4,44,3,0,0
2018-11-02,2018,4,Q4,11,Tháng 11,2018-11,2018Q4,44,4,0,0
2018-11-03,2018,4,Q4,11,Tháng 11,2018-11,2018Q4,44,5,1,0
2018-11-04,2018,4,Q4,11,Tháng 11,2018-11,2018Q4,44,6,1,0
2018-11-05,2018,4,Q4,11,Tháng 11,2018-11,2018Q4,45,0,0,0
2018-11-06,2018,4,Q4,11,Tháng 11,2018-11,2018Q4,45,1,0,0
2018-11-07,2018,4,Q4,11,Tháng 11,2018-11,2018Q4,45,2,0,0
2018-11-08,2018,4,Q4,11,Tháng 11,2018-11,2018Q4,45,3,0,0
2018-11-09,2018,4,Q4,11,Tháng 11,2018-11,2018Q4,45,4,0,0
2018-11-10,2018,4,Q4,11,Tháng 11,2018-11,2018Q4,45,5,1,0
2018-11-11,2018,4,Q4,11,Tháng 11,2018-11,2018Q4,45,6,1,0
2018-11-12,2018,4,Q4,11,Tháng 11,2018-11,2018Q4,46,0,0,0
2018-11-13,2018,4,Q4,11,Tháng 11,2018-11,2018Q4,46,1,0,0
2018-11-14,2018,4,Q4,11,Tháng 11,2018-11,2018Q4,46,2,0,0
2018-11-15,2018,4,Q4,11,Tháng 11,2018-11,2018Q4,46,3,0,0
2018-11-16,2018,4,Q4,11,Tháng 11,2018-11,2018Q4,46,4,0,0
2018-11-17,2018,4,Q4,11,Tháng 11,2018-11,2018Q4,46,5,1,0
2018-11-18,2018,4,Q4,11,Tháng 11,2018-11,2018Q4,46,6,1,0
2018-11-19,2018,4,Q4,11,Tháng 11,2018-11,2018Q4,47,0,0,0
2018-11-20,2018,4,Q4,11,Tháng 11,2018-11,2018Q4,47,1,0,0
2018-11-21,2018,4,Q4,11,Tháng 11,2018-11,2018Q4,47,2,0,0
2018-11-22,2018,4,Q4,11,Tháng 11,2018-11,2018Q4,47,3,0,0
2018-11-23,2018,4,Q4,11,Tháng 11,2018-11,2018Q4,47,4,0,0
2018-11-24,2018,4,Q4,11,Tháng 11,2018-11,2018Q4,47,5,1,0
2018-11-25,2018,4,Q4,11,Tháng 11,2018-11,2018Q4,47,6,1,0
2018-11-26,2018,4,Q4,11,Tháng 11,2018-11,2018Q4,48,0,0,0
2018-11-27,2018,4,Q4,11,Tháng 11,2018-11,2018Q4,48,1,0,0
2018-11-28,2018,4,Q4,11,Tháng 11,2018-11,2018Q4,48,2,0,0
2018-11-29,2018,4,Q4,11,Tháng 11,2018-11,2018Q4,48,3,0,0
2018-11-30,2018,4,Q4,11,Tháng 11,2018-11,2018Q4,48,4,0,1
2018-12-01,2018,4,Q4,12,Tháng 12,2018-12,2018Q4,48,5,1,0
2018-12-02,2018,4,Q4,12,Tháng 12,2018-12,2018Q4,48,6,1,0
2018-12-03,2018,4,Q4,12,Tháng 12,2018-12,2018Q4,49,0,0,0
2018-12-04,2018,4,Q4,12,Tháng 12,2018-12,2018Q4,49,1,0,0
2018-12-05,2018,4,Q4,12,Tháng 12,2018-12,2018Q4,49,2,0,0
2018-12-06,2018,4,Q4,12,Tháng 12,2018-12,2018Q4,49,3,0,0
2018-12-07,2018,4,Q4,12,Tháng 12,2018-12,2018Q4,49,4,0,0
2018-12-08,2018,4,Q4,12,Tháng 12,2018-12,2018Q4,49,5,1,0
2018-12-09,2018,4,Q4,12,Tháng 12,2018-12,2018Q4,49,6,1,0
2018-12-10,2018,4,Q4,12,Tháng 12,2018-12,2018Q4,50,0,0,0
2018-12-11,2018,4,Q4,12,Tháng 12,2018-12,2018Q4,50,1,0,0
2018-12-12,2018,4,Q4,12,Tháng 12,2018-12,2018Q4,50,2,0,0
2018-12-13,2018,4,Q4,12,Tháng 12,2018-12,2018Q4,50,3,0,0
2018-12-14,2018,4,Q4,12,Tháng 12,2018-12,2018Q4,50,4,0,0
2018-12-15,2018,4,Q4,12,Tháng 12,2018-12,2018Q4,50,5,1,0
2018-12-16,2018,4,Q4,12,Tháng 12,2018-12,2018Q4,50,6,1,0
2018-12-17,2018,4,Q4,12,Tháng 12,2018-12,2018Q4,51,0,0,0
2018-12-18,2018,4,Q4,12,Tháng 12,2018-12,2018Q4,51,1,0,0
2018-12-19,2018,4,Q4,12,Tháng 12,2018-12,2018Q4,51,2,0,0
2018-12-20,2018,4,Q4,12,Tháng 12,2018-12,2018Q4,51,3,0,0
2018-12-21,2018,4,Q4,12,Tháng 12,2018-12,2018Q4,51,4,0,0
2018-12-22,2018,4,Q4,12,Tháng 12,2018-12,2018Q4,51,5,1,0
2018-12-23,2018,4,Q4,12,Tháng 12,2018-12,2018Q4,51,6,1,0
2018-12-24,2018,4,Q4,12,Tháng 12,2018-12,2018Q4,52,0,0,0
2018-12-25,2018,4,Q4,12,Tháng 12,2018-12,2018Q4,52,1,0,0
2018-12-26,2018,4,Q4,12,Tháng 12,2018-12,2018Q4,52,2,0,0
2018-12-27,2018,4,Q4,12,Tháng 12,2018-12,2018Q4,52,3,0,0
2018-12-28,2018,4,Q4,12,Tháng 12,2018-12,2018Q4,52,4,0,0
2018-12-29,2018,4,Q4,12,Tháng 12,2018-12,2018Q4,52,5,1,0
2018-12-30,2018,4,Q4,12,Tháng 12,2018-12,2018Q4,52,6,1,0
2018-12-31,2018,4,Q4,12,Tháng 12,2018-12,2018Q4,1,0,0,1
2019-01-01,2019,1,Q1,1,Tháng 1,2019-01,2019Q1,1,1,0,0
2019-01-02,2019,1,Q1,1,Tháng 1,2019-01,2019Q1,1,2,0,0
2019-01-03,2019,1,Q1,1,Tháng 1,2019-01,2019Q1,1,3,0,0
2019-01-04,2019,1,Q1,1,Tháng 1,2019-01,2019Q1,1,4,0,0
2019-01-05,2019,1,Q1,1,Tháng 1,2019-01,2019Q1,1,5,1,0
2019-01-06,2019,1,Q1,1,Tháng 1,2019-01,2019Q1,1,6,1,0
2019-01-07,2019,1,Q1,1,Tháng 1,2019-01,2019Q1,2,0,0,0
2019-01-08,2019,1,Q1,1,Tháng 1,2019-01,2019Q1,2,1,0,0
2019-01-09,2019,1,Q1,1,Tháng 1,2019-01,2019Q1,2,2,0,0
2019-01-10,2019,1,Q1,1,Tháng 1,2019-01,2019Q1,2,3,0,0
2019-01-11,2019,1,Q1,1,Tháng 1,2019-01,2019Q1,2,4,0,0
2019-01-12,2019,1,Q1,1,Tháng 1,2019-01,2019Q1,2,5,1,0
2019-01-13,2019,1,Q1,1,Tháng 1,2019-01,2019Q1,2,6,1,0
2019-01-14,2019,1,Q1,1,Tháng 1,2019-01,2019Q1,3,0,0,0
2019-01-15,2019,1,Q1,1,Tháng 1,2019-01,2019Q1,3,1,0,0
2019-01-16,2019,1,Q1,1,Tháng 1,2019-01,2019Q1,3,2,0,0
2019-01-17,2019,1,Q1,1,Tháng 1,2019-01,2019Q1,3,3,0,0
2019-01-18,2019,1,Q1,1,Tháng 1,2019-01,2019Q1,3,4,0,0
2019-01-19,2019,1,Q1,1,Tháng 1,2019-01,2019Q1,3,5,1,0
2019-01-20,2019,1,Q1,1,Tháng 1,2019-01,2019Q1,3,6,1,0
2019-01-21,2019,1,Q1,1,Tháng 1,2019-01,2019Q1,4,0,0,0
2019-01-22,2019,1,Q1,1,Tháng 1,2019-01,2019Q1,4,1,0,0
2019-01-23,2019,1,Q1,1,Tháng 1,2019-01,2019Q1,4,2,0,0
2019-01-24,2019,1,Q1,1,Tháng 1,2019-01,2019Q1,4,3,0,0
2019-01-25,2019,1,Q1,1,Tháng 1,2019-01,2019Q1,4,4,0,0
2019-01-26,2019,1,Q1,1,Tháng 1,2019-01,2019Q1,4,5,1,0
2019-01-27,2019,1,Q1,1,Tháng 1,2019-01,2019Q1,4,6,1,0
2019-01-28,2019,1,Q1,1,Tháng 1,2019-01,2019Q1,5,0,0,0
2019-01-29,2019,1,Q1,1,Tháng 1,2019-01,2019Q1,5,1,0,0
2019-01-30,2019,1,Q1,1,Tháng 1,2019-01,2019Q1,5,2,0,0
2019-01-31,2019,1,Q1,1,Tháng 1,2019-01,2019Q1,5,3,0,1
2019-02-01,2019,1,Q1,2,Tháng 2,2019-02,2019Q1,5,4,0,0
2019-02-02,2019,1,Q1,2,Tháng 2,2019-02,2019Q1,5,5,1,0
2019-02-03,2019,1,Q1,2,Tháng 2,2019-02,2019Q1,5,6,1,0
2019-02-04,2019,1,Q1,2,Tháng 2,2019-02,2019Q1,6,0,0,0
2019-02-05,2019,1,Q1,2,Tháng 2,2019-02,2019Q1,6,1,0,0
2019-02-06,2019,1,Q1,2,Tháng 2,2019-02,2019Q1,6,2,0,0
2019-02-07,2019,1,Q1,2,Tháng 2,2019-02,2019Q1,6,3,0,0
2019-02-08,2019,1,Q1,2,Tháng 2,2019-02,2019Q1,6,4,0,0
2019-02-09,2019,1,Q1,2,Tháng 2,2019-02,2019Q1,6,5,1,0
2019-02-10,2019,1,Q1,2,Tháng 2,2019-02,2019Q1,6,6,1,0
2019-02-11,2019,1,Q1,2,Tháng 2,2019-02,2019Q1,7,0,0,0
2019-02-12,2019,1,Q1,2,Tháng 2,2019-02,2019Q1,7,1,0,0
2019-02-13,2019,1,Q1,2,Tháng 2,2019-02,2019Q1,7,2,0,0
2019-02-14,2019,1,Q1,2,Tháng 2,2019-02,2019Q1,7,3,0,0
2019-02-15,2019,1,Q1,2,Tháng 2,2019-02,2019Q1,7,4,0,0
2019-02-16,2019,1,Q1,2,Tháng 2,2019-02,2019Q1,7,5,1,0
2019-02-17,2019,1,Q1,2,Tháng 2,2019-02,2019Q1,7,6,1,0
2019-02-18,2019,1,Q1,2,Tháng 2,2019-02,2019Q1,8,0,0,0
2019-02-19,2019,1,Q1,2,Tháng 2,2019-02,2019Q1,8,1,0,0
2019-02-20,2019,1,Q1,2,Tháng 2,2019-02,2019Q1,8,2,0,0
2019-02-21,2019,1,Q1,2,Tháng 2,2019-02,2019Q1,8,3,0,0
2019-02-22,2019,1,Q1,2,Tháng 2,2019-02,2019Q1,8,4,0,0
2019-02-23,2019,1,Q1,2,Tháng 2,2019-02,2019Q1,8,5,1,0
2019-02-24,2019,1,Q1,2,Tháng 2,2019-02,2019Q1,8,6,1,0
2019-02-25,2019,1,Q1,2,Tháng 2,2019-02,2019Q1,9,0,0,0
2019-02-26,2019,1,Q1,2,Tháng 2,2019-02,2019Q1,9,1,0,0
2019-02-27,2019,1,Q1,2,Tháng 2,2019-02,2019Q1,9,2,0,0
2019-02-28,2019,1,Q1,2,Tháng 2,2019-02,2019Q1,9,3,0,1
2019-03-01,2019,1,Q1,3,Tháng 3,2019-03,2019Q1,9,4,0,0
2019-03-02,2019,1,Q1,3,Tháng 3,2019-03,2019Q1,9,5,1,0
2019-03-03,2019,1,Q1,3,Tháng 3,2019-03,2019Q1,9,6,1,0
2019-03-04,2019,1,Q1,3,Tháng 3,2019-03,2019Q1,10,0,0,0
2019-03-05,2019,1,Q1,3,Tháng 3,2019-03,2019Q1,10,1,0,0
2019-03-06,2019,1,Q1,3,Tháng 3,2019-03,2019Q1,10,2,0,0
2019-03-07,2019,1,Q1,3,Tháng 3,2019-03,2019Q1,10,3,0,0
2019-03-08,2019,1,Q1,3,Tháng 3,2019-03,2019Q1,10,4,0,0
2019-03-09,2019,1,Q1,3,Tháng 3,2019-03,2019Q1,10,5,1,0
2019-03-10,2019,1,Q1,3,Tháng 3,2019-03,2019Q1,10,6,1,0
2019-03-11,2019,1,Q1,3,Tháng 3,2019-03,2019Q1,11,0,0,0
2019-03-12,2019,1,Q1,3,Tháng 3,2019-03,2019Q1,11,1,0,0
2019-03-13,2019,1,Q1,3,Tháng 3,2019-03,2019Q1,11,2,0,0
2019-03-14,2019,1,Q1,3,Tháng 3,2019-03,2019Q1,11,3,0,0
2019-03-15,2019,1,Q1,3,Tháng 3,2019-03,2019Q1,11,4,0,0
2019-03-16,2019,1,Q1,3,Tháng 3,2019-03,2019Q1,11,5,1,0
2019-03-17,2019,1,Q1,3,Tháng 3,2019-03,2019Q1,11,6,1,0
2019-03-18,2019,1,Q1,3,Tháng 3,2019-03,2019Q1,12,0,0,0
2019-03-19,2019,1,Q1,3,Tháng 3,2019-03,2019Q1,12,1,0,0
2019-03-20,2019,1,Q1,3,Tháng 3,2019-03,2019Q1,12,2,0,0
2019-03-21,2019,1,Q1,3,Tháng 3,2019-03,2019Q1,12,3,0,0
2019-03-22,2019,1,Q1,3,Tháng 3,2019-03,2019Q1,12,4,0,0
2019-03-23,2019,1,Q1,3,Tháng 3,2019-03,2019Q1,12,5,1,0
2019-03-24,2019,1,Q1,3,Tháng 3,2019-03,2019Q1,12,6,1,0
2019-03-25,2019,1,Q1,3,Tháng 3,2019-03,2019Q1,13,0,0,0
2019-03-26,2019,1,Q1,3,Tháng 3,2019-03,2019Q1,13,1,0,0
2019-03-27,2019,1,Q1,3,Tháng 3,2019-03,2019Q1,13,2,0,0
2019-03-28,2019,1,Q1,3,Tháng 3,2019-03,2019Q1,13,3,0,0
2019-03-29,2019,1,Q1,3,Tháng 3,2019-03,2019Q1,13,4,0,0
2019-03-30,2019,1,Q1,3,Tháng 3,2019-03,2019Q1,13,5,1,0
2019-03-31,2019,1,Q1,3,Tháng 3,2019-03,2019Q1,13,6,1,1
2019-04-01,2019,2,Q2,4,Tháng 4,2019-04,2019Q2,14,0,0,0
2019-04-02,2019,2,Q2,4,Tháng 4,2019-04,2019Q2,14,1,0,0
2019-04-03,2019,2,Q2,4,Tháng 4,2019-04,2019Q2,14,2,0,0
2019-04-04,2019,2,Q2,4,Tháng 4,2019-04,2019Q2,14,3,0,0
2019-04-05,2019,2,Q2,4,Tháng 4,2019-04,2019Q2,14,4,0,0
2019-04-06,2019,2,Q2,4,Tháng 4,2019-04,2019Q2,14,5,1,0
2019-04-07,2019,2,Q2,4,Tháng 4,2019-04,2019Q2,14,6,1,0
2019-04-08,2019,2,Q2,4,Tháng 4,2019-04,2019Q2,15,0,0,0
2019-04-09,2019,2,Q2,4,Tháng 4,2019-04,2019Q2,15,1,0,0
2019-04-10,2019,2,Q2,4,Tháng 4,2019-04,2019Q2,15,2,0,0
2019-04-11,2019,2,Q2,4,Tháng 4,2019-04,2019Q2,15,3,0,0
2019-04-12,2019,2,Q2,4,Tháng 4,2019-04,2019Q2,15,4,0,0
2019-04-13,2019,2,Q2,4,Tháng 4,2019-04,2019Q2,15,5,1,0
2019-04-14,2019,2,Q2,4,Tháng 4,2019-04,2019Q2,15,6,1,0
2019-04-15,2019,2,Q2,4,Tháng 4,2019-04,2019Q2,16,0,0,0
2019-04-16,2019,2,Q2,4,Tháng 4,2019-04,2019Q2,16,1,0,0
2019-04-17,2019,2,Q2,4,Tháng 4,2019-04,2019Q2,16,2,0,0
2019-04-18,2019,2,Q2,4,Tháng 4,2019-04,2019Q2,16,3,0,0
2019-04-19,2019,2,Q2,4,Tháng 4,2019-04,2019Q2,16,4,0,0
2019-04-20,2019,2,Q2,4,Tháng 4,2019-04,2019Q2,16,5,1,0
2019-04-21,2019,2,Q2,4,Tháng 4,2019-04,2019Q2,16,6,1,0
2019-04-22,2019,2,Q2,4,Tháng 4,2019-04,2019Q2,17,0,0,0
2019-04-23,2019,2,Q2,4,Tháng 4,2019-04,2019Q2,17,1,0,0
2019-04-24,2019,2,Q2,4,Tháng 4,2019-04,2019Q2,17,2,0,0
2019-04-25,2019,2,Q2,4,Tháng 4,2019-04,2019Q2,17,3,0,0
2019-04-26,2019,2,Q2,4,Tháng 4,2019-04,2019Q2,17,4,0,0
2019-04-27,2019,2,Q2,4,Tháng 4,2019-04,2019Q2,17,5,1,0
2019-04-28,2019,2,Q2,4,Tháng 4,2019-04,2019Q2,17,6,1,0
2019-04-29,2019,2,Q2,4,Tháng 4,2019-04,2019Q2,18,0,0,0
2019-04-30,2019,2,Q2,4,Tháng 4,2019-04,2019Q2,18,1,0,1
2019-05-01,2019,2,Q2,5,Tháng 5,2019-05,2019Q2,18,2,0,0
2019-05-02,2019,2,Q2,5,Tháng 5,2019-05,2019Q2,18,3,0,0
2019-05-03,2019,2,Q2,5,Tháng 5,2019-05,2019Q2,18,4,0,0
2019-05-04,2019,2,Q2,5,Tháng 5,2019-05,2019Q2,18,5,1,0
2019-05-05,2019,2,Q2,5,Tháng 5,2019-05,2019Q2,18,6,1,0
2019-05-06,2019,2,Q2,5,Tháng 5,2019-05,2019Q2,19,0,0,0
2019-05-07,2019,2,Q2,5,Tháng 5,2019-05,2019Q2,19,1,0,0
2019-05-08,2019,2,Q2,5,Tháng 5,2019-05,2019Q2,19,2,0,0
2019-05-09,2019,2,Q2,5,Tháng 5,2019-05,2019Q2,19,3,0,0
2019-05-10,2019,2,Q2,5,Tháng 5,2019-05,2019Q2,19,4,0,0
2019-05-11,2019,2,Q2,5,Tháng 5,2019-05,2019Q2,19,5,1,0
2019-05-12,2019,2,Q2,5,Tháng 5,2019-05,2019Q2,19,6,1,0
2019-05-13,2019,2,Q2,5,Tháng 5,2019-05,2019Q2,20,0,0,0
2019-05-14,2019,2,Q2,5,Tháng 5,2019-05,2019Q2,20,1,0,0
2019-05-15,2019,2,Q2,5,Tháng 5,2019-05,2019Q2,20,2,0,0
2019-05-16,2019,2,Q2,5,Tháng 5,2019-05,2019Q2,20,3,0,0
2019-05-17,2019,2,Q2,5,Tháng 5,2019-05,2019Q2,20,4,0,0
2019-05-18,2019,2,Q2,5,Tháng 5,2019-05,2019Q2,20,5,1,0
2019-05-19,2019,2,Q2,5,Tháng 5,2019-05,2019Q2,20,6,1,0
2019-05-20,2019,2,Q2,5,Tháng 5,2019-05,2019Q2,21,0,0,0
2019-05-21,2019,2,Q2,5,Tháng 5,2019-05,2019Q2,21,1,0,0
2019-05-22,2019,2,Q2,5,Tháng 5,2019-05,2019Q2,21,2,0,0
2019-05-23,2019,2,Q2,5,Tháng 5,2019-05,2019Q2,21,3,0,0
2019-05-24,2019,2,Q2,5,Tháng 5,2019-05,2019Q2,21,4,0,0
2019-05-25,2019,2,Q2,5,Tháng 5,2019-05,2019Q2,21,5,1,0
2019-05-26,2019,2,Q2,5,Tháng 5,2019-05,2019Q2,21,6,1,0
2019-05-27,2019,2,Q2,5,Tháng 5,2019-05,2019Q2,22,0,0,0
2019-05-28,2019,2,Q2,5,Tháng 5,2019-05,2019Q2,22,1,0,0
2019-05-29,2019,2,Q2,5,Tháng 5,2019-05,2019Q2,22,2,0,0
2019-05-30,2019,2,Q2,5,Tháng 5,2019-05,2019Q2,22,3,0,0
2019-05-31,2019,2,Q2,5,Tháng 5,2019-05,2019Q2,22,4,0,1
2019-06-01,2019,2,Q2,6,Tháng 6,2019-06,2019Q2,22,5,1,0
2019-06-02,2019,2,Q2,6,Tháng 6,2019-06,2019Q2,22,6,1,0
2019-06-03,2019,2,Q2,6,Tháng 6,2019-06,2019Q2,23,0,0,0
2019-06-04,2019,2,Q2,6,Tháng 6,2019-06,2019Q2,23,1,0,0
2019-06-05,2019,2,Q2,6,Tháng 6,2019-06,2019Q2,23,2,0,0
2019-06-06,2019,2,Q2,6,Tháng 6,2019-06,2019Q2,23,3,0,0
2019-06-07,2019,2,Q2,6,Tháng 6,2019-06,2019Q2,23,4,0,0
2019-06-08,2019,2,Q2,6,Tháng 6,2019-06,2019Q2,23,5,1,0
2019-06-09,2019,2,Q2,6,Tháng 6,2019-06,2019Q2,23,6,1,0
2019-06-10,2019,2,Q2,6,Tháng 6,2019-06,2019Q2,24,0,0,0
2019-06-11,2019,2,Q2,6,Tháng 6,2019-06,2019Q2,24,1,0,0
2019-06-12,2019,2,Q2,6,Tháng 6,2019-06,2019Q2,24,2,0,0
2019-06-13,2019,2,Q2,6,Tháng 6,2019-06,2019Q2,24,3,0,0
2019-06-14,2019,2,Q2,6,Tháng 6,2019-06,2019Q2,24,4,0,0
2019-06-15,2019,2,Q2,6,Tháng 6,2019-06,2019Q2,24,5,1,0
2019-06-16,2019,2,Q2,6,Tháng 6,2019-06,2019Q2,24,6,1,0
2019-06-17,2019,2,Q2,6,Tháng 6,2019-06,2019Q2,25,0,0,0
2019-06-18,2019,2,Q2,6,Tháng 6,2019-06,2019Q2,25,1,0,0
2019-06-19,2019,2,Q2,6,Tháng 6,2019-06,2019Q2,25,2,0,0
2019-06-20,2019,2,Q2,6,Tháng 6,2019-06,2019Q2,25,3,0,0
2019-06-21,2019,2,Q2,6,Tháng 6,2019-06,2019Q2,25,4,0,0
2019-06-22,2019,2,Q2,6,Tháng 6,2019-06,2019Q2,25,5,1,0
2019-06-23,2019,2,Q2,6,Tháng 6,2019-06,2019Q2,25,6,1,0
2019-06-24,2019,2,Q2,6,Tháng 6,2019-06,2019Q2,26,0,0,0
2019-06-25,2019,2,Q2,6,Tháng 6,2019-06,2019Q2,26,1,0,0
2019-06-26,2019,2,Q2,6,Tháng 6,2019-06,2019Q2,26,2,0,0
2019-06-27,2019,2,Q2,6,Tháng 6,2019-06,2019Q2,26,3,0,0
2019-06-28,2019,2,Q2,6,Tháng 6,2019-06,2019Q2,26,4,0,0
2019-06-29,2019,2,Q2,6,Tháng 6,2019-06,2019Q2,26,5,1,0
2019-06-30,2019,2,Q2,6,Tháng 6,2019-06,2019Q2,26,6,1,1
2019-07-01,2019,3,Q3,7,Tháng 7,2019-07,2019Q3,27,0,0,0
2019-07-02,2019,3,Q3,7,Tháng 7,2019-07,2019Q3,27,1,0,0
2019-07-03,2019,3,Q3,7,Tháng 7,2019-07,2019Q3,27,2,0,0
2019-07-04,2019,3,Q3,7,Tháng 7,2019-07,2019Q3,27,3,0,0
2019-07-05,2019,3,Q3,7,Tháng 7,2019-07,2019Q3,27,4,0,0
2019-07-06,2019,3,Q3,7,Tháng 7,2019-07,2019Q3,27,5,1,0
2019-07-07,2019,3,Q3,7,Tháng 7,2019-07,2019Q3,27,6,1,0
2019-07-08,2019,3,Q3,7,Tháng 7,2019-07,2019Q3,28,0,0,0
2019-07-09,2019,3,Q3,7,Tháng 7,2019-07,2019Q3,28,1,0,0
2019-07-10,2019,3,Q3,7,Tháng 7,2019-07,2019Q3,28,2,0,0
2019-07-11,2019,3,Q3,7,Tháng 7,2019-07,2019Q3,28,3,0,0
2019-07-12,2019,3,Q3,7,Tháng 7,2019-07,2019Q3,28,4,0,0
2019-07-13,2019,3,Q3,7,Tháng 7,2019-07,2019Q3,28,5,1,0
2019-07-14,2019,3,Q3,7,Tháng 7,2019-07,2019Q3,28,6,1,0
2019-07-15,2019,3,Q3,7,Tháng 7,2019-07,2019Q3,29,0,0,0
2019-07-16,2019,3,Q3,7,Tháng 7,2019-07,2019Q3,29,1,0,0
2019-07-17,2019,3,Q3,7,Tháng 7,2019-07,2019Q3,29,2,0,0
2019-07-18,2019,3,Q3,7,Tháng 7,2019-07,2019Q3,29,3,0,0
2019-07-19,2019,3,Q3,7,Tháng 7,2019-07,2019Q3,29,4,0,0
2019-07-20,2019,3,Q3,7,Tháng 7,2019-07,2019Q3,29,5,1,0
2019-07-21,2019,3,Q3,7,Tháng 7,2019-07,2019Q3,29,6,1,0
2019-07-22,2019,3,Q3,7,Tháng 7,2019-07,2019Q3,30,0,0,0
2019-07-23,2019,3,Q3,7,Tháng 7,2019-07,2019Q3,30,1,0,0
2019-07-24,2019,3,Q3,7,Tháng 7,2019-07,2019Q3,30,2,0,0
2019-07-25,2019,3,Q3,7,Tháng 7,2019-07,2019Q3,30,3,0,0
2019-07-26,2019,3,Q3,7,Tháng 7,2019-07,2019Q3,30,4,0,0
2019-07-27,2019,3,Q3,7,Tháng 7,2019-07,2019Q3,30,5,1,0
2019-07-28,2019,3,Q3,7,Tháng 7,2019-07,2019Q3,30,6,1,0
2019-07-29,2019,3,Q3,7,Tháng 7,2019-07,2019Q3,31,0,0,0
2019-07-30,2019,3,Q3,7,Tháng 7,2019-07,2019Q3,31,1,0,0
2019-07-31,2019,3,Q3,7,Tháng 7,2019-07,2019Q3,31,2,0,1
2019-08-01,2019,3,Q3,8,Tháng 8,2019-08,2019Q3,31,3,0,0
2019-08-02,2019,3,Q3,8,Tháng 8,2019-08,2019Q3,31,4,0,0
2019-08-03,2019,3,Q3,8,Tháng 8,2019-08,2019Q3,31,5,1,0
2019-08-04,2019,3,Q3,8,Tháng 8,2019-08,2019Q3,31,6,1,0
2019-08-05,2019,3,Q3,8,Tháng 8,2019-08,2019Q3,32,0,0,0
2019-08-06,2019,3,Q3,8,Tháng 8,2019-08,2019Q3,32,1,0,0
2019-08-07,2019,3,Q3,8,Tháng 8,2019-08,2019Q3,32,2,0,0
2019-08-08,2019,3,Q3,8,Tháng 8,2019-08,2019Q3,32,3,0,0
2019-08-09,2019,3,Q3,8,Tháng 8,2019-08,2019Q3,32,4,0,0
2019-08-10,2019,3,Q3,8,Tháng 8,2019-08,2019Q3,32,5,1,0
2019-08-11,2019,3,Q3,8,Tháng 8,2019-08,2019Q3,32,6,1,0
2019-08-12,2019,3,Q3,8,Tháng 8,2019-08,2019Q3,33,0,0,0
2019-08-13,2019,3,Q3,8,Tháng 8,2019-08,2019Q3,33,1,0,0
2019-08-14,2019,3,Q3,8,Tháng 8,2019-08,2019Q3,33,2,0,0
2019-08-15,2019,3,Q3,8,Tháng 8,2019-08,2019Q3,33,3,0,0
2019-08-16,2019,3,Q3,8,Tháng 8,2019-08,2019Q3,33,4,0,0
2019-08-17,2019,3,Q3,8,Tháng 8,2019-08,2019Q3,33,5,1,0
2019-08-18,2019,3,Q3,8,Tháng 8,2019-08,2019Q3,33,6,1,0
2019-08-19,2019,3,Q3,8,Tháng 8,2019-08,2019Q3,34,0,0,0
2019-08-20,2019,3,Q3,8,Tháng 8,2019-08,2019Q3,34,1,0,0
2019-08-21,2019,3,Q3,8,Tháng 8,2019-08,2019Q3,34,2,0,0
2019-08-22,2019,3,Q3,8,Tháng 8,2019-08,2019Q3,34,3,0,0
2019-08-23,2019,3,Q3,8,Tháng 8,2019-08,2019Q3,34,4,0,0
2019-08-24,2019,3,Q3,8,Tháng 8,2019-08,2019Q3,34,5,1,0
2019-08-25,2019,3,Q3,8,Tháng 8,2019-08,2019Q3,34,6,1,0
2019-08-26,2019,3,Q3,8,Tháng 8,2019-08,2019Q3,35,0,0,0
2019-08-27,2019,3,Q3,8,Tháng 8,2019-08,2019Q3,35,1,0,0
2019-08-28,2019,3,Q3,8,Tháng 8,2019-08,2019Q3,35,2,0,0
2019-08-29,2019,3,Q3,8,Tháng 8,2019-08,2019Q3,35,3,0,0
2019-08-30,2019,3,Q3,8,Tháng 8,2019-08,2019Q3,35,4,0,0
2019-08-31,2019,3,Q3,8,Tháng 8,2019-08,2019Q3,35,5,1,1
2019-09-01,2019,3,Q3,9,Tháng 9,2019-09,2019Q3,35,6,1,0
2019-09-02,2019,3,Q3,9,Tháng 9,2019-09,2019Q3,36,0,0,0
2019-09-03,2019,3,Q3,9,Tháng 9,2019-09,2019Q3,36,1,0,0
2019-09-04,2019,3,Q3,9,Tháng 9,2019-09,2019Q3,36,2,0,0
2019-09-05,2019,3,Q3,9,Tháng 9,2019-09,2019Q3,36,3,0,0
2019-09-06,2019,3,Q3,9,Tháng 9,2019-09,2019Q3,36,4,0,0
2019-09-07,2019,3,Q3,9,Tháng 9,2019-09,2019Q3,36,5,1,0
2019-09-08,2019,3,Q3,9,Tháng 9,2019-09,2019Q3,36,6,1,0
2019-09-09,2019,3,Q3,9,Tháng 9,2019-09,2019Q3,37,0,0,0
2019-09-10,2019,3,Q3,9,Tháng 9,2019-09,2019Q3,37,1,0,0
2019-09-11,2019,3,Q3,9,Tháng 9,2019-09,2019Q3,37,2,0,0
2019-09-12,2019,3,Q3,9,Tháng 9,2019-09,2019Q3,37,3,0,0
2019-09-13,2019,3,Q3,9,Tháng 9,2019-09,2019Q3,37,4,0,0
2019-09-14,2019,3,Q3,9,Tháng 9,2019-09,2019Q3,37,5,1,0
2019-09-15,2019,3,Q3,9,Tháng 9,2019-09,2019Q3,37,6,1,0
2019-09-16,2019,3,Q3,9,Tháng 9,2019-09,2019Q3,38,0,0,0
2019-09-17,2019,3,Q3,9,Tháng 9,2019-09,2019Q3,38,1,0,0
2019-09-18,2019,3,Q3,9,Tháng 9,2019-09,2019Q3,38,2,0,0
2019-09-19,2019,3,Q3,9,Tháng 9,2019-09,2019Q3,38,3,0,0
2019-09-20,2019,3,Q3,9,Tháng 9,2019-09,2019Q3,38,4,0,0
2019-09-21,2019,3,Q3,9,Tháng 9,2019-09,2019Q3,38,5,1,0
2019-09-22,2019,3,Q3,9,Tháng 9,2019-09,2019Q3,38,6,1,0
2019-09-23,2019,3,Q3,9,Tháng 9,2019-09,2019Q3,39,0,0,0
2019-09-24,2019,3,Q3,9,Tháng 9,2019-09,2019Q3,39,1,0,0
2019-09-25,2019,3,Q3,9,Tháng 9,2019-09,2019Q3,39,2,0,0
2019-09-26,2019,3,Q3,9,Tháng 9,2019-09,2019Q3,39,3,0,0
2019-09-27,2019,3,Q3,9,Tháng 9,2019-09,2019Q3,39,4,0,0
2019-09-28,2019,3,Q3,9,Tháng 9,2019-09,2019Q3,39,5,1,0
2019-09-29,2019,3,Q3,9,Tháng 9,2019-09,2019Q3,39,6,1,0
2019-09-30,2019,3,Q3,9,Tháng 9,2019-09,2019Q3,40,0,0,1
2019-10-01,2019,4,Q4,10,Tháng 10,2019-10,2019Q4,40,1,0,0
2019-10-02,2019,4,Q4,10,Tháng 10,2019-10,2019Q4,40,2,0,0
2019-10-03,2019,4,Q4,10,Tháng 10,2019-10,2019Q4,40,3,0,0
2019-10-04,2019,4,Q4,10,Tháng 10,2019-10,2019Q4,40,4,0,0
2019-10-05,2019,4,Q4,10,Tháng 10,2019-10,2019Q4,40,5,1,0
2019-10-06,2019,4,Q4,10,Tháng 10,2019-10,2019Q4,40,6,1,0
2019-10-07,2019,4,Q4,10,Tháng 10,2019-10,2019Q4,41,0,0,0
2019-10-08,2019,4,Q4,10,Tháng 10,2019-10,2019Q4,41,1,0,0
2019-10-09,2019,4,Q4,10,Tháng 10,2019-10,2019Q4,41,2,0,0
2019-10-10,2019,4,Q4,10,Tháng 10,2019-10,2019Q4,41,3,0,0
2019-10-11,2019,4,Q4,10,Tháng 10,2019-10,2019Q4,41,4,0,0
2019-10-12,2019,4,Q4,10,Tháng 10,2019-10,2019Q4,41,5,1,0
2019-10-13,2019,4,Q4,10,Tháng 10,2019-10,2019Q4,41,6,1,0
2019-10-14,2019,4,Q4,10,Tháng 10,2019-10,2019Q4,42,0,0,0
2019-10-15,2019,4,Q4,10,Tháng 10,2019-10,2019Q4,42,1,0,0
2019-10-16,2019,4,Q4,10,Tháng 10,2019-10,2019Q4,42,2,0,0
2019-10-17,2019,4,Q4,10,Tháng 10,2019-10,2019Q4,42,3,0,0
2019-10-18,2019,4,Q4,10,Tháng 10,2019-10,2019Q4,42,4,0,0
2019-10-19,2019,4,Q4,10,Tháng 10,2019-10,2019Q4,42,5,1,0
2019-10-20,2019,4,Q4,10,Tháng 10,2019-10,2019Q4,42,6,1,0
2019-10-21,2019,4,Q4,10,Tháng 10,2019-10,2019Q4,43,0,0,0
2019-10-22,2019,4,Q4,10,Tháng 10,2019-10,2019Q4,43,1,0,0
2019-10-23,2019,4,Q4,10,Tháng 10,2019-10,2019Q4,43,2,0,0
2019-10-24,2019,4,Q4,10,Tháng 10,2019-10,2019Q4,43,3,0,0
2019-10-25,2019,4,Q4,10,Tháng 10,2019-10,2019Q4,43,4,0,0
2019-10-26,2019,4,Q4,10,Tháng 10,2019-10,2019Q4,43,5,1,0
2019-10-27,2019,4,Q4,10,Tháng 10,2019-10,2019Q4,43,6,1,0
2019-10-28,2019,4,Q4,10,Tháng 10,2019-10,2019Q4,44,0,0,0
2019-10-29,2019,4,Q4,10,Tháng 10,2019-10,2019Q4,44,1,0,0
2019-10-30,2019,4,Q4,10,Tháng 10,2019-10,2019Q4,44,2,0,0
2019-10-31,2019,4,Q4,10,Tháng 10,2019-10,2019Q4,44,3,0,1
2019-11-01,2019,4,Q4,11,Tháng 11,2019-11,2019Q4,44,4,0,0
2019-11-02,2019,4,Q4,11,Tháng 11,2019-11,2019Q4,44,5,1,0
2019-11-03,2019,4,Q4,11,Tháng 11,2019-11,2019Q4,44,6,1,0
2019-11-04,2019,4,Q4,11,Tháng 11,2019-11,2019Q4,45,0,0,0
2019-11-05,2019,4,Q4,11,Tháng 11,2019-11,2019Q4,45,1,0,0
2019-11-06,2019,4,Q4,11,Tháng 11,2019-11,2019Q4,45,2,0,0
2019-11-07,2019,4,Q4,11,Tháng 11,2019-11,2019Q4,45,3,0,0
2019-11-08,2019,4,Q4,11,Tháng 11,2019-11,2019Q4,45,4,0,0
2019-11-09,2019,4,Q4,11,Tháng 11,2019-11,2019Q4,45,5,1,0
2019-11-10,2019,4,Q4,11,Tháng 11,2019-11,2019Q4,45,6,1,0
2019-11-11,2019,4,Q4,11,Tháng 11,2019-11,2019Q4,46,0,0,0
2019-11-12,2019,4,Q4,11,Tháng 11,2019-11,2019Q4,46,1,0,0
2019-11-13,2019,4,Q4,11,Tháng 11,2019-11,2019Q4,46,2,0,0
2019-11-14,2019,4,Q4,11,Tháng 11,2019-11,2019Q4,46,3,0,0
2019-11-15,2019,4,Q4,11,Tháng 11,2019-11,2019Q4,46,4,0,0
2019-11-16,2019,4,Q4,11,Tháng 11,2019-11,2019Q4,46,5,1,0
2019-11-17,2019,4,Q4,11,Tháng 11,2019-11,2019Q4,46,6,1,0
2019-11-18,2019,4,Q4,11,Tháng 11,2019-11,2019Q4,47,0,0,0
2019-11-19,2019,4,Q4,11,Tháng 11,2019-11,2019Q4,47,1,0,0
2019-11-20,2019,4,Q4,11,Tháng 11,2019-11,2019Q4,47,2,0,0
2019-11-21,2019,4,Q4,11,Tháng 11,2019-11,2019Q4,47,3,0,0
2019-11-22,2019,4,Q4,11,Tháng 11,2019-11,2019Q4,47,4,0,0
2019-11-23,2019,4,Q4,11,Tháng 11,2019-11,2019Q4,47,5,1,0
2019-11-24,2019,4,Q4,11,Tháng 11,2019-11,2019Q4,47,6,1,0
2019-11-25,2019,4,Q4,11,Tháng 11,2019-11,2019Q4,48,0,0,0
2019-11-26,2019,4,Q4,11,Tháng 11,2019-11,2019Q4,48,1,0,0
2019-11-27,2019,4,Q4,11,Tháng 11,2019-11,2019Q4,48,2,0,0
2019-11-28,2019,4,Q4,11,Tháng 11,2019-11,2019Q4,48,3,0,0
2019-11-29,2019,4,Q4,11,Tháng 11,2019-11,2019Q4,48,4,0,0
2019-11-30,2019,4,Q4,11,Tháng 11,2019-11,2019Q4,48,5,1,1
2019-12-01,2019,4,Q4,12,Tháng 12,2019-12,2019Q4,48,6,1,0
2019-12-02,2019,4,Q4,12,Tháng 12,2019-12,2019Q4,49,0,0,0
2019-12-03,2019,4,Q4,12,Tháng 12,2019-12,2019Q4,49,1,0,0
2019-12-04,2019,4,Q4,12,Tháng 12,2019-12,2019Q4,49,2,0,0
2019-12-05,2019,4,Q4,12,Tháng 12,2019-12,2019Q4,49,3,0,0
2019-12-06,2019,4,Q4,12,Tháng 12,2019-12,2019Q4,49,4,0,0
2019-12-07,2019,4,Q4,12,Tháng 12,2019-12,2019Q4,49,5,1,0
2019-12-08,2019,4,Q4,12,Tháng 12,2019-12,2019Q4,49,6,1,0
2019-12-09,2019,4,Q4,12,Tháng 12,2019-12,2019Q4,50,0,0,0
2019-12-10,2019,4,Q4,12,Tháng 12,2019-12,2019Q4,50,1,0,0
2019-12-11,2019,4,Q4,12,Tháng 12,2019-12,2019Q4,50,2,0,0
2019-12-12,2019,4,Q4,12,Tháng 12,2019-12,2019Q4,50,3,0,0
2019-12-13,2019,4,Q4,12,Tháng 12,2019-12,2019Q4,50,4,0,0
2019-12-14,2019,4,Q4,12,Tháng 12,2019-12,2019Q4,50,5,1,0
2019-12-15,2019,4,Q4,12,Tháng 12,2019-12,2019Q4,50,6,1,0
2019-12-16,2019,4,Q4,12,Tháng 12,2019-12,2019Q4,51,0,0,0
2019-12-17,2019,4,Q4,12,Tháng 12,2019-12,2019Q4,51,1,0,0
2019-12-18,2019,4,Q4,12,Tháng 12,2019-12,2019Q4,51,2,0,0
2019-12-19,2019,4,Q4,12,Tháng 12,2019-12,2019Q4,51,3,0,0
2019-12-20,2019,4,Q4,12,Tháng 12,2019-12,2019Q4,51,4,0,0
2019-12-21,2019,4,Q4,12,Tháng 12,2019-12,2019Q4,51,5,1,0
2019-12-22,2019,4,Q4,12,Tháng 12,2019-12,2019Q4,51,6,1,0
2019-12-23,2019,4,Q4,12,Tháng 12,2019-12,2019Q4,52,0,0,0
2019-12-24,2019,4,Q4,12,Tháng 12,2019-12,2019Q4,52,1,0,0
2019-12-25,2019,4,Q4,12,Tháng 12,2019-12,2019Q4,52,2,0,0
2019-12-26,2019,4,Q4,12,Tháng 12,2019-12,2019Q4,52,3,0,0
2019-12-27,2019,4,Q4,12,Tháng 12,2019-12,2019Q4,52,4,0,0
2019-12-28,2019,4,Q4,12,Tháng 12,2019-12,2019Q4,52,5,1,0
2019-12-29,2019,4,Q4,12,Tháng 12,2019-12,2019Q4,52,6,1,0
2019-12-30,2019,4,Q4,12,Tháng 12,2019-12,2019Q4,1,0,0,0
2019-12-31,2019,4,Q4,12,Tháng 12,2019-12,2019Q4,1,1,0,1
2020-01-01,2020,1,Q1,1,Tháng 1,2020-01,2020Q1,1,2,0,0
2020-01-02,2020,1,Q1,1,Tháng 1,2020-01,2020Q1,1,3,0,0
2020-01-03,2020,1,Q1,1,Tháng 1,2020-01,2020Q1,1,4,0,0
2020-01-04,2020,1,Q1,1,Tháng 1,2020-01,2020Q1,1,5,1,0
2020-01-05,2020,1,Q1,1,Tháng 1,2020-01,2020Q1,1,6,1,0
2020-01-06,2020,1,Q1,1,Tháng 1,2020-01,2020Q1,2,0,0,0
2020-01-07,2020,1,Q1,1,Tháng 1,2020-01,2020Q1,2,1,0,0
2020-01-08,2020,1,Q1,1,Tháng 1,2020-01,2020Q1,2,2,0,0
2020-01-09,2020,1,Q1,1,Tháng 1,2020-01,2020Q1,2,3,0,0
2020-01-10,2020,1,Q1,1,Tháng 1,2020-01,2020Q1,2,4,0,0
2020-01-11,2020,1,Q1,1,Tháng 1,2020-01,2020Q1,2,5,1,0
2020-01-12,2020,1,Q1,1,Tháng 1,2020-01,2020Q1,2,6,1,0
2020-01-13,2020,1,Q1,1,Tháng 1,2020-01,2020Q1,3,0,0,0
2020-01-14,2020,1,Q1,1,Tháng 1,2020-01,2020Q1,3,1,0,0
2020-01-15,2020,1,Q1,1,Tháng 1,2020-01,2020Q1,3,2,0,0
2020-01-16,2020,1,Q1,1,Tháng 1,2020-01,2020Q1,3,3,0,0
2020-01-17,2020,1,Q1,1,Tháng 1,2020-01,2020Q1,3,4,0,0
2020-01-18,2020,1,Q1,1,Tháng 1,2020-01,2020Q1,3,5,1,0
2020-01-19,2020,1,Q1,1,Tháng 1,2020-01,2020Q1,3,6,1,0
2020-01-20,2020,1,Q1,1,Tháng 1,2020-01,2020Q1,4,0,0,0
2020-01-21,2020,1,Q1,1,Tháng 1,2020-01,2020Q1,4,1,0,0
2020-01-22,2020,1,Q1,1,Tháng 1,2020-01,2020Q1,4,2,0,0
2020-01-23,2020,1,Q1,1,Tháng 1,2020-01,2020Q1,4,3,0,0
2020-01-24,2020,1,Q1,1,Tháng 1,2020-01,2020Q1,4,4,0,0
2020-01-25,2020,1,Q1,1,Tháng 1,2020-01,2020Q1,4,5,1,0
2020-01-26,2020,1,Q1,1,Tháng 1,2020-01,2020Q1,4,6,1,0
2020-01-27,2020,1,Q1,1,Tháng 1,2020-01,2020Q1,5,0,0,0
2020-01-28,2020,1,Q1,1,Tháng 1,2020-01,2020Q1,5,1,0,0
2020-01-29,2020,1,Q1,1,Tháng 1,2020-01,2020Q1,5,2,0,0
2020-01-30,2020,1,Q1,1,Tháng 1,2020-01,2020Q1,5,3,0,0
2020-01-31,2020,1,Q1,1,Tháng 1,2020-01,2020Q1,5,4,0,1
2020-02-01,2020,1,Q1,2,Tháng 2,2020-02,2020Q1,5,5,1,0
2020-02-02,2020,1,Q1,2,Tháng 2,2020-02,2020Q1,5,6,1,0
2020-02-03,2020,1,Q1,2,Tháng 2,2020-02,2020Q1,6,0,0,0
2020-02-04,2020,1,Q1,2,Tháng 2,2020-02,2020Q1,6,1,0,0
2020-02-05,2020,1,Q1,2,Tháng 2,2020-02,2020Q1,6,2,0,0
2020-02-06,2020,1,Q1,2,Tháng 2,2020-02,2020Q1,6,3,0,0
2020-02-07,2020,1,Q1,2,Tháng 2,2020-02,2020Q1,6,4,0,0
2020-02-08,2020,1,Q1,2,Tháng 2,2020-02,2020Q1,6,5,1,0
2020-02-09,2020,1,Q1,2,Tháng 2,2020-02,2020Q1,6,6,1,0
2020-02-10,2020,1,Q1,2,Tháng 2,2020-02,2020Q1,7,0,0,0
2020-02-11,2020,1,Q1,2,Tháng 2,2020-02,2020Q1,7,1,0,0
2020-02-12,2020,1,Q1,2,Tháng 2,2020-02,2020Q1,7,2,0,0
2020-02-13,2020,1,Q1,2,Tháng 2,2020-02,2020Q1,7,3,0,0
2020-02-14,2020,1,Q1,2,Tháng 2,2020-02,2020Q1,7,4,0,0
2020-02-15,2020,1,Q1,2,Tháng 2,2020-02,2020Q1,7,5,1,0
2020-02-16,2020,1,Q1,2,Tháng 2,2020-02,2020Q1,7,6,1,0
2020-02-17,2020,1,Q1,2,Tháng 2,2020-02,2020Q1,8,0,0,0
2020-02-18,2020,1,Q1,2,Tháng 2,2020-02,2020Q1,8,1,0,0
2020-02-19,2020,1,Q1,2,Tháng 2,2020-02,2020Q1,8,2,0,0
2020-02-20,2020,1,Q1,2,Tháng 2,2020-02,2020Q1,8,3,0,0
2020-02-21,2020,1,Q1,2,Tháng 2,2020-02,2020Q1,8,4,0,0
2020-02-22,2020,1,Q1,2,Tháng 2,2020-02,2020Q1,8,5,1,0
2020-02-23,2020,1,Q1,2,Tháng 2,2020-02,2020Q1,8,6,1,0
2020-02-24,2020,1,Q1,2,Tháng 2,2020-02,2020Q1,9,0,0,0
2020-02-25,2020,1,Q1,2,Tháng 2,2020-02,2020Q1,9,1,0,0
2020-02-26,2020,1,Q1,2,Tháng 2,2020-02,2020Q1,9,2,0,0
2020-02-27,2020,1,Q1,2,Tháng 2,2020-02,2020Q1,9,3,0,0
2020-02-28,2020,1,Q1,2,Tháng 2,2020-02,2020Q1,9,4,0,0
2020-02-29,2020,1,Q1,2,Tháng 2,2020-02,2020Q1,9,5,1,1
2020-03-01,2020,1,Q1,3,Tháng 3,2020-03,2020Q1,9,6,1,0
2020-03-02,2020,1,Q1,3,Tháng 3,2020-03,2020Q1,10,0,0,0
2020-03-03,2020,1,Q1,3,Tháng 3,2020-03,2020Q1,10,1,0,0
2020-03-04,2020,1,Q1,3,Tháng 3,2020-03,2020Q1,10,2,0,0
2020-03-05,2020,1,Q1,3,Tháng 3,2020-03,2020Q1,10,3,0,0
2020-03-06,2020,1,Q1,3,Tháng 3,2020-03,2020Q1,10,4,0,0
2020-03-07,2020,1,Q1,3,Tháng 3,2020-03,2020Q1,10,5,1,0
2020-03-08,2020,1,Q1,3,Tháng 3,2020-03,2020Q1,10,6,1,0
2020-03-09,2020,1,Q1,3,Tháng 3,2020-03,2020Q1,11,0,0,0
2020-03-10,2020,1,Q1,3,Tháng 3,2020-03,2020Q1,11,1,0,0
2020-03-11,2020,1,Q1,3,Tháng 3,2020-03,2020Q1,11,2,0,0
2020-03-12,2020,1,Q1,3,Tháng 3,2020-03,2020Q1,11,3,0,0
2020-03-13,2020,1,Q1,3,Tháng 3,2020-03,2020Q1,11,4,0,0
2020-03-14,2020,1,Q1,3,Tháng 3,2020-03,2020Q1,11,5,1,0
2020-03-15,2020,1,Q1,3,Tháng 3,2020-03,2020Q1,11,6,1,0
2020-03-16,2020,1,Q1,3,Tháng 3,2020-03,2020Q1,12,0,0,0
2020-03-17,2020,1,Q1,3,Tháng 3,2020-03,2020Q1,12,1,0,0
2020-03-18,2020,1,Q1,3,Tháng 3,2020-03,2020Q1,12,2,0,0
2020-03-19,2020,1,Q1,3,Tháng 3,2020-03,2020Q1,12,3,0,0
2020-03-20,2020,1,Q1,3,Tháng 3,2020-03,2020Q1,12,4,0,0
2020-03-21,2020,1,Q1,3,Tháng 3,2020-03,2020Q1,12,5,1,0
2020-03-22,2020,1,Q1,3,Tháng 3,2020-03,2020Q1,12,6,1,0
2020-03-23,2020,1,Q1,3,Tháng 3,2020-03,2020Q1,13,0,0,0
2020-03-24,2020,1,Q1,3,Tháng 3,2020-03,2020Q1,13,1,0,0
2020-03-25,2020,1,Q1,3,Tháng 3,2020-03,2020Q1,13,2,0,0
2020-03-26,2020,1,Q1,3,Tháng 3,2020-03,2020Q1,13,3,0,0
2020-03-27,2020,1,Q1,3,Tháng 3,2020-03,2020Q1,13,4,0,0
2020-03-28,2020,1,Q1,3,Tháng 3,2020-03,2020Q1,13,5,1,0
2020-03-29,2020,1,Q1,3,Tháng 3,2020-03,2020Q1,13,6,1,0
2020-03-30,2020,1,Q1,3,Tháng 3,2020-03,2020Q1,14,0,0,0
2020-03-31,2020,1,Q1,3,Tháng 3,2020-03,2020Q1,14,1,0,1
2020-04-01,2020,2,Q2,4,Tháng 4,2020-04,2020Q2,14,2,0,0
2020-04-02,2020,2,Q2,4,Tháng 4,2020-04,2020Q2,14,3,0,0
2020-04-03,2020,2,Q2,4,Tháng 4,2020-04,2020Q2,14,4,0,0
2020-04-04,2020,2,Q2,4,Tháng 4,2020-04,2020Q2,14,5,1,0
2020-04-05,2020,2,Q2,4,Tháng 4,2020-04,2020Q2,14,6,1,0
2020-04-06,2020,2,Q2,4,Tháng 4,2020-04,2020Q2,15,0,0,0
2020-04-07,2020,2,Q2,4,Tháng 4,2020-04,2020Q2,15,1,0,0
2020-04-08,2020,2,Q2,4,Tháng 4,2020-04,2020Q2,15,2,0,0
2020-04-09,2020,2,Q2,4,Tháng 4,2020-04,2020Q2,15,3,0,0
2020-04-10,2020,2,Q2,4,Tháng 4,2020-04,2020Q2,15,4,0,0
2020-04-11,2020,2,Q2,4,Tháng 4,2020-04,2020Q2,15,5,1,0
2020-04-12,2020,2,Q2,4,Tháng 4,2020-04,2020Q2,15,6,1,0
2020-04-13,2020,2,Q2,4,Tháng 4,2020-04,2020Q2,16,0,0,0
2020-04-14,2020,2,Q2,4,Tháng 4,2020-04,2020Q2,16,1,0,0
2020-04-15,2020,2,Q2,4,Tháng 4,2020-04,2020Q2,16,2,0,0
2020-04-16,2020,2,Q2,4,Tháng 4,2020-04,2020Q2,16,3,0,0
2020-04-17,2020,2,Q2,4,Tháng 4,2020-04,2020Q2,16,4,0,0
2020-04-18,2020,2,Q2,4,Tháng 4,2020-04,2020Q2,16,5,1,0
2020-04-19,2020,2,Q2,4,Tháng 4,2020-04,2020Q2,16,6,1,0
2020-04-20,2020,2,Q2,4,Tháng 4,2020-04,2020Q2,17,0,0,0
2020-04-21,2020,2,Q2,4,Tháng 4,2020-04,2020Q2,17,1,0,0
2020-04-22,2020,2,Q2,4,Tháng 4,2020-04,2020Q2,17,2,0,0
2020-04-23,2020,2,Q2,4,Tháng 4,2020-04,2020Q2,17,3,0,0
2020-04-24,2020,2,Q2,4,Tháng 4,2020-04,2020Q2,17,4,0,0
2020-04-25,2020,2,Q2,4,Tháng 4,2020-04,2020Q2,17,5,1,0
2020-04-26,2020,2,Q2,4,Tháng 4,2020-04,2020Q2,17,6,1,0
2020-04-27,2020,2,Q2,4,Tháng 4,2020-04,2020Q2,18,0,0,0
2020-04-28,2020,2,Q2,4,Tháng 4,2020-04,2020Q2,18,1,0,0
2020-04-29,2020,2,Q2,4,Tháng 4,2020-04,2020Q2,18,2,0,0
2020-04-30,2020,2,Q2,4,Tháng 4,2020-04,2020Q2,18,3,0,1
2020-05-01,2020,2,Q2,5,Tháng 5,2020-05,2020Q2,18,4,0,0
2020-05-02,2020,2,Q2,5,Tháng 5,2020-05,2020Q2,18,5,1,0
2020-05-03,2020,2,Q2,5,Tháng 5,2020-05,2020Q2,18,6,1,0
2020-05-04,2020,2,Q2,5,Tháng 5,2020-05,2020Q2,19,0,0,0
2020-05-05,2020,2,Q2,5,Tháng 5,2020-05,2020Q2,19,1,0,0
2020-05-06,2020,2,Q2,5,Tháng 5,2020-05,2020Q2,19,2,0,0
2020-05-07,2020,2,Q2,5,Tháng 5,2020-05,2020Q2,19,3,0,0
2020-05-08,2020,2,Q2,5,Tháng 5,2020-05,2020Q2,19,4,0,0
2020-05-09,2020,2,Q2,5,Tháng 5,2020-05,2020Q2,19,5,1,0
2020-05-10,2020,2,Q2,5,Tháng 5,2020-05,2020Q2,19,6,1,0
2020-05-11,2020,2,Q2,5,Tháng 5,2020-05,2020Q2,20,0,0,0
2020-05-12,2020,2,Q2,5,Tháng 5,2020-05,2020Q2,20,1,0,0
2020-05-13,2020,2,Q2,5,Tháng 5,2020-05,2020Q2,20,2,0,0
2020-05-14,2020,2,Q2,5,Tháng 5,2020-05,2020Q2,20,3,0,0
2020-05-15,2020,2,Q2,5,Tháng 5,2020-05,2020Q2,20,4,0,0
2020-05-16,2020,2,Q2,5,Tháng 5,2020-05,2020Q2,20,5,1,0
2020-05-17,2020,2,Q2,5,Tháng 5,2020-05,2020Q2,20,6,1,0
2020-05-18,2020,2,Q2,5,Tháng 5,2020-05,2020Q2,21,0,0,0
2020-05-19,2020,2,Q2,5,Tháng 5,2020-05,2020Q2,21,1,0,0
2020-05-20,2020,2,Q2,5,Tháng 5,2020-05,2020Q2,21,2,0,0
2020-05-21,2020,2,Q2,5,Tháng 5,2020-05,2020Q2,21,3,0,0
2020-05-22,2020,2,Q2,5,Tháng 5,2020-05,2020Q2,21,4,0,0
2020-05-23,2020,2,Q2,5,Tháng 5,2020-05,2020Q2,21,5,1,0
2020-05-24,2020,2,Q2,5,Tháng 5,2020-05,2020Q2,21,6,1,0
2020-05-25,2020,2,Q2,5,Tháng 5,2020-05,2020Q2,22,0,0,0
2020-05-26,2020,2,Q2,5,Tháng 5,2020-05,2020Q2,22,1,0,0
2020-05-27,2020,2,Q2,5,Tháng 5,2020-05,2020Q2,22,2,0,0
2020-05-28,2020,2,Q2,5,Tháng 5,2020-05,2020Q2,22,3,0,0
2020-05-29,2020,2,Q2,5,Tháng 5,2020-05,2020Q2,22,4,0,0
2020-05-30,2020,2,Q2,5,Tháng 5,2020-05,2020Q2,22,5,1,0
2020-05-31,2020,2,Q2,5,Tháng 5,2020-05,2020Q2,22,6,1,1
2020-06-01,2020,2,Q2,6,Tháng 6,2020-06,2020Q2,23,0,0,0
2020-06-02,2020,2,Q2,6,Tháng 6,2020-06,2020Q2,23,1,0,0
2020-06-03,2020,2,Q2,6,Tháng 6,2020-06,2020Q2,23,2,0,0
2020-06-04,2020,2,Q2,6,Tháng 6,2020-06,2020Q2,23,3,0,0
2020-06-05,2020,2,Q2,6,Tháng 6,2020-06,2020Q2,23,4,0,0
2020-06-06,2020,2,Q2,6,Tháng 6,2020-06,2020Q2,23,5,1,0
2020-06-07,2020,2,Q2,6,Tháng 6,2020-06,2020Q2,23,6,1,0
2020-06-08,2020,2,Q2,6,Tháng 6,2020-06,2020Q2,24,0,0,0
2020-06-09,2020,2,Q2,6,Tháng 6,2020-06,2020Q2,24,1,0,0
2020-06-10,2020,2,Q2,6,Tháng 6,2020-06,2020Q2,24,2,0,0
2020-06-11,2020,2,Q2,6,Tháng 6,2020-06,2020Q2,24,3,0,0
2020-06-12,2020,2,Q2,6,Tháng 6,2020-06,2020Q2,24,4,0,0
2020-06-13,2020,2,Q2,6,Tháng 6,2020-06,2020Q2,24,5,1,0
2020-06-14,2020,2,Q2,6,Tháng 6,2020-06,2020Q2,24,6,1,0
2020-06-15,2020,2,Q2,6,Tháng 6,2020-06,2020Q2,25,0,0,0
2020-06-16,2020,2,Q2,6,Tháng 6,2020-06,2020Q2,25,1,0,0
2020-06-17,2020,2,Q2,6,Tháng 6,2020-06,2020Q2,25,2,0,0
2020-06-18,2020,2,Q2,6,Tháng 6,2020-06,2020Q2,25,3,0,0
2020-06-19,2020,2,Q2,6,Tháng 6,2020-06,2020Q2,25,4,0,0
2020-06-20,2020,2,Q2,6,Tháng 6,2020-06,2020Q2,25,5,1,0
2020-06-21,2020,2,Q2,6,Tháng 6,2020-06,2020Q2,25,6,1,0
2020-06-22,2020,2,Q2,6,Tháng 6,2020-06,2020Q2,26,0,0,0
2020-06-23,2020,2,Q2,6,Tháng 6,2020-06,2020Q2,26,1,0,0
2020-06-24,2020,2,Q2,6,Tháng 6,2020-06,2020Q2,26,2,0,0
2020-06-25,2020,2,Q2,6,Tháng 6,2020-06,2020Q2,26,3,0,0
2020-06-26,2020,2,Q2,6,Tháng 6,2020-06,2020Q2,26,4,0,0
2020-06-27,2020,2,Q2,6,Tháng 6,2020-06,2020Q2,26,5,1,0
2020-06-28,2020,2,Q2,6,Tháng 6,2020-06,2020Q2,26,6,1,0
2020-06-29,2020,2,Q2,6,Tháng 6,2020-06,2020Q2,27,0,0,0
2020-06-30,2020,2,Q2,6,Tháng 6,2020-06,2020Q2,27,1,0,1
2020-07-01,2020,3,Q3,7,Tháng 7,2020-07,2020Q3,27,2,0,0
2020-07-02,2020,3,Q3,7,Tháng 7,2020-07,2020Q3,27,3,0,0
2020-07-03,2020,3,Q3,7,Tháng 7,2020-07,2020Q3,27,4,0,0
2020-07-04,2020,3,Q3,7,Tháng 7,2020-07,2020Q3,27,5,1,0
2020-07-05,2020,3,Q3,7,Tháng 7,2020-07,2020Q3,27,6,1,0
2020-07-06,2020,3,Q3,7,Tháng 7,2020-07,2020Q3,28,0,0,0
2020-07-07,2020,3,Q3,7,Tháng 7,2020-07,2020Q3,28,1,0,0
2020-07-08,2020,3,Q3,7,Tháng 7,2020-07,2020Q3,28,2,0,0
2020-07-09,2020,3,Q3,7,Tháng 7,2020-07,2020Q3,28,3,0,0
2020-07-10,2020,3,Q3,7,Tháng 7,2020-07,2020Q3,28,4,0,0
2020-07-11,2020,3,Q3,7,Tháng 7,2020-07,2020Q3,28,5,1,0
2020-07-12,2020,3,Q3,7,Tháng 7,2020-07,2020Q3,28,6,1,0
2020-07-13,2020,3,Q3,7,Tháng 7,2020-07,2020Q3,29,0,0,0
2020-07-14,2020,3,Q3,7,Tháng 7,2020-07,2020Q3,29,1,0,0
2020-07-15,2020,3,Q3,7,Tháng 7,2020-07,2020Q3,29,2,0,0
2020-07-16,2020,3,Q3,7,Tháng 7,2020-07,2020Q3,29,3,0,0
2020-07-17,2020,3,Q3,7,Tháng 7,2020-07,2020Q3,29,4,0,0
2020-07-18,2020,3,Q3,7,Tháng 7,2020-07,2020Q3,29,5,1,0
2020-07-19,2020,3,Q3,7,Tháng 7,2020-07,2020Q3,29,6,1,0
2020-07-20,2020,3,Q3,7,Tháng 7,2020-07,2020Q3,30,0,0,0
2020-07-21,2020,3,Q3,7,Tháng 7,2020-07,2020Q3,30,1,0,0
2020-07-22,2020,3,Q3,7,Tháng 7,2020-07,2020Q3,30,2,0,0
2020-07-23,2020,3,Q3,7,Tháng 7,2020-07,2020Q3,30,3,0,0
2020-07-24,2020,3,Q3,7,Tháng 7,2020-07,2020Q3,30,4,0,0
2020-07-25,2020,3,Q3,7,Tháng 7,2020-07,2020Q3,30,5,1,0
2020-07-26,2020,3,Q3,7,Tháng 7,2020-07,2020Q3,30,6,1,0
2020-07-27,2020,3,Q3,7,Tháng 7,2020-07,2020Q3,31,0,0,0
2020-07-28,2020,3,Q3,7,Tháng 7,2020-07,2020Q3,31,1,0,0
2020-07-29,2020,3,Q3,7,Tháng 7,2020-07,2020Q3,31,2,0,0
2020-07-30,2020,3,Q3,7,Tháng 7,2020-07,2020Q3,31,3,0,0
2020-07-31,2020,3,Q3,7,Tháng 7,2020-07,2020Q3,31,4,0,1
2020-08-01,2020,3,Q3,8,Tháng 8,2020-08,2020Q3,31,5,1,0
2020-08-02,2020,3,Q3,8,Tháng 8,2020-08,2020Q3,31,6,1,0
2020-08-03,2020,3,Q3,8,Tháng 8,2020-08,2020Q3,32,0,0,0
2020-08-04,2020,3,Q3,8,Tháng 8,2020-08,2020Q3,32,1,0,0
2020-08-05,2020,3,Q3,8,Tháng 8,2020-08,2020Q3,32,2,0,0
2020-08-06,2020,3,Q3,8,Tháng 8,2020-08,2020Q3,32,3,0,0
2020-08-07,2020,3,Q3,8,Tháng 8,2020-08,2020Q3,32,4,0,0
2020-08-08,2020,3,Q3,8,Tháng 8,2020-08,2020Q3,32,5,1,0
2020-08-09,2020,3,Q3,8,Tháng 8,2020-08,2020Q3,32,6,1,0
2020-08-10,2020,3,Q3,8,Tháng 8,2020-08,2020Q3,33,0,0,0
2020-08-11,2020,3,Q3,8,Tháng 8,2020-08,2020Q3,33,1,0,0
2020-08-12,2020,3,Q3,8,Tháng 8,2020-08,2020Q3,33,2,0,0
2020-08-13,2020,3,Q3,8,Tháng 8,2020-08,2020Q3,33,3,0,0
2020-08-14,2020,3,Q3,8,Tháng 8,2020-08,2020Q3,33,4,0,0
2020-08-15,2020,3,Q3,8,Tháng 8,2020-08,2020Q3,33,5,1,0
2020-08-16,2020,3,Q3,8,Tháng 8,2020-08,2020Q3,33,6,1,0
2020-08-17,2020,3,Q3,8,Tháng 8,2020-08,2020Q3,34,0,0,0
2020-08-18,2020,3,Q3,8,Tháng 8,2020-08,2020Q3,34,1,0,0
2020-08-19,2020,3,Q3,8,Tháng 8,2020-08,2020Q3,34,2,0,0
2020-08-20,2020,3,Q3,8,Tháng 8,2020-08,2020Q3,34,3,0,0
2020-08-21,2020,3,Q3,8,Tháng 8,2020-08,2020Q3,34,4,0,0
2020-08-22,2020,3,Q3,8,Tháng 8,2020-08,2020Q3,34,5,1,0
2020-08-23,2020,3,Q3,8,Tháng 8,2020-08,2020Q3,34,6,1,0
2020-08-24,2020,3,Q3,8,Tháng 8,2020-08,2020Q3,35,0,0,0
2020-08-25,2020,3,Q3,8,Tháng 8,2020-08,2020Q3,35,1,0,0
2020-08-26,2020,3,Q3,8,Tháng 8,2020-08,2020Q3,35,2,0,0
2020-08-27,2020,3,Q3,8,Tháng 8,2020-08,2020Q3,35,3,0,0
2020-08-28,2020,3,Q3,8,Tháng 8,2020-08,2020Q3,35,4,0,0
2020-08-29,2020,3,Q3,8,Tháng 8,2020-08,2020Q3,35,5,1,0
2020-08-30,2020,3,Q3,8,Tháng 8,2020-08,2020Q3,35,6,1,0
2020-08-31,2020,3,Q3,8,Tháng 8,2020-08,2020Q3,36,0,0,1
2020-09-01,2020,3,Q3,9,Tháng 9,2020-09,2020Q3,36,1,0,0
2020-09-02,2020,3,Q3,9,Tháng 9,2020-09,2020Q3,36,2,0,0
2020-09-03,2020,3,Q3,9,Tháng 9,2020-09,2020Q3,36,3,0,0
2020-09-04,2020,3,Q3,9,Tháng 9,2020-09,2020Q3,36,4,0,0
2020-09-05,2020,3,Q3,9,Tháng 9,2020-09,2020Q3,36,5,1,0
2020-09-06,2020,3,Q3,9,Tháng 9,2020-09,2020Q3,36,6,1,0
2020-09-07,2020,3,Q3,9,Tháng 9,2020-09,2020Q3,37,0,0,0
2020-09-08,2020,3,Q3,9,Tháng 9,2020-09,2020Q3,37,1,0,0
2020-09-09,2020,3,Q3,9,Tháng 9,2020-09,2020Q3,37,2,0,0
2020-09-10,2020,3,Q3,9,Tháng 9,2020-09,2020Q3,37,3,0,0
2020-09-11,2020,3,Q3,9,Tháng 9,2020-09,2020Q3,37,4,0,0
2020-09-12,2020,3,Q3,9,Tháng 9,2020-09,2020Q3,37,5,1,0
2020-09-13,2020,3,Q3,9,Tháng 9,2020-09,2020Q3,37,6,1,0
2020-09-14,2020,3,Q3,9,Tháng 9,2020-09,2020Q3,38,0,0,0
2020-09-15,2020,3,Q3,9,Tháng 9,2020-09,2020Q3,38,1,0,0
2020-09-16,2020,3,Q3,9,Tháng 9,2020-09,2020Q3,38,2,0,0
2020-09-17,2020,3,Q3,9,Tháng 9,2020-09,2020Q3,38,3,0,0
2020-09-18,2020,3,Q3,9,Tháng 9,2020-09,2020Q3,38,4,0,0
2020-09-19,2020,3,Q3,9,Tháng 9,2020-09,2020Q3,38,5,1,0
2020-09-20,2020,3,Q3,9,Tháng 9,2020-09,2020Q3,38,6,1,0
2020-09-21,2020,3,Q3,9,Tháng 9,2020-09,2020Q3,39,0,0,0
2020-09-22,2020,3,Q3,9,Tháng 9,2020-09,2020Q3,39,1,0,0
2020-09-23,2020,3,Q3,9,Tháng 9,2020-09,2020Q3,39,2,0,0
2020-09-24,2020,3,Q3,9,Tháng 9,2020-09,2020Q3,39,3,0,0
2020-09-25,2020,3,Q3,9,Tháng 9,2020-09,2020Q3,39,4,0,0
2020-09-26,2020,3,Q3,9,Tháng 9,2020-09,2020Q3,39,5,1,0
2020-09-27,2020,3,Q3,9,Tháng 9,2020-09,2020Q3,39,6,1,0
2020-09-28,2020,3,Q3,9,Tháng 9,2020-09,2020Q3,40,0,0,0
2020-09-29,2020,3,Q3,9,Tháng 9,2020-09,2020Q3,40,1,0,0
2020-09-30,2020,3,Q3,9,Tháng 9,2020-09,2020Q3,40,2,0,1
2020-10-01,2020,4,Q4,10,Tháng 10,2020-10,2020Q4,40,3,0,0
2020-10-02,2020,4,Q4,10,Tháng 10,2020-10,2020Q4,40,4,0,0
2020-10-03,2020,4,Q4,10,Tháng 10,2020-10,2020Q4,40,5,1,0
2020-10-04,2020,4,Q4,10,Tháng 10,2020-10,2020Q4,40,6,1,0
2020-10-05,2020,4,Q4,10,Tháng 10,2020-10,2020Q4,41,0,0,0
2020-10-06,2020,4,Q4,10,Tháng 10,2020-10,2020Q4,41,1,0,0
2020-10-07,2020,4,Q4,10,Tháng 10,2020-10,2020Q4,41,2,0,0
2020-10-08,2020,4,Q4,10,Tháng 10,2020-10,2020Q4,41,3,0,0
2020-10-09,2020,4,Q4,10,Tháng 10,2020-10,2020Q4,41,4,0,0
2020-10-10,2020,4,Q4,10,Tháng 10,2020-10,2020Q4,41,5,1,0
2020-10-11,2020,4,Q4,10,Tháng 10,2020-10,2020Q4,41,6,1,0
2020-10-12,2020,4,Q4,10,Tháng 10,2020-10,2020Q4,42,0,0,0
2020-10-13,2020,4,Q4,10,Tháng 10,2020-10,2020Q4,42,1,0,0
2020-10-14,2020,4,Q4,10,Tháng 10,2020-10,2020Q4,42,2,0,0
2020-10-15,2020,4,Q4,10,Tháng 10,2020-10,2020Q4,42,3,0,0
2020-10-16,2020,4,Q4,10,Tháng 10,2020-10,2020Q4,42,4,0,0
2020-10-17,2020,4,Q4,10,Tháng 10,2020-10,2020Q4,42,5,1,0
2020-10-18,2020,4,Q4,10,Tháng 10,2020-10,2020Q4,42,6,1,0
2020-10-19,2020,4,Q4,10,Tháng 10,2020-10,2020Q4,43,0,0,0
2020-10-20,2020,4,Q4,10,Tháng 10,2020-10,2020Q4,43,1,0,0
2020-10-21,2020,4,Q4,10,Tháng 10,2020-10,2020Q4,43,2,0,0
2020-10-22,2020,4,Q4,10,Tháng 10,2020-10,2020Q4,43,3,0,0
2020-10-23,2020,4,Q4,10,Tháng 10,2020-10,2020Q4,43,4,0,0
2020-10-24,2020,4,Q4,10,Tháng 10,2020-10,2020Q4,43,5,1,0
2020-10-25,2020,4,Q4,10,Tháng 10,2020-10,2020Q4,43,6,1,0
2020-10-26,2020,4,Q4,10,Tháng 10,2020-10,2020Q4,44,0,0,0
2020-10-27,2020,4,Q4,10,Tháng 10,2020-10,2020Q4,44,1,0,0
2020-10-28,2020,4,Q4,10,Tháng 10,2020-10,2020Q4,44,2,0,0
2020-10-29,2020,4,Q4,10,Tháng 10,2020-10,2020Q4,44,3,0,0
2020-10-30,2020,4,Q4,10,Tháng 10,2020-10,2020Q4,44,4,0,0
2020-10-31,2020,4,Q4,10,Tháng 10,2020-10,2020Q4,44,5,1,1
2020-11-01,2020,4,Q4,11,Tháng 11,2020-11,2020Q4,44,6,1,0
2020-11-02,2020,4,Q4,11,Tháng 11,2020-11,2020Q4,45,0,0,0
2020-11-03,2020,4,Q4,11,Tháng 11,2020-11,2020Q4,45,1,0,0
2020-11-04,2020,4,Q4,11,Tháng 11,2020-11,2020Q4,45,2,0,0
2020-11-05,2020,4,Q4,11,Tháng 11,2020-11,2020Q4,45,3,0,0
2020-11-06,2020,4,Q4,11,Tháng 11,2020-11,2020Q4,45,4,0,0
2020-11-07,2020,4,Q4,11,Tháng 11,2020-11,2020Q4,45,5,1,0
2020-11-08,2020,4,Q4,11,Tháng 11,2020-11,2020Q4,45,6,1,0
2020-11-09,2020,4,Q4,11,Tháng 11,2020-11,2020Q4,46,0,0,0
2020-11-10,2020,4,Q4,11,Tháng 11,2020-11,2020Q4,46,1,0,0
2020-11-11,2020,4,Q4,11,Tháng 11,2020-11,2020Q4,46,2,0,0
2020-11-12,2020,4,Q4,11,Tháng 11,2020-11,2020Q4,46,3,0,0
2020-11-13,2020,4,Q4,11,Tháng 11,2020-11,2020Q4,46,4,0,0
2020-11-14,2020,4,Q4,11,Tháng 11,2020-11,2020Q4,46,5,1,0
2020-11-15,2020,4,Q4,11,Tháng 11,2020-11,2020Q4,46,6,1,0
2020-11-16,2020,4,Q4,11,Tháng 11,2020-11,2020Q4,47,0,0,0
2020-11-17,2020,4,Q4,11,Tháng 11,2020-11,2020Q4,47,1,0,0
2020-11-18,2020,4,Q4,11,Tháng 11,2020-11,2020Q4,47,2,0,0
2020-11-19,2020,4,Q4,11,Tháng 11,2020-11,2020Q4,47,3,0,0
2020-11-20,2020,4,Q4,11,Tháng 11,2020-11,2020Q4,47,4,0,0
2020-11-21,2020,4,Q4,11,Tháng 11,2020-11,2020Q4,47,5,1,0
2020-11-22,2020,4,Q4,11,Tháng 11,2020-11,2020Q4,47,6,1,0
2020-11-23,2020,4,Q4,11,Tháng 11,2020-11,2020Q4,48,0,0,0
2020-11-24,2020,4,Q4,11,Tháng 11,2020-11,2020Q4,48,1,0,0
2020-11-25,2020,4,Q4,11,Tháng 11,2020-11,2020Q4,48,2,0,0
2020-11-26,2020,4,Q4,11,Tháng 11,2020-11,2020Q4,48,3,0,0
2020-11-27,2020,4,Q4,11,Tháng 11,2020-11,2020Q4,48,4,0,0
2020-11-28,2020,4,Q4,11,Tháng 11,2020-11,2020Q4,48,5,1,0
2020-11-29,2020,4,Q4,11,Tháng 11,2020-11,2020Q4,48,6,1,0
2020-11-30,2020,4,Q4,11,Tháng 11,2020-11,2020Q4,49,0,0,1
2020-12-01,2020,4,Q4,12,Tháng 12,2020-12,2020Q4,49,1,0,0
2020-12-02,2020,4,Q4,12,Tháng 12,2020-12,2020Q4,49,2,0,0
2020-12-03,2020,4,Q4,12,Tháng 12,2020-12,2020Q4,49,3,0,0
2020-12-04,2020,4,Q4,12,Tháng 12,2020-12,2020Q4,49,4,0,0
2020-12-05,2020,4,Q4,12,Tháng 12,2020-12,2020Q4,49,5,1,0
2020-12-06,2020,4,Q4,12,Tháng 12,2020-12,2020Q4,49,6,1,0
2020-12-07,2020,4,Q4,12,Tháng 12,2020-12,2020Q4,50,0,0,0
2020-12-08,2020,4,Q4,12,Tháng 12,2020-12,2020Q4,50,1,0,0
2020-12-09,2020,4,Q4,12,Tháng 12,2020-12,2020Q4,50,2,0,0
2020-12-10,2020,4,Q4,12,Tháng 12,2020-12,2020Q4,50,3,0,0
2020-12-11,2020,4,Q4,12,Tháng 12,2020-12,2020Q4,50,4,0,0
2020-12-12,2020,4,Q4,12,Tháng 12,2020-12,2020Q4,50,5,1,0
2020-12-13,2020,4,Q4,12,Tháng 12,2020-12,2020Q4,50,6,1,0
2020-12-14,2020,4,Q4,12,Tháng 12,2020-12,2020Q4,51,0,0,0
2020-12-15,2020,4,Q4,12,Tháng 12,2020-12,2020Q4,51,1,0,0
2020-12-16,2020,4,Q4,12,Tháng 12,2020-12,2020Q4,51,2,0,0
2020-12-17,2020,4,Q4,12,Tháng 12,2020-12,2020Q4,51,3,0,0
2020-12-18,2020,4,Q4,12,Tháng 12,2020-12,2020Q4,51,4,0,0
2020-12-19,2020,4,Q4,12,Tháng 12,2020-12,2020Q4,51,5,1,0
2020-12-20,2020,4,Q4,12,Tháng 12,2020-12,2020Q4,51,6,1,0
2020-12-21,2020,4,Q4,12,Tháng 12,2020-12,2020Q4,52,0,0,0
2020-12-22,2020,4,Q4,12,Tháng 12,2020-12,2020Q4,52,1,0,0
2020-12-23,2020,4,Q4,12,Tháng 12,2020-12,2020Q4,52,2,0,0
2020-12-24,2020,4,Q4,12,Tháng 12,2020-12,2020Q4,52,3,0,0
2020-12-25,2020,4,Q4,12,Tháng 12,2020-12,2020Q4,52,4,0,0
2020-12-26,2020,4,Q4,12,Tháng 12,2020-12,2020Q4,52,5,1,0
2020-12-27,2020,4,Q4,12,Tháng 12,2020-12,2020Q4,52,6,1,0
2020-12-28,2020,4,Q4,12,Tháng 12,2020-12,2020Q4,53,0,0,0
2020-12-29,2020,4,Q4,12,Tháng 12,2020-12,2020Q4,53,1,0,0
2020-12-30,2020,4,Q4,12,Tháng 12,2020-12,2020Q4,53,2,0,0
2020-12-31,2020,4,Q4,12,Tháng 12,2020-12,2020Q4,53,3,0,1
2021-01-01,2021,1,Q1,1,Tháng 1,2021-01,2021Q1,53,4,0,0
2021-01-02,2021,1,Q1,1,Tháng 1,2021-01,2021Q1,53,5,1,0
2021-01-03,2021,1,Q1,1,Tháng 1,2021-01,2021Q1,53,6,1,0
2021-01-04,2021,1,Q1,1,Tháng 1,2021-01,2021Q1,1,0,0,0
2021-01-05,2021,1,Q1,1,Tháng 1,2021-01,2021Q1,1,1,0,0
2021-01-06,2021,1,Q1,1,Tháng 1,2021-01,2021Q1,1,2,0,0
2021-01-07,2021,1,Q1,1,Tháng 1,2021-01,2021Q1,1,3,0,0
2021-01-08,2021,1,Q1,1,Tháng 1,2021-01,2021Q1,1,4,0,0
2021-01-09,2021,1,Q1,1,Tháng 1,2021-01,2021Q1,1,5,1,0
2021-01-10,2021,1,Q1,1,Tháng 1,2021-01,2021Q1,1,6,1,0
2021-01-11,2021,1,Q1,1,Tháng 1,2021-01,2021Q1,2,0,0,0
2021-01-12,2021,1,Q1,1,Tháng 1,2021-01,2021Q1,2,1,0,0
2021-01-13,2021,1,Q1,1,Tháng 1,2021-01,2021Q1,2,2,0,0
2021-01-14,2021,1,Q1,1,Tháng 1,2021-01,2021Q1,2,3,0,0
2021-01-15,2021,1,Q1,1,Tháng 1,2021-01,2021Q1,2,4,0,0
2021-01-16,2021,1,Q1,1,Tháng 1,2021-01,2021Q1,2,5,1,0
2021-01-17,2021,1,Q1,1,Tháng 1,2021-01,2021Q1,2,6,1,0
2021-01-18,2021,1,Q1,1,Tháng 1,2021-01,2021Q1,3,0,0,0
2021-01-19,2021,1,Q1,1,Tháng 1,2021-01,2021Q1,3,1,0,0
2021-01-20,2021,1,Q1,1,Tháng 1,2021-01,2021Q1,3,2,0,0
2021-01-21,2021,1,Q1,1,Tháng 1,2021-01,2021Q1,3,3,0,0
2021-01-22,2021,1,Q1,1,Tháng 1,2021-01,2021Q1,3,4,0,0
2021-01-23,2021,1,Q1,1,Tháng 1,2021-01,2021Q1,3,5,1,0
2021-01-24,2021,1,Q1,1,Tháng 1,2021-01,2021Q1,3,6,1,0
2021-01-25,2021,1,Q1,1,Tháng 1,2021-01,2021Q1,4,0,0,0
2021-01-26,2021,1,Q1,1,Tháng 1,2021-01,2021Q1,4,1,0,0
2021-01-27,2021,1,Q1,1,Tháng 1,2021-01,2021Q1,4,2,0,0
2021-01-28,2021,1,Q1,1,Tháng 1,2021-01,2021Q1,4,3,0,0
2021-01-29,2021,1,Q1,1,Tháng 1,2021-01,2021Q1,4,4,0,0
2021-01-30,2021,1,Q1,1,Tháng 1,2021-01,2021Q1,4,5,1,0
2021-01-31,2021,1,Q1,1,Tháng 1,2021-01,2021Q1,4,6,1,1
2021-02-01,2021,1,Q1,2,Tháng 2,2021-02,2021Q1,5,0,0,0
2021-02-02,2021,1,Q1,2,Tháng 2,2021-02,2021Q1,5,1,0,0
2021-02-03,2021,1,Q1,2,Tháng 2,2021-02,2021Q1,5,2,0,0
2021-02-04,2021,1,Q1,2,Tháng 2,2021-02,2021Q1,5,3,0,0
2021-02-05,2021,1,Q1,2,Tháng 2,2021-02,2021Q1,5,4,0,0
2021-02-06,2021,1,Q1,2,Tháng 2,2021-02,2021Q1,5,5,1,0
2021-02-07,2021,1,Q1,2,Tháng 2,2021-02,2021Q1,5,6,1,0
2021-02-08,2021,1,Q1,2,Tháng 2,2021-02,2021Q1,6,0,0,0
2021-02-09,2021,1,Q1,2,Tháng 2,2021-02,2021Q1,6,1,0,0
2021-02-10,2021,1,Q1,2,Tháng 2,2021-02,2021Q1,6,2,0,0
2021-02-11,2021,1,Q1,2,Tháng 2,2021-02,2021Q1,6,3,0,0
2021-02-12,2021,1,Q1,2,Tháng 2,2021-02,2021Q1,6,4,0,0
2021-02-13,2021,1,Q1,2,Tháng 2,2021-02,2021Q1,6,5,1,0
2021-02-14,2021,1,Q1,2,Tháng 2,2021-02,2021Q1,6,6,1,0
2021-02-15,2021,1,Q1,2,Tháng 2,2021-02,2021Q1,7,0,0,0
2021-02-16,2021,1,Q1,2,Tháng 2,2021-02,2021Q1,7,1,0,0
2021-02-17,2021,1,Q1,2,Tháng 2,2021-02,2021Q1,7,2,0,0
2021-02-18,2021,1,Q1,2,Tháng 2,2021-02,2021Q1,7,3,0,0
2021-02-19,2021,1,Q1,2,Tháng 2,2021-02,2021Q1,7,4,0,0
2021-02-20,2021,1,Q1,2,Tháng 2,2021-02,2021Q1,7,5,1,0
2021-02-21,2021,1,Q1,2,Tháng 2,2021-02,2021Q1,7,6,1,0
2021-02-22,2021,1,Q1,2,Tháng 2,2021-02,2021Q1,8,0,0,0
2021-02-23,2021,1,Q1,2,Tháng 2,2021-02,2021Q1,8,1,0,0
2021-02-24,2021,1,Q1,2,Tháng 2,2021-02,2021Q1,8,2,0,0
2021-02-25,2021,1,Q1,2,Tháng 2,2021-02,2021Q1,8,3,0,0
2021-02-26,2021,1,Q1,2,Tháng 2,2021-02,2021Q1,8,4,0,0
2021-02-27,2021,1,Q1,2,Tháng 2,2021-02,2021Q1,8,5,1,0
2021-02-28,2021,1,Q1,2,Tháng 2,2021-02,2021Q1,8,6,1,1
2021-03-01,2021,1,Q1,3,Tháng 3,2021-03,2021Q1,9,0,0,0
2021-03-02,2021,1,Q1,3,Tháng 3,2021-03,2021Q1,9,1,0,0
2021-03-03,2021,1,Q1,3,Tháng 3,2021-03,2021Q1,9,2,0,0
2021-03-04,2021,1,Q1,3,Tháng 3,2021-03,2021Q1,9,3,0,0
2021-03-05,2021,1,Q1,3,Tháng 3,2021-03,2021Q1,9,4,0,0
2021-03-06,2021,1,Q1,3,Tháng 3,2021-03,2021Q1,9,5,1,0
2021-03-07,2021,1,Q1,3,Tháng 3,2021-03,2021Q1,9,6,1,0
2021-03-08,2021,1,Q1,3,Tháng 3,2021-03,2021Q1,10,0,0,0
2021-03-09,2021,1,Q1,3,Tháng 3,2021-03,2021Q1,10,1,0,0
2021-03-10,2021,1,Q1,3,Tháng 3,2021-03,2021Q1,10,2,0,0
2021-03-11,2021,1,Q1,3,Tháng 3,2021-03,2021Q1,10,3,0,0
2021-03-12,2021,1,Q1,3,Tháng 3,2021-03,2021Q1,10,4,0,0
2021-03-13,2021,1,Q1,3,Tháng 3,2021-03,2021Q1,10,5,1,0
2021-03-14,2021,1,Q1,3,Tháng 3,2021-03,2021Q1,10,6,1,0
2021-03-15,2021,1,Q1,3,Tháng 3,2021-03,2021Q1,11,0,0,0
2021-03-16,2021,1,Q1,3,Tháng 3,2021-03,2021Q1,11,1,0,0
2021-03-17,2021,1,Q1,3,Tháng 3,2021-03,2021Q1,11,2,0,0
2021-03-18,2021,1,Q1,3,Tháng 3,2021-03,2021Q1,11,3,0,0
2021-03-19,2021,1,Q1,3,Tháng 3,2021-03,2021Q1,11,4,0,0
2021-03-20,2021,1,Q1,3,Tháng 3,2021-03,2021Q1,11,5,1,0
2021-03-21,2021,1,Q1,3,Tháng 3,2021-03,2021Q1,11,6,1,0
2021-03-22,2021,1,Q1,3,Tháng 3,2021-03,2021Q1,12,0,0,0
2021-03-23,2021,1,Q1,3,Tháng 3,2021-03,2021Q1,12,1,0,0
2021-03-24,2021,1,Q1,3,Tháng 3,2021-03,2021Q1,12,2,0,0
2021-03-25,2021,1,Q1,3,Tháng 3,2021-03,2021Q1,12,3,0,0
2021-03-26,2021,1,Q1,3,Tháng 3,2021-03,2021Q1,12,4,0,0
2021-03-27,2021,1,Q1,3,Tháng 3,2021-03,2021Q1,12,5,1,0
2021-03-28,2021,1,Q1,3,Tháng 3,2021-03,2021Q1,12,6,1,0
2021-03-29,2021,1,Q1,3,Tháng 3,2021-03,2021Q1,13,0,0,0
2021-03-30,2021,1,Q1,3,Tháng 3,2021-03,2021Q1,13,1,0,0
2021-03-31,2021,1,Q1,3,Tháng 3,2021-03,2021Q1,13,2,0,1
2021-04-01,2021,2,Q2,4,Tháng 4,2021-04,2021Q2,13,3,0,0
2021-04-02,2021,2,Q2,4,Tháng 4,2021-04,2021Q2,13,4,0,0
2021-04-03,2021,2,Q2,4,Tháng 4,2021-04,2021Q2,13,5,1,0
2021-04-04,2021,2,Q2,4,Tháng 4,2021-04,2021Q2,13,6,1,0
2021-04-05,2021,2,Q2,4,Tháng 4,2021-04,2021Q2,14,0,0,0
2021-04-06,2021,2,Q2,4,Tháng 4,2021-04,2021Q2,14,1,0,0
2021-04-07,2021,2,Q2,4,Tháng 4,2021-04,2021Q2,14,2,0,0
2021-04-08,2021,2,Q2,4,Tháng 4,2021-04,2021Q2,14,3,0,0
2021-04-09,2021,2,Q2,4,Tháng 4,2021-04,2021Q2,14,4,0,0
2021-04-10,2021,2,Q2,4,Tháng 4,2021-04,2021Q2,14,5,1,0
2021-04-11,2021,2,Q2,4,Tháng 4,2021-04,2021Q2,14,6,1,0
2021-04-12,2021,2,Q2,4,Tháng 4,2021-04,2021Q2,15,0,0,0
2021-04-13,2021,2,Q2,4,Tháng 4,2021-04,2021Q2,15,1,0,0
2021-04-14,2021,2,Q2,4,Tháng 4,2021-04,2021Q2,15,2,0,0
2021-04-15,2021,2,Q2,4,Tháng 4,2021-04,2021Q2,15,3,0,0
2021-04-16,2021,2,Q2,4,Tháng 4,2021-04,2021Q2,15,4,0,0
2021-04-17,2021,2,Q2,4,Tháng 4,2021-04,2021Q2,15,5,1,0
2021-04-18,2021,2,Q2,4,Tháng 4,2021-04,2021Q2,15,6,1,0
2021-04-19,2021,2,Q2,4,Tháng 4,2021-04,2021Q2,16,0,0,0
2021-04-20,2021,2,Q2,4,Tháng 4,2021-04,2021Q2,16,1,0,0
2021-04-21,2021,2,Q2,4,Tháng 4,2021-04,2021Q2,16,2,0,0
2021-04-22,2021,2,Q2,4,Tháng 4,2021-04,2021Q2,16,3,0,0
2021-04-23,2021,2,Q2,4,Tháng 4,2021-04,2021Q2,16,4,0,0
2021-04-24,2021,2,Q2,4,Tháng 4,2021-04,2021Q2,16,5,1,0
2021-04-25,2021,2,Q2,4,Tháng 4,2021-04,2021Q2,16,6,1,0
2021-04-26,2021,2,Q2,4,Tháng 4,2021-04,2021Q2,17,0,0,0
2021-04-27,2021,2,Q2,4,Tháng 4,2021-04,2021Q2,17,1,0,0
2021-04-28,2021,2,Q2,4,Tháng 4,2021-04,2021Q2,17,2,0,0
2021-04-29,2021,2,Q2,4,Tháng 4,2021-04,2021Q2,17,3,0,0
2021-04-30,2021,2,Q2,4,Tháng 4,2021-04,2021Q2,17,4,0,1
2021-05-01,2021,2,Q2,5,Tháng 5,2021-05,2021Q2,17,5,1,0
2021-05-02,2021,2,Q2,5,Tháng 5,2021-05,2021Q2,17,6,1,0
2021-05-03,2021,2,Q2,5,Tháng 5,2021-05,2021Q2,18,0,0,0
2021-05-04,2021,2,Q2,5,Tháng 5,2021-05,2021Q2,18,1,0,0
2021-05-05,2021,2,Q2,5,Tháng 5,2021-05,2021Q2,18,2,0,0
2021-05-06,2021,2,Q2,5,Tháng 5,2021-05,2021Q2,18,3,0,0
2021-05-07,2021,2,Q2,5,Tháng 5,2021-05,2021Q2,18,4,0,0
2021-05-08,2021,2,Q2,5,Tháng 5,2021-05,2021Q2,18,5,1,0
2021-05-09,2021,2,Q2,5,Tháng 5,2021-05,2021Q2,18,6,1,0
2021-05-10,2021,2,Q2,5,Tháng 5,2021-05,2021Q2,19,0,0,0
2021-05-11,2021,2,Q2,5,Tháng 5,2021-05,2021Q2,19,1,0,0
2021-05-12,2021,2,Q2,5,Tháng 5,2021-05,2021Q2,19,2,0,0
2021-05-13,2021,2,Q2,5,Tháng 5,2021-05,2021Q2,19,3,0,0
2021-05-14,2021,2,Q2,5,Tháng 5,2021-05,2021Q2,19,4,0,0
2021-05-15,2021,2,Q2,5,Tháng 5,2021-05,2021Q2,19,5,1,0
2021-05-16,2021,2,Q2,5,Tháng 5,2021-05,2021Q2,19,6,1,0
2021-05-17,2021,2,Q2,5,Tháng 5,2021-05,2021Q2,20,0,0,0
2021-05-18,2021,2,Q2,5,Tháng 5,2021-05,2021Q2,20,1,0,0
2021-05-19,2021,2,Q2,5,Tháng 5,2021-05,2021Q2,20,2,0,0
2021-05-20,2021,2,Q2,5,Tháng 5,2021-05,2021Q2,20,3,0,0
2021-05-21,2021,2,Q2,5,Tháng 5,2021-05,2021Q2,20,4,0,0
2021-05-22,2021,2,Q2,5,Tháng 5,2021-05,2021Q2,20,5,1,0
2021-05-23,2021,2,Q2,5,Tháng 5,2021-05,2021Q2,20,6,1,0
2021-05-24,2021,2,Q2,5,Tháng 5,2021-05,2021Q2,21,0,0,0
2021-05-25,2021,2,Q2,5,Tháng 5,2021-05,2021Q2,21,1,0,0
2021-05-26,2021,2,Q2,5,Tháng 5,2021-05,2021Q2,21,2,0,0
2021-05-27,2021,2,Q2,5,Tháng 5,2021-05,2021Q2,21,3,0,0
2021-05-28,2021,2,Q2,5,Tháng 5,2021-05,2021Q2,21,4,0,0
2021-05-29,2021,2,Q2,5,Tháng 5,2021-05,2021Q2,21,5,1,0
2021-05-30,2021,2,Q2,5,Tháng 5,2021-05,2021Q2,21,6,1,0
2021-05-31,2021,2,Q2,5,Tháng 5,2021-05,2021Q2,22,0,0,1
2021-06-01,2021,2,Q2,6,Tháng 6,2021-06,2021Q2,22,1,0,0
2021-06-02,2021,2,Q2,6,Tháng 6,2021-06,2021Q2,22,2,0,0
2021-06-03,2021,2,Q2,6,Tháng 6,2021-06,2021Q2,22,3,0,0
2021-06-04,2021,2,Q2,6,Tháng 6,2021-06,2021Q2,22,4,0,0
2021-06-05,2021,2,Q2,6,Tháng 6,2021-06,2021Q2,22,5,1,0
2021-06-06,2021,2,Q2,6,Tháng 6,2021-06,2021Q2,22,6,1,0
2021-06-07,2021,2,Q2,6,Tháng 6,2021-06,2021Q2,23,0,0,0
2021-06-08,2021,2,Q2,6,Tháng 6,2021-06,2021Q2,23,1,0,0
2021-06-09,2021,2,Q2,6,Tháng 6,2021-06,2021Q2,23,2,0,0
2021-06-10,2021,2,Q2,6,Tháng 6,2021-06,2021Q2,23,3,0,0
2021-06-11,2021,2,Q2,6,Tháng 6,2021-06,2021Q2,23,4,0,0
2021-06-12,2021,2,Q2,6,Tháng 6,2021-06,2021Q2,23,5,1,0
2021-06-13,2021,2,Q2,6,Tháng 6,2021-06,2021Q2,23,6,1,0
2021-06-14,2021,2,Q2,6,Tháng 6,2021-06,2021Q2,24,0,0,0
2021-06-15,2021,2,Q2,6,Tháng 6,2021-06,2021Q2,24,1,0,0
2021-06-16,2021,2,Q2,6,Tháng 6,2021-06,2021Q2,24,2,0,0
2021-06-17,2021,2,Q2,6,Tháng 6,2021-06,2021Q2,24,3,0,0
2021-06-18,2021,2,Q2,6,Tháng 6,2021-06,2021Q2,24,4,0,0
2021-06-19,2021,2,Q2,6,Tháng 6,2021-06,2021Q2,24,5,1,0
2021-06-20,2021,2,Q2,6,Tháng 6,2021-06,2021Q2,24,6,1,0
2021-06-21,2021,2,Q2,6,Tháng 6,2021-06,2021Q2,25,0,0,0
2021-06-22,2021,2,Q2,6,Tháng 6,2021-06,2021Q2,25,1,0,0
2021-06-23,2021,2,Q2,6,Tháng 6,2021-06,2021Q2,25,2,0,0
2021-06-24,2021,2,Q2,6,Tháng 6,2021-06,2021Q2,25,3,0,0
2021-06-25,2021,2,Q2,6,Tháng 6,2021-06,2021Q2,25,4,0,0
2021-06-26,2021,2,Q2,6,Tháng 6,2021-06,2021Q2,25,5,1,0
2021-06-27,2021,2,Q2,6,Tháng 6,2021-06,2021Q2,25,6,1,0
2021-06-28,2021,2,Q2,6,Tháng 6,2021-06,2021Q2,26,0,0,0
2021-06-29,2021,2,Q2,6,Tháng 6,2021-06,2021Q2,26,1,0,0
2021-06-30,2021,2,Q2,6,Tháng 6,2021-06,2021Q2,26,2,0,1
2021-07-01,2021,3,Q3,7,Tháng 7,2021-07,2021Q3,26,3,0,0
2021-07-02,2021,3,Q3,7,Tháng 7,2021-07,2021Q3,26,4,0,0
2021-07-03,2021,3,Q3,7,Tháng 7,2021-07,2021Q3,26,5,1,0
2021-07-04,2021,3,Q3,7,Tháng 7,2021-07,2021Q3,26,6,1,0
2021-07-05,2021,3,Q3,7,Tháng 7,2021-07,2021Q3,27,0,0,0
2021-07-06,2021,3,Q3,7,Tháng 7,2021-07,2021Q3,27,1,0,0
2021-07-07,2021,3,Q3,7,Tháng 7,2021-07,2021Q3,27,2,0,0
2021-07-08,2021,3,Q3,7,Tháng 7,2021-07,2021Q3,27,3,0,0
2021-07-09,2021,3,Q3,7,Tháng 7,2021-07,2021Q3,27,4,0,0
2021-07-10,2021,3,Q3,7,Tháng 7,2021-07,2021Q3,27,5,1,0
2021-07-11,2021,3,Q3,7,Tháng 7,2021-07,2021Q3,27,6,1,0
2021-07-12,2021,3,Q3,7,Tháng 7,2021-07,2021Q3,28,0,0,0
2021-07-13,2021,3,Q3,7,Tháng 7,2021-07,2021Q3,28,1,0,0
2021-07-14,2021,3,Q3,7,Tháng 7,2021-07,2021Q3,28,2,0,0
2021-07-15,2021,3,Q3,7,Tháng 7,2021-07,2021Q3,28,3,0,0
2021-07-16,2021,3,Q3,7,Tháng 7,2021-07,2021Q3,28,4,0,0
2021-07-17,2021,3,Q3,7,Tháng 7,2021-07,2021Q3,28,5,1,0
2021-07-18,2021,3,Q3,7,Tháng 7,2021-07,2021Q3,28,6,1,0
2021-07-19,2021,3,Q3,7,Tháng 7,2021-07,2021Q3,29,0,0,0
2021-07-20,2021,3,Q3,7,Tháng 7,2021-07,2021Q3,29,1,0,0
2021-07-21,2021,3,Q3,7,Tháng 7,2021-07,2021Q3,29,2,0,0
2021-07-22,2021,3,Q3,7,Tháng 7,2021-07,2021Q3,29,3,0,0
2021-07-23,2021,3,Q3,7,Tháng 7,2021-07,2021Q3,29,4,0,0
2021-07-24,2021,3,Q3,7,Tháng 7,2021-07,2021Q3,29,5,1,0
2021-07-25,2021,3,Q3,7,Tháng 7,2021-07,2021Q3,29,6,1,0
2021-07-26,2021,3,Q3,7,Tháng 7,2021-07,2021Q3,30,0,0,0
2021-07-27,2021,3,Q3,7,Tháng 7,2021-07,2021Q3,30,1,0,0
2021-07-28,2021,3,Q3,7,Tháng 7,2021-07,2021Q3,30,2,0,0
2021-07-29,2021,3,Q3,7,Tháng 7,2021-07,2021Q3,30,3,0,0
2021-07-30,2021,3,Q3,7,Tháng 7,2021-07,2021Q3,30,4,0,0
2021-07-31,2021,3,Q3,7,Tháng 7,2021-07,2021Q3,30,5,1,1
2021-08-01,2021,3,Q3,8,Tháng 8,2021-08,2021Q3,30,6,1,0
2021-08-02,2021,3,Q3,8,Tháng 8,2021-08,2021Q3,31,0,0,0
2021-08-03,2021,3,Q3,8,Tháng 8,2021-08,2021Q3,31,1,0,0
2021-08-04,2021,3,Q3,8,Tháng 8,2021-08,2021Q3,31,2,0,0
2021-08-05,2021,3,Q3,8,Tháng 8,2021-08,2021Q3,31,3,0,0
2021-08-06,2021,3,Q3,8,Tháng 8,2021-08,2021Q3,31,4,0,0
2021-08-07,2021,3,Q3,8,Tháng 8,2021-08,2021Q3,31,5,1,0
2021-08-08,2021,3,Q3,8,Tháng 8,2021-08,2021Q3,31,6,1,0
2021-08-09,2021,3,Q3,8,Tháng 8,2021-08,2021Q3,32,0,0,0
2021-08-10,2021,3,Q3,8,Tháng 8,2021-08,2021Q3,32,1,0,0
2021-08-11,2021,3,Q3,8,Tháng 8,2021-08,2021Q3,32,2,0,0
2021-08-12,2021,3,Q3,8,Tháng 8,2021-08,2021Q3,32,3,0,0
2021-08-13,2021,3,Q3,8,Tháng 8,2021-08,2021Q3,32,4,0,0
2021-08-14,2021,3,Q3,8,Tháng 8,2021-08,2021Q3,32,5,1,0
2021-08-15,2021,3,Q3,8,Tháng 8,2021-08,2021Q3,32,6,1,0
2021-08-16,2021,3,Q3,8,Tháng 8,2021-08,2021Q3,33,0,0,0
2021-08-17,2021,3,Q3,8,Tháng 8,2021-08,2021Q3,33,1,0,0
2021-08-18,2021,3,Q3,8,Tháng 8,2021-08,2021Q3,33,2,0,0
2021-08-19,2021,3,Q3,8,Tháng 8,2021-08,2021Q3,33,3,0,0
2021-08-20,2021,3,Q3,8,Tháng 8,2021-08,2021Q3,33,4,0,0
2021-08-21,2021,3,Q3,8,Tháng 8,2021-08,2021Q3,33,5,1,0
2021-08-22,2021,3,Q3,8,Tháng 8,2021-08,2021Q3,33,6,1,0
2021-08-23,2021,3,Q3,8,Tháng 8,2021-08,2021Q3,34,0,0,0
2021-08-24,2021,3,Q3,8,Tháng 8,2021-08,2021Q3,34,1,0,0
2021-08-25,2021,3,Q3,8,Tháng 8,2021-08,2021Q3,34,2,0,0
2021-08-26,2021,3,Q3,8,Tháng 8,2021-08,2021Q3,34,3,0,0
2021-08-27,2021,3,Q3,8,Tháng 8,2021-08,2021Q3,34,4,0,0
2021-08-28,2021,3,Q3,8,Tháng 8,2021-08,2021Q3,34,5,1,0
2021-08-29,2021,3,Q3,8,Tháng 8,2021-08,2021Q3,34,6,1,0
2021-08-30,2021,3,Q3,8,Tháng 8,2021-08,2021Q3,35,0,0,0
2021-08-31,2021,3,Q3,8,Tháng 8,2021-08,2021Q3,35,1,0,1
2021-09-01,2021,3,Q3,9,Tháng 9,2021-09,2021Q3,35,2,0,0
2021-09-02,2021,3,Q3,9,Tháng 9,2021-09,2021Q3,35,3,0,0
2021-09-03,2021,3,Q3,9,Tháng 9,2021-09,2021Q3,35,4,0,0
2021-09-04,2021,3,Q3,9,Tháng 9,2021-09,2021Q3,35,5,1,0
2021-09-05,2021,3,Q3,9,Tháng 9,2021-09,2021Q3,35,6,1,0
2021-09-06,2021,3,Q3,9,Tháng 9,2021-09,2021Q3,36,0,0,0
2021-09-07,2021,3,Q3,9,Tháng 9,2021-09,2021Q3,36,1,0,0
2021-09-08,2021,3,Q3,9,Tháng 9,2021-09,2021Q3,36,2,0,0
2021-09-09,2021,3,Q3,9,Tháng 9,2021-09,2021Q3,36,3,0,0
2021-09-10,2021,3,Q3,9,Tháng 9,2021-09,2021Q3,36,4,0,0
2021-09-11,2021,3,Q3,9,Tháng 9,2021-09,2021Q3,36,5,1,0
2021-09-12,2021,3,Q3,9,Tháng 9,2021-09,2021Q3,36,6,1,0
2021-09-13,2021,3,Q3,9,Tháng 9,2021-09,2021Q3,37,0,0,0
2021-09-14,2021,3,Q3,9,Tháng 9,2021-09,2021Q3,37,1,0,0
2021-09-15,2021,3,Q3,9,Tháng 9,2021-09,2021Q3,37,2,0,0
2021-09-16,2021,3,Q3,9,Tháng 9,2021-09,2021Q3,37,3,0,0
2021-09-17,2021,3,Q3,9,Tháng 9,2021-09,2021Q3,37,4,0,0
2021-09-18,2021,3,Q3,9,Tháng 9,2021-09,2021Q3,37,5,1,0
2021-09-19,2021,3,Q3,9,Tháng 9,2021-09,2021Q3,37,6,1,0
2021-09-20,2021,3,Q3,9,Tháng 9,2021-09,2021Q3,38,0,0,0
2021-09-21,2021,3,Q3,9,Tháng 9,2021-09,2021Q3,38,1,0,0
2021-09-22,2021,3,Q3,9,Tháng 9,2021-09,2021Q3,38,2,0,0
2021-09-23,2021,3,Q3,9,Tháng 9,2021-09,2021Q3,38,3,0,0
2021-09-24,2021,3,Q3,9,Tháng 9,2021-09,2021Q3,38,4,0,0
2021-09-25,2021,3,Q3,9,Tháng 9,2021-09,2021Q3,38,5,1,0
2021-09-26,2021,3,Q3,9,Tháng 9,2021-09,2021Q3,38,6,1,0
2021-09-27,2021,3,Q3,9,Tháng 9,2021-09,2021Q3,39,0,0,0
2021-09-28,2021,3,Q3,9,Tháng 9,2021-09,2021Q3,39,1,0,0
2021-09-29,2021,3,Q3,9,Tháng 9,2021-09,2021Q3,39,2,0,0
2021-09-30,2021,3,Q3,9,Tháng 9,2021-09,2021Q3,39,3,0,1
2021-10-01,2021,4,Q4,10,Tháng 10,2021-10,2021Q4,39,4,0,0
2021-10-02,2021,4,Q4,10,Tháng 10,2021-10,2021Q4,39,5,1,0
2021-10-03,2021,4,Q4,10,Tháng 10,2021-10,2021Q4,39,6,1,0
2021-10-04,2021,4,Q4,10,Tháng 10,2021-10,2021Q4,40,0,0,0
2021-10-05,2021,4,Q4,10,Tháng 10,2021-10,2021Q4,40,1,0,0
2021-10-06,2021,4,Q4,10,Tháng 10,2021-10,2021Q4,40,2,0,0
2021-10-07,2021,4,Q4,10,Tháng 10,2021-10,2021Q4,40,3,0,0
2021-10-08,2021,4,Q4,10,Tháng 10,2021-10,2021Q4,40,4,0,0
2021-10-09,2021,4,Q4,10,Tháng 10,2021-10,2021Q4,40,5,1,0
2021-10-10,2021,4,Q4,10,Tháng 10,2021-10,2021Q4,40,6,1,0
2021-10-11,2021,4,Q4,10,Tháng 10,2021-10,2021Q4,41,0,0,0
2021-10-12,2021,4,Q4,10,Tháng 10,2021-10,2021Q4,41,1,0,0
2021-10-13,2021,4,Q4,10,Tháng 10,2021-10,2021Q4,41,2,0,0
2021-10-14,2021,4,Q4,10,Tháng 10,2021-10,2021Q4,41,3,0,0
2021-10-15,2021,4,Q4,10,Tháng 10,2021-10,2021Q4,41,4,0,0
2021-10-16,2021,4,Q4,10,Tháng 10,2021-10,2021Q4,41,5,1,0
2021-10-17,2021,4,Q4,10,Tháng 10,2021-10,2021Q4,41,6,1,0
2021-10-18,2021,4,Q4,10,Tháng 10,2021-10,2021Q4,42,0,0,0
2021-10-19,2021,4,Q4,10,Tháng 10,2021-10,2021Q4,42,1,0,0
2021-10-20,2021,4,Q4,10,Tháng 10,2021-10,2021Q4,42,2,0,0
2021-10-21,2021,4,Q4,10,Tháng 10,2021-10,2021Q4,42,3,0,0
2021-10-22,2021,4,Q4,10,Tháng 10,2021-10,2021Q4,42,4,0,0
2021-10-23,2021,4,Q4,10,Tháng 10,2021-10,2021Q4,42,5,1,0
2021-10-24,2021,4,Q4,10,Tháng 10,2021-10,2021Q4,42,6,1,0
2021-10-25,2021,4,Q4,10,Tháng 10,2021-10,2021Q4,43,0,0,0
2021-10-26,2021,4,Q4,10,Tháng 10,2021-10,2021Q4,43,1,0,0
2021-10-27,2021,4,Q4,10,Tháng 10,2021-10,2021Q4,43,2,0,0
2021-10-28,2021,4,Q4,10,Tháng 10,2021-10,2021Q4,43,3,0,0
2021-10-29,2021,4,Q4,10,Tháng 10,2021-10,2021Q4,43,4,0,0
2021-10-30,2021,4,Q4,10,Tháng 10,2021-10,2021Q4,43,5,1,0
2021-10-31,2021,4,Q4,10,Tháng 10,2021-10,2021Q4,43,6,1,1
2021-11-01,2021,4,Q4,11,Tháng 11,2021-11,2021Q4,44,0,0,0
2021-11-02,2021,4,Q4,11,Tháng 11,2021-11,2021Q4,44,1,0,0
2021-11-03,2021,4,Q4,11,Tháng 11,2021-11,2021Q4,44,2,0,0
2021-11-04,2021,4,Q4,11,Tháng 11,2021-11,2021Q4,44,3,0,0
2021-11-05,2021,4,Q4,11,Tháng 11,2021-11,2021Q4,44,4,0,0
2021-11-06,2021,4,Q4,11,Tháng 11,2021-11,2021Q4,44,5,1,0
2021-11-07,2021,4,Q4,11,Tháng 11,2021-11,2021Q4,44,6,1,0
2021-11-08,2021,4,Q4,11,Tháng 11,2021-11,2021Q4,45,0,0,0
2021-11-09,2021,4,Q4,11,Tháng 11,2021-11,2021Q4,45,1,0,0
2021-11-10,2021,4,Q4,11,Tháng 11,2021-11,2021Q4,45,2,0,0
2021-11-11,2021,4,Q4,11,Tháng 11,2021-11,2021Q4,45,3,0,0
2021-11-12,2021,4,Q4,11,Tháng 11,2021-11,2021Q4,45,4,0,0
2021-11-13,2021,4,Q4,11,Tháng 11,2021-11,2021Q4,45,5,1,0
2021-11-14,2021,4,Q4,11,Tháng 11,2021-11,2021Q4,45,6,1,0
2021-11-15,2021,4,Q4,11,Tháng 11,2021-11,2021Q4,46,0,0,0
2021-11-16,2021,4,Q4,11,Tháng 11,2021-11,2021Q4,46,1,0,0
2021-11-17,2021,4,Q4,11,Tháng 11,2021-11,2021Q4,46,2,0,0
2021-11-18,2021,4,Q4,11,Tháng 11,2021-11,2021Q4,46,3,0,0
2021-11-19,2021,4,Q4,11,Tháng 11,2021-11,2021Q4,46,4,0,0
2021-11-20,2021,4,Q4,11,Tháng 11,2021-11,2021Q4,46,5,1,0
2021-11-21,2021,4,Q4,11,Tháng 11,2021-11,2021Q4,46,6,1,0
2021-11-22,2021,4,Q4,11,Tháng 11,2021-11,2021Q4,47,0,0,0
2021-11-23,2021,4,Q4,11,Tháng 11,2021-11,2021Q4,47,1,0,0
2021-11-24,2021,4,Q4,11,Tháng 11,2021-11,2021Q4,47,2,0,0
2021-11-25,2021,4,Q4,11,Tháng 11,2021-11,2021Q4,47,3,0,0
2021-11-26,2021,4,Q4,11,Tháng 11,2021-11,2021Q4,47,4,0,0
2021-11-27,2021,4,Q4,11,Tháng 11,2021-11,2021Q4,47,5,1,0
2021-11-28,2021,4,Q4,11,Tháng 11,2021-11,2021Q4,47,6,1,0
2021-11-29,2021,4,Q4,11,Tháng 11,2021-11,2021Q4,48,0,0,0
2021-11-30,2021,4,Q4,11,Tháng 11,2021-11,2021Q4,48,1,0,1
2021-12-01,2021,4,Q4,12,Tháng 12,2021-12,2021Q4,48,2,0,0
2021-12-02,2021,4,Q4,12,Tháng 12,2021-12,2021Q4,48,3,0,0
2021-12-03,2021,4,Q4,12,Tháng 12,2021-12,2021Q4,48,4,0,0
2021-12-04,2021,4,Q4,12,Tháng 12,2021-12,2021Q4,48,5,1,0
2021-12-05,2021,4,Q4,12,Tháng 12,2021-12,2021Q4,48,6,1,0
2021-12-06,2021,4,Q4,12,Tháng 12,2021-12,2021Q4,49,0,0,0
2021-12-07,2021,4,Q4,12,Tháng 12,2021-12,2021Q4,49,1,0,0
2021-12-08,2021,4,Q4,12,Tháng 12,2021-12,2021Q4,49,2,0,0
2021-12-09,2021,4,Q4,12,Tháng 12,2021-12,2021Q4,49,3,0,0
2021-12-10,2021,4,Q4,12,Tháng 12,2021-12,2021Q4,49,4,0,0
2021-12-11,2021,4,Q4,12,Tháng 12,2021-12,2021Q4,49,5,1,0
2021-12-12,2021,4,Q4,12,Tháng 12,2021-12,2021Q4,49,6,1,0
2021-12-13,2021,4,Q4,12,Tháng 12,2021-12,2021Q4,50,0,0,0
2021-12-14,2021,4,Q4,12,Tháng 12,2021-12,2021Q4,50,1,0,0
2021-12-15,2021,4,Q4,12,Tháng 12,2021-12,2021Q4,50,2,0,0
2021-12-16,2021,4,Q4,12,Tháng 12,2021-12,2021Q4,50,3,0,0
2021-12-17,2021,4,Q4,12,Tháng 12,2021-12,2021Q4,50,4,0,0
2021-12-18,2021,4,Q4,12,Tháng 12,2021-12,2021Q4,50,5,1,0
2021-12-19,2021,4,Q4,12,Tháng 12,2021-12,2021Q4,50,6,1,0
2021-12-20,2021,4,Q4,12,Tháng 12,2021-12,2021Q4,51,0,0,0
2021-12-21,2021,4,Q4,12,Tháng 12,2021-12,2021Q4,51,1,0,0
2021-12-22,2021,4,Q4,12,Tháng 12,2021-12,2021Q4,51,2,0,0
2021-12-23,2021,4,Q4,12,Tháng 12,2021-12,2021Q4,51,3,0,0
2021-12-24,2021,4,Q4,12,Tháng 12,2021-12,2021Q4,51,4,0,0
2021-12-25,2021,4,Q4,12,Tháng 12,2021-12,2021Q4,51,5,1,0
2021-12-26,2021,4,Q4,12,Tháng 12,2021-12,2021Q4,51,6,1,0
2021-12-27,2021,4,Q4,12,Tháng 12,2021-12,2021Q4,52,0,0,0
2021-12-28,2021,4,Q4,12,Tháng 12,2021-12,2021Q4,52,1,0,0
2021-12-29,2021,4,Q4,12,Tháng 12,2021-12,2021Q4,52,2,0,0
2021-12-30,2021,4,Q4,12,Tháng 12,2021-12,2021Q4,52,3,0,0
2021-12-31,2021,4,Q4,12,Tháng 12,2021-12,2021Q4,52,4,0,1
2022-01-01,2022,1,Q1,1,Tháng 1,2022-01,2022Q1,52,5,1,0
2022-01-02,2022,1,Q1,1,Tháng 1,2022-01,2022Q1,52,6,1,0
2022-01-03,2022,1,Q1,1,Tháng 1,2022-01,2022Q1,1,0,0,0
2022-01-04,2022,1,Q1,1,Tháng 1,2022-01,2022Q1,1,1,0,0
2022-01-05,2022,1,Q1,1,Tháng 1,2022-01,2022Q1,1,2,0,0
2022-01-06,2022,1,Q1,1,Tháng 1,2022-01,2022Q1,1,3,0,0
2022-01-07,2022,1,Q1,1,Tháng 1,2022-01,2022Q1,1,4,0,0
2022-01-08,2022,1,Q1,1,Tháng 1,2022-01,2022Q1,1,5,1,0
2022-01-09,2022,1,Q1,1,Tháng 1,2022-01,2022Q1,1,6,1,0
2022-01-10,2022,1,Q1,1,Tháng 1,2022-01,2022Q1,2,0,0,0
2022-01-11,2022,1,Q1,1,Tháng 1,2022-01,2022Q1,2,1,0,0
2022-01-12,2022,1,Q1,1,Tháng 1,2022-01,2022Q1,2,2,0,0
2022-01-13,2022,1,Q1,1,Tháng 1,2022-01,2022Q1,2,3,0,0
2022-01-14,2022,1,Q1,1,Tháng 1,2022-01,2022Q1,2,4,0,0
2022-01-15,2022,1,Q1,1,Tháng 1,2022-01,2022Q1,2,5,1,0
2022-01-16,2022,1,Q1,1,Tháng 1,2022-01,2022Q1,2,6,1,0
2022-01-17,2022,1,Q1,1,Tháng 1,2022-01,2022Q1,3,0,0,0
2022-01-18,2022,1,Q1,1,Tháng 1,2022-01,2022Q1,3,1,0,0
2022-01-19,2022,1,Q1,1,Tháng 1,2022-01,2022Q1,3,2,0,0
2022-01-20,2022,1,Q1,1,Tháng 1,2022-01,2022Q1,3,3,0,0
2022-01-21,2022,1,Q1,1,Tháng 1,2022-01,2022Q1,3,4,0,0
2022-01-22,2022,1,Q1,1,Tháng 1,2022-01,2022Q1,3,5,1,0
2022-01-23,2022,1,Q1,1,Tháng 1,2022-01,2022Q1,3,6,1,0
2022-01-24,2022,1,Q1,1,Tháng 1,2022-01,2022Q1,4,0,0,0
2022-01-25,2022,1,Q1,1,Tháng 1,2022-01,2022Q1,4,1,0,0
2022-01-26,2022,1,Q1,1,Tháng 1,2022-01,2022Q1,4,2,0,0
2022-01-27,2022,1,Q1,1,Tháng 1,2022-01,2022Q1,4,3,0,0
2022-01-28,2022,1,Q1,1,Tháng 1,2022-01,2022Q1,4,4,0,0
2022-01-29,2022,1,Q1,1,Tháng 1,2022-01,2022Q1,4,5,1,0
2022-01-30,2022,1,Q1,1,Tháng 1,2022-01,2022Q1,4,6,1,0
2022-01-31,2022,1,Q1,1,Tháng 1,2022-01,2022Q1,5,0,0,1
2022-02-01,2022,1,Q1,2,Tháng 2,2022-02,2022Q1,5,1,0,0
2022-02-02,2022,1,Q1,2,Tháng 2,2022-02,2022Q1,5,2,0,0
2022-02-03,2022,1,Q1,2,Tháng 2,2022-02,2022Q1,5,3,0,0
2022-02-04,2022,1,Q1,2,Tháng 2,2022-02,2022Q1,5,4,0,0
2022-02-05,2022,1,Q1,2,Tháng 2,2022-02,2022Q1,5,5,1,0
2022-02-06,2022,1,Q1,2,Tháng 2,2022-02,2022Q1,5,6,1,0
2022-02-07,2022,1,Q1,2,Tháng 2,2022-02,2022Q1,6,0,0,0
2022-02-08,2022,1,Q1,2,Tháng 2,2022-02,2022Q1,6,1,0,0
2022-02-09,2022,1,Q1,2,Tháng 2,2022-02,2022Q1,6,2,0,0
2022-02-10,2022,1,Q1,2,Tháng 2,2022-02,2022Q1,6,3,0,0
2022-02-11,2022,1,Q1,2,Tháng 2,2022-02,2022Q1,6,4,0,0
2022-02-12,2022,1,Q1,2,Tháng 2,2022-02,2022Q1,6,5,1,0
2022-02-13,2022,1,Q1,2,Tháng 2,2022-02,2022Q1,6,6,1,0
2022-02-14,2022,1,Q1,2,Tháng 2,2022-02,2022Q1,7,0,0,0
2022-02-15,2022,1,Q1,2,Tháng 2,2022-02,2022Q1,7,1,0,0
2022-02-16,2022,1,Q1,2,Tháng 2,2022-02,2022Q1,7,2,0,0
2022-02-17,2022,1,Q1,2,Tháng 2,2022-02,2022Q1,7,3,0,0
2022-02-18,2022,1,Q1,2,Tháng 2,2022-02,2022Q1,7,4,0,0
2022-02-19,2022,1,Q1,2,Tháng 2,2022-02,2022Q1,7,5,1,0
2022-02-20,2022,1,Q1,2,Tháng 2,2022-02,2022Q1,7,6,1,0
2022-02-21,2022,1,Q1,2,Tháng 2,2022-02,2022Q1,8,0,0,0
2022-02-22,2022,1,Q1,2,Tháng 2,2022-02,2022Q1,8,1,0,0
2022-02-23,2022,1,Q1,2,Tháng 2,2022-02,2022Q1,8,2,0,0
2022-02-24,2022,1,Q1,2,Tháng 2,2022-02,2022Q1,8,3,0,0
2022-02-25,2022,1,Q1,2,Tháng 2,2022-02,2022Q1,8,4,0,0
2022-02-26,2022,1,Q1,2,Tháng 2,2022-02,2022Q1,8,5,1,0
2022-02-27,2022,1,Q1,2,Tháng 2,2022-02,2022Q1,8,6,1,0
2022-02-28,2022,1,Q1,2,Tháng 2,2022-02,2022Q1,9,0,0,1
2022-03-01,2022,1,Q1,3,Tháng 3,2022-03,2022Q1,9,1,0,0
2022-03-02,2022,1,Q1,3,Tháng 3,2022-03,2022Q1,9,2,0,0
2022-03-03,2022,1,Q1,3,Tháng 3,2022-03,2022Q1,9,3,0,0
2022-03-04,2022,1,Q1,3,Tháng 3,2022-03,2022Q1,9,4,0,0
2022-03-05,2022,1,Q1,3,Tháng 3,2022-03,2022Q1,9,5,1,0
2022-03-06,2022,1,Q1,3,Tháng 3,2022-03,2022Q1,9,6,1,0
2022-03-07,2022,1,Q1,3,Tháng 3,2022-03,2022Q1,10,0,0,0
2022-03-08,2022,1,Q1,3,Tháng 3,2022-03,2022Q1,10,1,0,0
2022-03-09,2022,1,Q1,3,Tháng 3,2022-03,2022Q1,10,2,0,0
2022-03-10,2022,1,Q1,3,Tháng 3,2022-03,2022Q1,10,3,0,0
2022-03-11,2022,1,Q1,3,Tháng 3,2022-03,2022Q1,10,4,0,0
2022-03-12,2022,1,Q1,3,Tháng 3,2022-03,2022Q1,10,5,1,0
2022-03-13,2022,1,Q1,3,Tháng 3,2022-03,2022Q1,10,6,1,0
2022-03-14,2022,1,Q1,3,Tháng 3,2022-03,2022Q1,11,0,0,0
2022-03-15,2022,1,Q1,3,Tháng 3,2022-03,2022Q1,11,1,0,0
2022-03-16,2022,1,Q1,3,Tháng 3,2022-03,2022Q1,11,2,0,0
2022-03-17,2022,1,Q1,3,Tháng 3,2022-03,2022Q1,11,3,0,0
2022-03-18,2022,1,Q1,3,Tháng 3,2022-03,2022Q1,11,4,0,0
2022-03-19,2022,1,Q1,3,Tháng 3,2022-03,2022Q1,11,5,1,0
2022-03-20,2022,1,Q1,3,Tháng 3,2022-03,2022Q1,11,6,1,0
2022-03-21,2022,1,Q1,3,Tháng 3,2022-03,2022Q1,12,0,0,0
2022-03-22,2022,1,Q1,3,Tháng 3,2022-03,2022Q1,12,1,0,0
2022-03-23,2022,1,Q1,3,Tháng 3,2022-03,2022Q1,12,2,0,0
2022-03-24,2022,1,Q1,3,Tháng 3,2022-03,2022Q1,12,3,0,0
2022-03-25,2022,1,Q1,3,Tháng 3,2022-03,2022Q1,12,4,0,0
2022-03-26,2022,1,Q1,3,Tháng 3,2022-03,2022Q1,12,5,1,0
2022-03-27,2022,1,Q1,3,Tháng 3,2022-03,2022Q1,12,6,1,0
2022-03-28,2022,1,Q1,3,Tháng 3,2022-03,2022Q1,13,0,0,0
2022-03-29,2022,1,Q1,3,Tháng 3,2022-03,2022Q1,13,1,0,0
2022-03-30,2022,1,Q1,3,Tháng 3,2022-03,2022Q1,13,2,0,0
2022-03-31,2022,1,Q1,3,Tháng 3,2022-03,2022Q1,13,3,0,1
2022-04-01,2022,2,Q2,4,Tháng 4,2022-04,2022Q2,13,4,0,0
2022-04-02,2022,2,Q2,4,Tháng 4,2022-04,2022Q2,13,5,1,0
2022-04-03,2022,2,Q2,4,Tháng 4,2022-04,2022Q2,13,6,1,0
2022-04-04,2022,2,Q2,4,Tháng 4,2022-04,2022Q2,14,0,0,0
2022-04-05,2022,2,Q2,4,Tháng 4,2022-04,2022Q2,14,1,0,0
2022-04-06,2022,2,Q2,4,Tháng 4,2022-04,2022Q2,14,2,0,0
2022-04-07,2022,2,Q2,4,Tháng 4,2022-04,2022Q2,14,3,0,0
2022-04-08,2022,2,Q2,4,Tháng 4,2022-04,2022Q2,14,4,0,0
2022-04-09,2022,2,Q2,4,Tháng 4,2022-04,2022Q2,14,5,1,0
2022-04-10,2022,2,Q2,4,Tháng 4,2022-04,2022Q2,14,6,1,0
2022-04-11,2022,2,Q2,4,Tháng 4,2022-04,2022Q2,15,0,0,0
2022-04-12,2022,2,Q2,4,Tháng 4,2022-04,2022Q2,15,1,0,0
2022-04-13,2022,2,Q2,4,Tháng 4,2022-04,2022Q2,15,2,0,0
2022-04-14,2022,2,Q2,4,Tháng 4,2022-04,2022Q2,15,3,0,0
2022-04-15,2022,2,Q2,4,Tháng 4,2022-04,2022Q2,15,4,0,0
2022-04-16,2022,2,Q2,4,Tháng 4,2022-04,2022Q2,15,5,1,0
2022-04-17,2022,2,Q2,4,Tháng 4,2022-04,2022Q2,15,6,1,0
2022-04-18,2022,2,Q2,4,Tháng 4,2022-04,2022Q2,16,0,0,0
2022-04-19,2022,2,Q2,4,Tháng 4,2022-04,2022Q2,16,1,0,0
2022-04-20,2022,2,Q2,4,Tháng 4,2022-04,2022Q2,16,2,0,0
2022-04-21,2022,2,Q2,4,Tháng 4,2022-04,2022Q2,16,3,0,0
2022-04-22,2022,2,Q2,4,Tháng 4,2022-04,2022Q2,16,4,0,0
2022-04-23,2022,2,Q2,4,Tháng 4,2022-04,2022Q2,16,5,1,0
2022-04-24,2022,2,Q2,4,Tháng 4,2022-04,2022Q2,16,6,1,0
2022-04-25,2022,2,Q2,4,Tháng 4,2022-04,2022Q2,17,0,0,0
2022-04-26,2022,2,Q2,4,Tháng 4,2022-04,2022Q2,17,1,0,0
2022-04-27,2022,2,Q2,4,Tháng 4,2022-04,2022Q2,17,2,0,0
2022-04-28,2022,2,Q2,4,Tháng 4,2022-04,2022Q2,17,3,0,0
2022-04-29,2022,2,Q2,4,Tháng 4,2022-04,2022Q2,17,4,0,0
2022-04-30,2022,2,Q2,4,Tháng 4,2022-04,2022Q2,17,5,1,1
2022-05-01,2022,2,Q2,5,Tháng 5,2022-05,2022Q2,17,6,1,0
2022-05-02,2022,2,Q2,5,Tháng 5,2022-05,2022Q2,18,0,0,0
2022-05-03,2022,2,Q2,5,Tháng 5,2022-05,2022Q2,18,1,0,0
2022-05-04,2022,2,Q2,5,Tháng 5,2022-05,2022Q2,18,2,0,0
2022-05-05,2022,2,Q2,5,Tháng 5,2022-05,2022Q2,18,3,0,0
2022-05-06,2022,2,Q2,5,Tháng 5,2022-05,2022Q2,18,4,0,0
2022-05-07,2022,2,Q2,5,Tháng 5,2022-05,2022Q2,18,5,1,0
2022-05-08,2022,2,Q2,5,Tháng 5,2022-05,2022Q2,18,6,1,0
2022-05-09,2022,2,Q2,5,Tháng 5,2022-05,2022Q2,19,0,0,0
2022-05-10,2022,2,Q2,5,Tháng 5,2022-05,2022Q2,19,1,0,0
2022-05-11,2022,2,Q2,5,Tháng 5,2022-05,2022Q2,19,2,0,0
2022-05-12,2022,2,Q2,5,Tháng 5,2022-05,2022Q2,19,3,0,0
2022-05-13,2022,2,Q2,5,Tháng 5,2022-05,2022Q2,19,4,0,0
2022-05-14,2022,2,Q2,5,Tháng 5,2022-05,2022Q2,19,5,1,0
2022-05-15,2022,2,Q2,5,Tháng 5,2022-05,2022Q2,19,6,1,0
2022-05-16,2022,2,Q2,5,Tháng 5,2022-05,2022Q2,20,0,0,0
2022-05-17,2022,2,Q2,5,Tháng 5,2022-05,2022Q2,20,1,0,0
2022-05-18,2022,2,Q2,5,Tháng 5,2022-05,2022Q2,20,2,0,0
2022-05-19,2022,2,Q2,5,Tháng 5,2022-05,2022Q2,20,3,0,0
2022-05-20,2022,2,Q2,5,Tháng 5,2022-05,2022Q2,20,4,0,0
2022-05-21,2022,2,Q2,5,Tháng 5,2022-05,2022Q2,20,5,1,0
2022-05-22,2022,2,Q2,5,Tháng 5,2022-05,2022Q2,20,6,1,0
2022-05-23,2022,2,Q2,5,Tháng 5,2022-05,2022Q2,21,0,0,0
2022-05-24,2022,2,Q2,5,Tháng 5,2022-05,2022Q2,21,1,0,0
2022-05-25,2022,2,Q2,5,Tháng 5,2022-05,2022Q2,21,2,0,0
2022-05-26,2022,2,Q2,5,Tháng 5,2022-05,2022Q2,21,3,0,0
2022-05-27,2022,2,Q2,5,Tháng 5,2022-05,2022Q2,21,4,0,0
2022-05-28,2022,2,Q2,5,Tháng 5,2022-05,2022Q2,21,5,1,0
2022-05-29,2022,2,Q2,5,Tháng 5,2022-05,2022Q2,21,6,1,0
2022-05-30,2022,2,Q2,5,Tháng 5,2022-05,2022Q2,22,0,0,0
2022-05-31,2022,2,Q2,5,Tháng 5,2022-05,2022Q2,22,1,0,1
2022-06-01,2022,2,Q2,6,Tháng 6,2022-06,2022Q2,22,2,0,0
2022-06-02,2022,2,Q2,6,Tháng 6,2022-06,2022Q2,22,3,0,0
2022-06-03,2022,2,Q2,6,Tháng 6,2022-06,2022Q2,22,4,0,0
2022-06-04,2022,2,Q2,6,Tháng 6,2022-06,2022Q2,22,5,1,0
2022-06-05,2022,2,Q2,6,Tháng 6,2022-06,2022Q2,22,6,1,0
2022-06-06,2022,2,Q2,6,Tháng 6,2022-06,2022Q2,23,0,0,0
2022-06-07,2022,2,Q2,6,Tháng 6,2022-06,2022Q2,23,1,0,0
2022-06-08,2022,2,Q2,6,Tháng 6,2022-06,2022Q2,23,2,0,0
2022-06-09,2022,2,Q2,6,Tháng 6,2022-06,2022Q2,23,3,0,0
2022-06-10,2022,2,Q2,6,Tháng 6,2022-06,2022Q2,23,4,0,0
2022-06-11,2022,2,Q2,6,Tháng 6,2022-06,2022Q2,23,5,1,0
2022-06-12,2022,2,Q2,6,Tháng 6,2022-06,2022Q2,23,6,1,0
2022-06-13,2022,2,Q2,6,Tháng 6,2022-06,2022Q2,24,0,0,0
2022-06-14,2022,2,Q2,6,Tháng 6,2022-06,2022Q2,24,1,0,0
2022-06-15,2022,2,Q2,6,Tháng 6,2022-06,2022Q2,24,2,0,0
2022-06-16,2022,2,Q2,6,Tháng 6,2022-06,2022Q2,24,3,0,0
2022-06-17,2022,2,Q2,6,Tháng 6,2022-06,2022Q2,24,4,0,0
2022-06-18,2022,2,Q2,6,Tháng 6,2022-06,2022Q2,24,5,1,0
2022-06-19,2022,2,Q2,6,Tháng 6,2022-06,2022Q2,24,6,1,0
2022-06-20,2022,2,Q2,6,Tháng 6,2022-06,2022Q2,25,0,0,0
2022-06-21,2022,2,Q2,6,Tháng 6,2022-06,2022Q2,25,1,0,0
2022-06-22,2022,2,Q2,6,Tháng 6,2022-06,2022Q2,25,2,0,0
2022-06-23,2022,2,Q2,6,Tháng 6,2022-06,2022Q2,25,3,0,0
2022-06-24,2022,2,Q2,6,Tháng 6,2022-06,2022Q2,25,4,0,0
2022-06-25,2022,2,Q2,6,Tháng 6,2022-06,2022Q2,25,5,1,0
2022-06-26,2022,2,Q2,6,Tháng 6,2022-06,2022Q2,25,6,1,0
2022-06-27,2022,2,Q2,6,Tháng 6,2022-06,2022Q2,26,0,0,0
2022-06-28,2022,2,Q2,6,Tháng 6,2022-06,2022Q2,26,1,0,0
2022-06-29,2022,2,Q2,6,Tháng 6,2022-06,2022Q2,26,2,0,0
2022-06-30,2022,2,Q2,6,Tháng 6,2022-06,2022Q2,26,3,0,1
2022-07-01,2022,3,Q3,7,Tháng 7,2022-07,2022Q3,26,4,0,0
2022-07-02,2022,3,Q3,7,Tháng 7,2022-07,2022Q3,26,5,1,0
2022-07-03,2022,3,Q3,7,Tháng 7,2022-07,2022Q3,26,6,1,0
2022-07-04,2022,3,Q3,7,Tháng 7,2022-07,2022Q3,27,0,0,0
2022-07-05,2022,3,Q3,7,Tháng 7,2022-07,2022Q3,27,1,0,0
2022-07-06,2022,3,Q3,7,Tháng 7,2022-07,2022Q3,27,2,0,0
2022-07-07,2022,3,Q3,7,Tháng 7,2022-07,2022Q3,27,3,0,0
2022-07-08,2022,3,Q3,7,Tháng 7,2022-07,2022Q3,27,4,0,0
2022-07-09,2022,3,Q3,7,Tháng 7,2022-07,2022Q3,27,5,1,0
2022-07-10,2022,3,Q3,7,Tháng 7,2022-07,2022Q3,27,6,1,0
2022-07-11,2022,3,Q3,7,Tháng 7,2022-07,2022Q3,28,0,0,0
2022-07-12,2022,3,Q3,7,Tháng 7,2022-07,2022Q3,28,1,0,0
2022-07-13,2022,3,Q3,7,Tháng 7,2022-07,2022Q3,28,2,0,0
2022-07-14,2022,3,Q3,7,Tháng 7,2022-07,2022Q3,28,3,0,0
2022-07-15,2022,3,Q3,7,Tháng 7,2022-07,2022Q3,28,4,0,0
2022-07-16,2022,3,Q3,7,Tháng 7,2022-07,2022Q3,28,5,1,0
2022-07-17,2022,3,Q3,7,Tháng 7,2022-07,2022Q3,28,6,1,0
2022-07-18,2022,3,Q3,7,Tháng 7,2022-07,2022Q3,29,0,0,0
2022-07-19,2022,3,Q3,7,Tháng 7,2022-07,2022Q3,29,1,0,0
2022-07-20,2022,3,Q3,7,Tháng 7,2022-07,2022Q3,29,2,0,0
2022-07-21,2022,3,Q3,7,Tháng 7,2022-07,2022Q3,29,3,0,0
2022-07-22,2022,3,Q3,7,Tháng 7,2022-07,2022Q3,29,4,0,0
2022-07-23,2022,3,Q3,7,Tháng 7,2022-07,2022Q3,29,5,1,0
2022-07-24,2022,3,Q3,7,Tháng 7,2022-07,2022Q3,29,6,1,0
2022-07-25,2022,3,Q3,7,Tháng 7,2022-07,2022Q3,30,0,0,0
2022-07-26,2022,3,Q3,7,Tháng 7,2022-07,2022Q3,30,1,0,0
2022-07-27,2022,3,Q3,7,Tháng 7,2022-07,2022Q3,30,2,0,0
2022-07-28,2022,3,Q3,7,Tháng 7,2022-07,2022Q3,30,3,0,0
2022-07-29,2022,3,Q3,7,Tháng 7,2022-07,2022Q3,30,4,0,0
2022-07-30,2022,3,Q3,7,Tháng 7,2022-07,2022Q3,30,5,1,0
2022-07-31,2022,3,Q3,7,Tháng 7,2022-07,2022Q3,30,6,1,1
2022-08-01,2022,3,Q3,8,Tháng 8,2022-08,2022Q3,31,0,0,0
2022-08-02,2022,3,Q3,8,Tháng 8,2022-08,2022Q3,31,1,0,0
2022-08-03,2022,3,Q3,8,Tháng 8,2022-08,2022Q3,31,2,0,0
2022-08-04,2022,3,Q3,8,Tháng 8,2022-08,2022Q3,31,3,0,0
2022-08-05,2022,3,Q3,8,Tháng 8,2022-08,2022Q3,31,4,0,0
2022-08-06,2022,3,Q3,8,Tháng 8,2022-08,2022Q3,31,5,1,0
2022-08-07,2022,3,Q3,8,Tháng 8,2022-08,2022Q3,31,6,1,0
2022-08-08,2022,3,Q3,8,Tháng 8,2022-08,2022Q3,32,0,0,0
2022-08-09,2022,3,Q3,8,Tháng 8,2022-08,2022Q3,32,1,0,0
2022-08-10,2022,3,Q3,8,Tháng 8,2022-08,2022Q3,32,2,0,0
2022-08-11,2022,3,Q3,8,Tháng 8,2022-08,2022Q3,32,3,0,0
2022-08-12,2022,3,Q3,8,Tháng 8,2022-08,2022Q3,32,4,0,0
2022-08-13,2022,3,Q3,8,Tháng 8,2022-08,2022Q3,32,5,1,0
2022-08-14,2022,3,Q3,8,Tháng 8,2022-08,2022Q3,32,6,1,0
2022-08-15,2022,3,Q3,8,Tháng 8,2022-08,2022Q3,33,0,0,0
2022-08-16,2022,3,Q3,8,Tháng 8,2022-08,2022Q3,33,1,0,0
2022-08-17,2022,3,Q3,8,Tháng 8,2022-08,2022Q3,33,2,0,0
2022-08-18,2022,3,Q3,8,Tháng 8,2022-08,2022Q3,33,3,0,0
2022-08-19,2022,3,Q3,8,Tháng 8,2022-08,2022Q3,33,4,0,0
2022-08-20,2022,3,Q3,8,Tháng 8,2022-08,2022Q3,33,5,1,0
2022-08-21,2022,3,Q3,8,Tháng 8,2022-08,2022Q3,33,6,1,0
2022-08-22,2022,3,Q3,8,Tháng 8,2022-08,2022Q3,34,0,0,0
2022-08-23,2022,3,Q3,8,Tháng 8,2022-08,2022Q3,34,1,0,0
2022-08-24,2022,3,Q3,8,Tháng 8,2022-08,2022Q3,34,2,0,0
2022-08-25,2022,3,Q3,8,Tháng 8,2022-08,2022Q3,34,3,0,0
2022-08-26,2022,3,Q3,8,Tháng 8,2022-08,2022Q3,34,4,0,0
2022-08-27,2022,3,Q3,8,Tháng 8,2022-08,2022Q3,34,5,1,0
2022-08-28,2022,3,Q3,8,Tháng 8,2022-08,2022Q3,34,6,1,0
2022-08-29,2022,3,Q3,8,Tháng 8,2022-08,2022Q3,35,0,0,0
2022-08-30,2022,3,Q3,8,Tháng 8,2022-08,2022Q3,35,1,0,0
2022-08-31,2022,3,Q3,8,Tháng 8,2022-08,2022Q3,35,2,0,1
2022-09-01,2022,3,Q3,9,Tháng 9,2022-09,2022Q3,35,3,0,0
2022-09-02,2022,3,Q3,9,Tháng 9,2022-09,2022Q3,35,4,0,0
2022-09-03,2022,3,Q3,9,Tháng 9,2022-09,2022Q3,35,5,1,0
2022-09-04,2022,3,Q3,9,Tháng 9,2022-09,2022Q3,35,6,1,0
2022-09-05,2022,3,Q3,9,Tháng 9,2022-09,2022Q3,36,0,0,0
2022-09-06,2022,3,Q3,9,Tháng 9,2022-09,2022Q3,36,1,0,0
2022-09-07,2022,3,Q3,9,Tháng 9,2022-09,2022Q3,36,2,0,0
2022-09-08,2022,3,Q3,9,Tháng 9,2022-09,2022Q3,36,3,0,0
2022-09-09,2022,3,Q3,9,Tháng 9,2022-09,2022Q3,36,4,0,0
2022-09-10,2022,3,Q3,9,Tháng 9,2022-09,2022Q3,36,5,1,0
2022-09-11,2022,3,Q3,9,Tháng 9,2022-09,2022Q3,36,6,1,0
2022-09-12,2022,3,Q3,9,Tháng 9,2022-09,2022Q3,37,0,0,0
2022-09-13,2022,3,Q3,9,Tháng 9,2022-09,2022Q3,37,1,0,0
2022-09-14,2022,3,Q3,9,Tháng 9,2022-09,2022Q3,37,2,0,0
2022-09-15,2022,3,Q3,9,Tháng 9,2022-09,2022Q3,37,3,0,0
2022-09-16,2022,3,Q3,9,Tháng 9,2022-09,2022Q3,37,4,0,0
2022-09-17,2022,3,Q3,9,Tháng 9,2022-09,2022Q3,37,5,1,0
2022-09-18,2022,3,Q3,9,Tháng 9,2022-09,2022Q3,37,6,1,0
2022-09-19,2022,3,Q3,9,Tháng 9,2022-09,2022Q3,38,0,0,0
2022-09-20,2022,3,Q3,9,Tháng 9,2022-09,2022Q3,38,1,0,0
2022-09-21,2022,3,Q3,9,Tháng 9,2022-09,2022Q3,38,2,0,0
2022-09-22,2022,3,Q3,9,Tháng 9,2022-09,2022Q3,38,3,0,0
2022-09-23,2022,3,Q3,9,Tháng 9,2022-09,2022Q3,38,4,0,0
2022-09-24,2022,3,Q3,9,Tháng 9,2022-09,2022Q3,38,5,1,0
2022-09-25,2022,3,Q3,9,Tháng 9,2022-09,2022Q3,38,6,1,0
2022-09-26,2022,3,Q3,9,Tháng 9,2022-09,2022Q3,39,0,0,0
2022-09-27,2022,3,Q3,9,Tháng 9,2022-09,2022Q3,39,1,0,0
2022-09-28,2022,3,Q3,9,Tháng 9,2022-09,2022Q3,39,2,0,0
2022-09-29,2022,3,Q3,9,Tháng 9,2022-09,2022Q3,39,3,0,0
2022-09-30,2022,3,Q3,9,Tháng 9,2022-09,2022Q3,39,4,0,1
2022-10-01,2022,4,Q4,10,Tháng 10,2022-10,2022Q4,39,5,1,0
2022-10-02,2022,4,Q4,10,Tháng 10,2022-10,2022Q4,39,6,1,0
2022-10-03,2022,4,Q4,10,Tháng 10,2022-10,2022Q4,40,0,0,0
2022-10-04,2022,4,Q4,10,Tháng 10,2022-10,2022Q4,40,1,0,0
2022-10-05,2022,4,Q4,10,Tháng 10,2022-10,2022Q4,40,2,0,0
2022-10-06,2022,4,Q4,10,Tháng 10,2022-10,2022Q4,40,3,0,0
2022-10-07,2022,4,Q4,10,Tháng 10,2022-10,2022Q4,40,4,0,0
2022-10-08,2022,4,Q4,10,Tháng 10,2022-10,2022Q4,40,5,1,0
2022-10-09,2022,4,Q4,10,Tháng 10,2022-10,2022Q4,40,6,1,0
2022-10-10,2022,4,Q4,10,Tháng 10,2022-10,2022Q4,41,0,0,0
2022-10-11,2022,4,Q4,10,Tháng 10,2022-10,2022Q4,41,1,0,0
2022-10-12,2022,4,Q4,10,Tháng 10,2022-10,2022Q4,41,2,0,0
2022-10-13,2022,4,Q4,10,Tháng 10,2022-10,2022Q4,41,3,0,0
2022-10-14,2022,4,Q4,10,Tháng 10,2022-10,2022Q4,41,4,0,0
2022-10-15,2022,4,Q4,10,Tháng 10,2022-10,2022Q4,41,5,1,0
2022-10-16,2022,4,Q4,10,Tháng 10,2022-10,2022Q4,41,6,1,0
2022-10-17,2022,4,Q4,10,Tháng 10,2022-10,2022Q4,42,0,0,0
2022-10-18,2022,4,Q4,10,Tháng 10,2022-10,2022Q4,42,1,0,0
2022-10-19,2022,4,Q4,10,Tháng 10,2022-10,2022Q4,42,2,0,0
2022-10-20,2022,4,Q4,10,Tháng 10,2022-10,2022Q4,42,3,0,0
2022-10-21,2022,4,Q4,10,Tháng 10,2022-10,2022Q4,42,4,0,0
2022-10-22,2022,4,Q4,10,Tháng 10,2022-10,2022Q4,42,5,1,0
2022-10-23,2022,4,Q4,10,Tháng 10,2022-10,2022Q4,42,6,1,0
2022-10-24,2022,4,Q4,10,Tháng 10,2022-10,2022Q4,43,0,0,0
2022-10-25,2022,4,Q4,10,Tháng 10,2022-10,2022Q4,43,1,0,0
2022-10-26,2022,4,Q4,10,Tháng 10,2022-10,2022Q4,43,2,0,0
2022-10-27,2022,4,Q4,10,Tháng 10,2022-10,2022Q4,43,3,0,0
2022-10-28,2022,4,Q4,10,Tháng 10,2022-10,2022Q4,43,4,0,0
2022-10-29,2022,4,Q4,10,Tháng 10,2022-10,2022Q4,43,5,1,0
2022-10-30,2022,4,Q4,10,Tháng 10,2022-10,2022Q4,43,6,1,0
2022-10-31,2022,4,Q4,10,Tháng 10,2022-10,2022Q4,44,0,0,1
2022-11-01,2022,4,Q4,11,Tháng 11,2022-11,2022Q4,44,1,0,0
2022-11-02,2022,4,Q4,11,Tháng 11,2022-11,2022Q4,44,2,0,0
2022-11-03,2022,4,Q4,11,Tháng 11,2022-11,2022Q4,44,3,0,0
2022-11-04,2022,4,Q4,11,Tháng 11,2022-11,2022Q4,44,4,0,0
2022-11-05,2022,4,Q4,11,Tháng 11,2022-11,2022Q4,44,5,1,0
2022-11-06,2022,4,Q4,11,Tháng 11,2022-11,2022Q4,44,6,1,0
2022-11-07,2022,4,Q4,11,Tháng 11,2022-11,2022Q4,45,0,0,0
2022-11-08,2022,4,Q4,11,Tháng 11,2022-11,2022Q4,45,1,0,0
2022-11-09,2022,4,Q4,11,Tháng 11,2022-11,2022Q4,45,2,0,0
2022-11-10,2022,4,Q4,11,Tháng 11,2022-11,2022Q4,45,3,0,0
2022-11-11,2022,4,Q4,11,Tháng 11,2022-11,2022Q4,45,4,0,0
2022-11-12,2022,4,Q4,11,Tháng 11,2022-11,2022Q4,45,5,1,0
2022-11-13,2022,4,Q4,11,Tháng 11,2022-11,2022Q4,45,6,1,0
2022-11-14,2022,4,Q4,11,Tháng 11,2022-11,2022Q4,46,0,0,0
2022-11-15,2022,4,Q4,11,Tháng 11,2022-11,2022Q4,46,1,0,0
2022-11-16,2022,4,Q4,11,Tháng 11,2022-11,2022Q4,46,2,0,0
2022-11-17,2022,4,Q4,11,Tháng 11,2022-11,2022Q4,46,3,0,0
2022-11-18,2022,4,Q4,11,Tháng 11,2022-11,2022Q4,46,4,0,0
2022-11-19,2022,4,Q4,11,Tháng 11,2022-11,2022Q4,46,5,1,0
2022-11-20,2022,4,Q4,11,Tháng 11,2022-11,2022Q4,46,6,1,0
2022-11-21,2022,4,Q4,11,Tháng 11,2022-11,2022Q4,47,0,0,0
2022-11-22,2022,4,Q4,11,Tháng 11,2022-11,2022Q4,47,1,0,0
2022-11-23,2022,4,Q4,11,Tháng 11,2022-11,2022Q4,47,2,0,0
2022-11-24,2022,4,Q4,11,Tháng 11,2022-11,2022Q4,47,3,0,0
2022-11-25,2022,4,Q4,11,Tháng 11,2022-11,2022Q4,47,4,0,0
2022-11-26,2022,4,Q4,11,Tháng 11,2022-11,2022Q4,47,5,1,0
2022-11-27,2022,4,Q4,11,Tháng 11,2022-11,2022Q4,47,6,1,0
2022-11-28,2022,4,Q4,11,Tháng 11,2022-11,2022Q4,48,0,0,0
2022-11-29,2022,4,Q4,11,Tháng 11,2022-11,2022Q4,48,1,0,0
2022-11-30,2022,4,Q4,11,Tháng 11,2022-11,2022Q4,48,2,0,1
2022-12-01,2022,4,Q4,12,Tháng 12,2022-12,2022Q4,48,3,0,0
2022-12-02,2022,4,Q4,12,Tháng 12,2022-12,2022Q4,48,4,0,0
2022-12-03,2022,4,Q4,12,Tháng 12,2022-12,2022Q4,48,5,1,0
2022-12-04,2022,4,Q4,12,Tháng 12,2022-12,2022Q4,48,6,1,0
2022-12-05,2022,4,Q4,12,Tháng 12,2022-12,2022Q4,49,0,0,0
2022-12-06,2022,4,Q4,12,Tháng 12,2022-12,2022Q4,49,1,0,0
2022-12-07,2022,4,Q4,12,Tháng 12,2022-12,2022Q4,49,2,0,0
2022-12-08,2022,4,Q4,12,Tháng 12,2022-12,2022Q4,49,3,0,0
2022-12-09,2022,4,Q4,12,Tháng 12,2022-12,2022Q4,49,4,0,0
2022-12-10,2022,4,Q4,12,Tháng 12,2022-12,2022Q4,49,5,1,0
2022-12-11,2022,4,Q4,12,Tháng 12,2022-12,2022Q4,49,6,1,0
2022-12-12,2022,4,Q4,12,Tháng 12,2022-12,2022Q4,50,0,0,0
2022-12-13,2022,4,Q4,12,Tháng 12,2022-12,2022Q4,50,1,0,0
2022-12-14,2022,4,Q4,12,Tháng 12,2022-12,2022Q4,50,2,0,0
2022-12-15,2022,4,Q4,12,Tháng 12,2022-12,2022Q4,50,3,0,0
2022-12-16,2022,4,Q4,12,Tháng 12,2022-12,2022Q4,50,4,0,0
2022-12-17,2022,4,Q4,12,Tháng 12,2022-12,2022Q4,50,5,1,0
2022-12-18,2022,4,Q4,12,Tháng 12,2022-12,2022Q4,50,6,1,0
2022-12-19,2022,4,Q4,12,Tháng 12,2022-12,2022Q4,51,0,0,0
2022-12-20,2022,4,Q4,12,Tháng 12,2022-12,2022Q4,51,1,0,0
2022-12-21,2022,4,Q4,12,Tháng 12,2022-12,2022Q4,51,2,0,0
2022-12-22,2022,4,Q4,12,Tháng 12,2022-12,2022Q4,51,3,0,0
2022-12-23,2022,4,Q4,12,Tháng 12,2022-12,2022Q4,51,4,0,0
2022-12-24,2022,4,Q4,12,Tháng 12,2022-12,2022Q4,51,5,1,0
2022-12-25,2022,4,Q4,12,Tháng 12,2022-12,2022Q4,51,6,1,0
2022-12-26,2022,4,Q4,12,Tháng 12,2022-12,2022Q4,52,0,0,0
2022-12-27,2022,4,Q4,12,Tháng 12,2022-12,2022Q4,52,1,0,0
2022-12-28,2022,4,Q4,12,Tháng 12,2022-12,2022Q4,52,2,0,0
2022-12-29,2022,4,Q4,12,Tháng 12,2022-12,2022Q4,52,3,0,0
2022-12-30,2022,4,Q4,12,Tháng 12,2022-12,2022Q4,52,4,0,0
2022-12-31,2022,4,Q4,12,Tháng 12,2022-12,2022Q4,52,5,1,1
2023-01-01,2023,1,Q1,1,Tháng 1,2023-01,2023Q1,52,6,1,0
2023-01-02,2023,1,Q1,1,Tháng 1,2023-01,2023Q1,1,0,0,0
2023-01-03,2023,1,Q1,1,Tháng 1,2023-01,2023Q1,1,1,0,0
2023-01-04,2023,1,Q1,1,Tháng 1,2023-01,2023Q1,1,2,0,0
2023-01-05,2023,1,Q1,1,Tháng 1,2023-01,2023Q1,1,3,0,0
2023-01-06,2023,1,Q1,1,Tháng 1,2023-01,2023Q1,1,4,0,0
2023-01-07,2023,1,Q1,1,Tháng 1,2023-01,2023Q1,1,5,1,0
2023-01-08,2023,1,Q1,1,Tháng 1,2023-01,2023Q1,1,6,1,0
2023-01-09,2023,1,Q1,1,Tháng 1,2023-01,2023Q1,2,0,0,0
2023-01-10,2023,1,Q1,1,Tháng 1,2023-01,2023Q1,2,1,0,0
2023-01-11,2023,1,Q1,1,Tháng 1,2023-01,2023Q1,2,2,0,0
2023-01-12,2023,1,Q1,1,Tháng 1,2023-01,2023Q1,2,3,0,0
2023-01-13,2023,1,Q1,1,Tháng 1,2023-01,2023Q1,2,4,0,0
2023-01-14,2023,1,Q1,1,Tháng 1,2023-01,2023Q1,2,5,1,0
2023-01-15,2023,1,Q1,1,Tháng 1,2023-01,2023Q1,2,6,1,0
2023-01-16,2023,1,Q1,1,Tháng 1,2023-01,2023Q1,3,0,0,0
2023-01-17,2023,1,Q1,1,Tháng 1,2023-01,2023Q1,3,1,0,0
2023-01-18,2023,1,Q1,1,Tháng 1,2023-01,2023Q1,3,2,0,0
2023-01-19,2023,1,Q1,1,Tháng 1,2023-01,2023Q1,3,3,0,0
2023-01-20,2023,1,Q1,1,Tháng 1,2023-01,2023Q1,3,4,0,0
2023-01-21,2023,1,Q1,1,Tháng 1,2023-01,2023Q1,3,5,1,0
2023-01-22,2023,1,Q1,1,Tháng 1,2023-01,2023Q1,3,6,1,0
2023-01-23,2023,1,Q1,1,Tháng 1,2023-01,2023Q1,4,0,0,0
2023-01-24,2023,1,Q1,1,Tháng 1,2023-01,2023Q1,4,1,0,0
2023-01-25,2023,1,Q1,1,Tháng 1,2023-01,2023Q1,4,2,0,0
2023-01-26,2023,1,Q1,1,Tháng 1,2023-01,2023Q1,4,3,0,0
2023-01-27,2023,1,Q1,1,Tháng 1,2023-01,2023Q1,4,4,0,0
2023-01-28,2023,1,Q1,1,Tháng 1,2023-01,2023Q1,4,5,1,0
2023-01-29,2023,1,Q1,1,Tháng 1,2023-01,2023Q1,4,6,1,0
2023-01-30,2023,1,Q1,1,Tháng 1,2023-01,2023Q1,5,0,0,0
2023-01-31,2023,1,Q1,1,Tháng 1,2023-01,2023Q1,5,1,0,1
2023-02-01,2023,1,Q1,2,Tháng 2,2023-02,2023Q1,5,2,0,0
2023-02-02,2023,1,Q1,2,Tháng 2,2023-02,2023Q1,5,3,0,0
2023-02-03,2023,1,Q1,2,Tháng 2,2023-02,2023Q1,5,4,0,0
2023-02-04,2023,1,Q1,2,Tháng 2,2023-02,2023Q1,5,5,1,0
2023-02-05,2023,1,Q1,2,Tháng 2,2023-02,2023Q1,5,6,1,0
2023-02-06,2023,1,Q1,2,Tháng 2,2023-02,2023Q1,6,0,0,0
2023-02-07,2023,1,Q1,2,Tháng 2,2023-02,2023Q1,6,1,0,0
2023-02-08,2023,1,Q1,2,Tháng 2,2023-02,2023Q1,6,2,0,0
2023-02-09,2023,1,Q1,2,Tháng 2,2023-02,2023Q1,6,3,0,0
2023-02-10,2023,1,Q1,2,Tháng 2,2023-02,2023Q1,6,4,0,0
2023-02-11,2023,1,Q1,2,Tháng 2,2023-02,2023Q1,6,5,1,0
2023-02-12,2023,1,Q1,2,Tháng 2,2023-02,2023Q1,6,6,1,0
2023-02-13,2023,1,Q1,2,Tháng 2,2023-02,2023Q1,7,0,0,0
2023-02-14,2023,1,Q1,2,Tháng 2,2023-02,2023Q1,7,1,0,0
2023-02-15,2023,1,Q1,2,Tháng 2,2023-02,2023Q1,7,2,0,0
2023-02-16,2023,1,Q1,2,Tháng 2,2023-02,2023Q1,7,3,0,0
2023-02-17,2023,1,Q1,2,Tháng 2,2023-02,2023Q1,7,4,0,0
2023-02-18,2023,1,Q1,2,Tháng 2,2023-02,2023Q1,7,5,1,0
2023-02-19,2023,1,Q1,2,Tháng 2,2023-02,2023Q1,7,6,1,0
2023-02-20,2023,1,Q1,2,Tháng 2,2023-02,2023Q1,8,0,0,0
2023-02-21,2023,1,Q1,2,Tháng 2,2023-02,2023Q1,8,1,0,0
2023-02-22,2023,1,Q1,2,Tháng 2,2023-02,2023Q1,8,2,0,0
2023-02-23,2023,1,Q1,2,Tháng 2,2023-02,2023Q1,8,3,0,0
2023-02-24,2023,1,Q1,2,Tháng 2,2023-02,2023Q1,8,4,0,0
2023-02-25,2023,1,Q1,2,Tháng 2,2023-02,2023Q1,8,5,1,0
2023-02-26,2023,1,Q1,2,Tháng 2,2023-02,2023Q1,8,6,1,0
2023-02-27,2023,1,Q1,2,Tháng 2,2023-02,2023Q1,9,0,0,0
2023-02-28,2023,1,Q1,2,Tháng 2,2023-02,2023Q1,9,1,0,1
2023-03-01,2023,1,Q1,3,Tháng 3,2023-03,2023Q1,9,2,0,0
2023-03-02,2023,1,Q1,3,Tháng 3,2023-03,2023Q1,9,3,0,0
2023-03-03,2023,1,Q1,3,Tháng 3,2023-03,2023Q1,9,4,0,0
2023-03-04,2023,1,Q1,3,Tháng 3,2023-03,2023Q1,9,5,1,0
2023-03-05,2023,1,Q1,3,Tháng 3,2023-03,2023Q1,9,6,1,0
2023-03-06,2023,1,Q1,3,Tháng 3,2023-03,2023Q1,10,0,0,0
2023-03-07,2023,1,Q1,3,Tháng 3,2023-03,2023Q1,10,1,0,0
2023-03-08,2023,1,Q1,3,Tháng 3,2023-03,2023Q1,10,2,0,0
2023-03-09,2023,1,Q1,3,Tháng 3,2023-03,2023Q1,10,3,0,0
2023-03-10,2023,1,Q1,3,Tháng 3,2023-03,2023Q1,10,4,0,0
2023-03-11,2023,1,Q1,3,Tháng 3,2023-03,2023Q1,10,5,1,0
2023-03-12,2023,1,Q1,3,Tháng 3,2023-03,2023Q1,10,6,1,0
2023-03-13,2023,1,Q1,3,Tháng 3,2023-03,2023Q1,11,0,0,0
2023-03-14,2023,1,Q1,3,Tháng 3,2023-03,2023Q1,11,1,0,0
2023-03-15,2023,1,Q1,3,Tháng 3,2023-03,2023Q1,11,2,0,0
2023-03-16,2023,1,Q1,3,Tháng 3,2023-03,2023Q1,11,3,0,0
2023-03-17,2023,1,Q1,3,Tháng 3,2023-03,2023Q1,11,4,0,0
2023-03-18,2023,1,Q1,3,Tháng 3,2023-03,2023Q1,11,5,1,0
2023-03-19,2023,1,Q1,3,Tháng 3,2023-03,2023Q1,11,6,1,0
2023-03-20,2023,1,Q1,3,Tháng 3,2023-03,2023Q1,12,0,0,0
2023-03-21,2023,1,Q1,3,Tháng 3,2023-03,2023Q1,12,1,0,0
2023-03-22,2023,1,Q1,3,Tháng 3,2023-03,2023Q1,12,2,0,0
2023-03-23,2023,1,Q1,3,Tháng 3,2023-03,2023Q1,12,3,0,0
2023-03-24,2023,1,Q1,3,Tháng 3,2023-03,2023Q1,12,4,0,0
2023-03-25,2023,1,Q1,3,Tháng 3,2023-03,2023Q1,12,5,1,0
2023-03-26,2023,1,Q1,3,Tháng 3,2023-03,2023Q1,12,6,1,0
2023-03-27,2023,1,Q1,3,Tháng 3,2023-03,2023Q1,13,0,0,0
2023-03-28,2023,1,Q1,3,Tháng 3,2023-03,2023Q1,13,1,0,0
2023-03-29,2023,1,Q1,3,Tháng 3,2023-03,2023Q1,13,2,0,0
2023-03-30,2023,1,Q1,3,Tháng 3,2023-03,2023Q1,13,3,0,0
2023-03-31,2023,1,Q1,3,Tháng 3,2023-03,2023Q1,13,4,0,1
2023-04-01,2023,2,Q2,4,Tháng 4,2023-04,2023Q2,13,5,1,0
2023-04-02,2023,2,Q2,4,Tháng 4,2023-04,2023Q2,13,6,1,0
2023-04-03,2023,2,Q2,4,Tháng 4,2023-04,2023Q2,14,0,0,0
2023-04-04,2023,2,Q2,4,Tháng 4,2023-04,2023Q2,14,1,0,0
2023-04-05,2023,2,Q2,4,Tháng 4,2023-04,2023Q2,14,2,0,0
2023-04-06,2023,2,Q2,4,Tháng 4,2023-04,2023Q2,14,3,0,0
2023-04-07,2023,2,Q2,4,Tháng 4,2023-04,2023Q2,14,4,0,0
2023-04-08,2023,2,Q2,4,Tháng 4,2023-04,2023Q2,14,5,1,0
2023-04-09,2023,2,Q2,4,Tháng 4,2023-04,2023Q2,14,6,1,0
2023-04-10,2023,2,Q2,4,Tháng 4,2023-04,2023Q2,15,0,0,0
2023-04-11,2023,2,Q2,4,Tháng 4,2023-04,2023Q2,15,1,0,0
2023-04-12,2023,2,Q2,4,Tháng 4,2023-04,2023Q2,15,2,0,0
2023-04-13,2023,2,Q2,4,Tháng 4,2023-04,2023Q2,15,3,0,0
2023-04-14,2023,2,Q2,4,Tháng 4,2023-04,2023Q2,15,4,0,0
2023-04-15,2023,2,Q2,4,Tháng 4,2023-04,2023Q2,15,5,1,0
2023-04-16,2023,2,Q2,4,Tháng 4,2023-04,2023Q2,15,6,1,0
2023-04-17,2023,2,Q2,4,Tháng 4,2023-04,2023Q2,16,0,0,0
2023-04-18,2023,2,Q2,4,Tháng 4,2023-04,2023Q2,16,1,0,0
2023-04-19,2023,2,Q2,4,Tháng 4,2023-04,2023Q2,16,2,0,0
2023-04-20,2023,2,Q2,4,Tháng 4,2023-04,2023Q2,16,3,0,0
2023-04-21,2023,2,Q2,4,Tháng 4,2023-04,2023Q2,16,4,0,0
2023-04-22,2023,2,Q2,4,Tháng 4,2023-04,2023Q2,16,5,1,0
2023-04-23,2023,2,Q2,4,Tháng 4,2023-04,2023Q2,16,6,1,0
2023-04-24,2023,2,Q2,4,Tháng 4,2023-04,2023Q2,17,0,0,0
2023-04-25,2023,2,Q2,4,Tháng 4,2023-04,2023Q2,17,1,0,0
2023-04-26,2023,2,Q2,4,Tháng 4,2023-04,2023Q2,17,2,0,0
2023-04-27,2023,2,Q2,4,Tháng 4,2023-04,2023Q2,17,3,0,0
2023-04-28,2023,2,Q2,4,Tháng 4,2023-04,2023Q2,17,4,0,0
2023-04-29,2023,2,Q2,4,Tháng 4,2023-04,2023Q2,17,5,1,0
2023-04-30,2023,2,Q2,4,Tháng 4,2023-04,2023Q2,17,6,1,1
2023-05-01,2023,2,Q2,5,Tháng 5,2023-05,2023Q2,18,0,0,0
2023-05-02,2023,2,Q2,5,Tháng 5,2023-05,2023Q2,18,1,0,0
2023-05-03,2023,2,Q2,5,Tháng 5,2023-05,2023Q2,18,2,0,0
2023-05-04,2023,2,Q2,5,Tháng 5,2023-05,2023Q2,18,3,0,0
2023-05-05,2023,2,Q2,5,Tháng 5,2023-05,2023Q2,18,4,0,0
2023-05-06,2023,2,Q2,5,Tháng 5,2023-05,2023Q2,18,5,1,0
2023-05-07,2023,2,Q2,5,Tháng 5,2023-05,2023Q2,18,6,1,0
2023-05-08,2023,2,Q2,5,Tháng 5,2023-05,2023Q2,19,0,0,0
2023-05-09,2023,2,Q2,5,Tháng 5,2023-05,2023Q2,19,1,0,0
2023-05-10,2023,2,Q2,5,Tháng 5,2023-05,2023Q2,19,2,0,0
2023-05-11,2023,2,Q2,5,Tháng 5,2023-05,2023Q2,19,3,0,0
2023-05-12,2023,2,Q2,5,Tháng 5,2023-05,2023Q2,19,4,0,0
2023-05-13,2023,2,Q2,5,Tháng 5,2023-05,2023Q2,19,5,1,0
2023-05-14,2023,2,Q2,5,Tháng 5,2023-05,2023Q2,19,6,1,0
2023-05-15,2023,2,Q2,5,Tháng 5,2023-05,2023Q2,20,0,0,0
2023-05-16,2023,2,Q2,5,Tháng 5,2023-05,2023Q2,20,1,0,0
2023-05-17,2023,2,Q2,5,Tháng 5,2023-05,2023Q2,20,2,0,0
2023-05-18,2023,2,Q2,5,Tháng 5,2023-05,2023Q2,20,3,0,0
2023-05-19,2023,2,Q2,5,Tháng 5,2023-05,2023Q2,20,4,0,0
2023-05-20,2023,2,Q2,5,Tháng 5,2023-05,2023Q2,20,5,1,0
2023-05-21,2023,2,Q2,5,Tháng 5,2023-05,2023Q2,20,6,1,0
2023-05-22,2023,2,Q2,5,Tháng 5,2023-05,2023Q2,21,0,0,0
2023-05-23,2023,2,Q2,5,Tháng 5,2023-05,2023Q2,21,1,0,0
2023-05-24,2023,2,Q2,5,Tháng 5,2023-05,2023Q2,21,2,0,0
2023-05-25,2023,2,Q2,5,Tháng 5,2023-05,2023Q2,21,3,0,0
2023-05-26,2023,2,Q2,5,Tháng 5,2023-05,2023Q2,21,4,0,0
2023-05-27,2023,2,Q2,5,Tháng 5,2023-05,2023Q2,21,5,1,0
2023-05-28,2023,2,Q2,5,Tháng 5,2023-05,2023Q2,21,6,1,0
2023-05-29,2023,2,Q2,5,Tháng 5,2023-05,2023Q2,22,0,0,0
2023-05-30,2023,2,Q2,5,Tháng 5,2023-05,2023Q2,22,1,0,0
2023-05-31,2023,2,Q2,5,Tháng 5,2023-05,2023Q2,22,2,0,1
2023-06-01,2023,2,Q2,6,Tháng 6,2023-06,2023Q2,22,3,0,0
2023-06-02,2023,2,Q2,6,Tháng 6,2023-06,2023Q2,22,4,0,0
2023-06-03,2023,2,Q2,6,Tháng 6,2023-06,2023Q2,22,5,1,0
2023-06-04,2023,2,Q2,6,Tháng 6,2023-06,2023Q2,22,6,1,0
2023-06-05,2023,2,Q2,6,Tháng 6,2023-06,2023Q2,23,0,0,0
2023-06-06,2023,2,Q2,6,Tháng 6,2023-06,2023Q2,23,1,0,0
2023-06-07,2023,2,Q2,6,Tháng 6,2023-06,2023Q2,23,2,0,0
2023-06-08,2023,2,Q2,6,Tháng 6,2023-06,2023Q2,23,3,0,0
2023-06-09,2023,2,Q2,6,Tháng 6,2023-06,2023Q2,23,4,0,0
2023-06-10,2023,2,Q2,6,Tháng 6,2023-06,2023Q2,23,5,1,0
2023-06-11,2023,2,Q2,6,Tháng 6,2023-06,2023Q2,23,6,1,0
2023-06-12,2023,2,Q2,6,Tháng 6,2023-06,2023Q2,24,0,0,0
2023-06-13,2023,2,Q2,6,Tháng 6,2023-06,2023Q2,24,1,0,0
2023-06-14,2023,2,Q2,6,Tháng 6,2023-06,2023Q2,24,2,0,0
2023-06-15,2023,2,Q2,6,Tháng 6,2023-06,2023Q2,24,3,0,0
2023-06-16,2023,2,Q2,6,Tháng 6,2023-06,2023Q2,24,4,0,0
2023-06-17,2023,2,Q2,6,Tháng 6,2023-06,2023Q2,24,5,1,0
2023-06-18,2023,2,Q2,6,Tháng 6,2023-06,2023Q2,24,6,1,0
2023-06-19,2023,2,Q2,6,Tháng 6,2023-06,2023Q2,25,0,0,0
2023-06-20,2023,2,Q2,6,Tháng 6,2023-06,2023Q2,25,1,0,0
2023-06-21,2023,2,Q2,6,Tháng 6,2023-06,2023Q2,25,2,0,0
2023-06-22,2023,2,Q2,6,Tháng 6,2023-06,2023Q2,25,3,0,0
2023-06-23,2023,2,Q2,6,Tháng 6,2023-06,2023Q2,25,4,0,0
2023-06-24,2023,2,Q2,6,Tháng 6,2023-06,2023Q2,25,5,1,0
2023-06-25,2023,2,Q2,6,Tháng 6,2023-06,2023Q2,25,6,1,0
2023-06-26,2023,2,Q2,6,Tháng 6,2023-06,2023Q2,26,0,0,0
2023-06-27,2023,2,Q2,6,Tháng 6,2023-06,2023Q2,26,1,0,0
2023-06-28,2023,2,Q2,6,Tháng 6,2023-06,2023Q2,26,2,0,0
2023-06-29,2023,2,Q2,6,Tháng 6,2023-06,2023Q2,26,3,0,0
2023-06-30,2023,2,Q2,6,Tháng 6,2023-06,2023Q2,26,4,0,1
2023-07-01,2023,3,Q3,7,Tháng 7,2023-07,2023Q3,26,5,1,0
2023-07-02,2023,3,Q3,7,Tháng 7,2023-07,2023Q3,26,6,1,0
2023-07-03,2023,3,Q3,7,Tháng 7,2023-07,2023Q3,27,0,0,0
2023-07-04,2023,3,Q3,7,Tháng 7,2023-07,2023Q3,27,1,0,0
2023-07-05,2023,3,Q3,7,Tháng 7,2023-07,2023Q3,27,2,0,0
2023-07-06,2023,3,Q3,7,Tháng 7,2023-07,2023Q3,27,3,0,0
2023-07-07,2023,3,Q3,7,Tháng 7,2023-07,2023Q3,27,4,0,0
2023-07-08,2023,3,Q3,7,Tháng 7,2023-07,2023Q3,27,5,1,0
2023-07-09,2023,3,Q3,7,Tháng 7,2023-07,2023Q3,27,6,1,0
2023-07-10,2023,3,Q3,7,Tháng 7,2023-07,2023Q3,28,0,0,0
2023-07-11,2023,3,Q3,7,Tháng 7,2023-07,2023Q3,28,1,0,0
2023-07-12,2023,3,Q3,7,Tháng 7,2023-07,2023Q3,28,2,0,0
2023-07-13,2023,3,Q3,7,Tháng 7,2023-07,2023Q3,28,3,0,0
2023-07-14,2023,3,Q3,7,Tháng 7,2023-07,2023Q3,28,4,0,0
2023-07-15,2023,3,Q3,7,Tháng 7,2023-07,2023Q3,28,5,1,0
2023-07-16,2023,3,Q3,7,Tháng 7,2023-07,2023Q3,28,6,1,0
2023-07-17,2023,3,Q3,7,Tháng 7,2023-07,2023Q3,29,0,0,0
2023-07-18,2023,3,Q3,7,Tháng 7,2023-07,2023Q3,29,1,0,0
2023-07-19,2023,3,Q3,7,Tháng 7,2023-07,2023Q3,29,2,0,0
2023-07-20,2023,3,Q3,7,Tháng 7,2023-07,2023Q3,29,3,0,0
2023-07-21,2023,3,Q3,7,Tháng 7,2023-07,2023Q3,29,4,0,0
2023-07-22,2023,3,Q3,7,Tháng 7,2023-07,2023Q3,29,5,1,0
2023-07-23,2023,3,Q3,7,Tháng 7,2023-07,2023Q3,29,6,1,0
2023-07-24,2023,3,Q3,7,Tháng 7,2023-07,2023Q3,30,0,0,0
2023-07-25,2023,3,Q3,7,Tháng 7,2023-07,2023Q3,30,1,0,0
2023-07-26,2023,3,Q3,7,Tháng 7,2023-07,2023Q3,30,2,0,0
2023-07-27,2023,3,Q3,7,Tháng 7,2023-07,2023Q3,30,3,0,0
2023-07-28,2023,3,Q3,7,Tháng 7,2023-07,2023Q3,30,4,0,0
2023-07-29,2023,3,Q3,7,Tháng 7,2023-07,2023Q3,30,5,1,0
2023-07-30,2023,3,Q3,7,Tháng 7,2023-07,2023Q3,30,6,1,0
2023-07-31,2023,3,Q3,7,Tháng 7,2023-07,2023Q3,31,0,0,1
2023-08-01,2023,3,Q3,8,Tháng 8,2023-08,2023Q3,31,1,0,0
2023-08-02,2023,3,Q3,8,Tháng 8,2023-08,2023Q3,31,2,0,0
2023-08-03,2023,3,Q3,8,Tháng 8,2023-08,2023Q3,31,3,0,0
2023-08-04,2023,3,Q3,8,Tháng 8,2023-08,2023Q3,31,4,0,0
2023-08-05,2023,3,Q3,8,Tháng 8,2023-08,2023Q3,31,5,1,0
2023-08-06,2023,3,Q3,8,Tháng 8,2023-08,2023Q3,31,6,1,0
2023-08-07,2023,3,Q3,8,Tháng 8,2023-08,2023Q3,32,0,0,0
2023-08-08,2023,3,Q3,8,Tháng 8,2023-08,2023Q3,32,1,0,0
2023-08-09,2023,3,Q3,8,Tháng 8,2023-08,2023Q3,32,2,0,0
2023-08-10,2023,3,Q3,8,Tháng 8,2023-08,2023Q3,32,3,0,0
2023-08-11,2023,3,Q3,8,Tháng 8,2023-08,2023Q3,32,4,0,0
2023-08-12,2023,3,Q3,8,Tháng 8,2023-08,2023Q3,32,5,1,0
2023-08-13,2023,3,Q3,8,Tháng 8,2023-08,2023Q3,32,6,1,0
2023-08-14,2023,3,Q3,8,Tháng 8,2023-08,2023Q3,33,0,0,0
2023-08-15,2023,3,Q3,8,Tháng 8,2023-08,2023Q3,33,1,0,0
2023-08-16,2023,3,Q3,8,Tháng 8,2023-08,2023Q3,33,2,0,0
2023-08-17,2023,3,Q3,8,Tháng 8,2023-08,2023Q3,33,3,0,0
2023-08-18,2023,3,Q3,8,Tháng 8,2023-08,2023Q3,33,4,0,0
2023-08-19,2023,3,Q3,8,Tháng 8,2023-08,2023Q3,33,5,1,0
2023-08-20,2023,3,Q3,8,Tháng 8,2023-08,2023Q3,33,6,1,0
2023-08-21,2023,3,Q3,8,Tháng 8,2023-08,2023Q3,34,0,0,0
2023-08-22,2023,3,Q3,8,Tháng 8,2023-08,2023Q3,34,1,0,0
2023-08-23,2023,3,Q3,8,Tháng 8,2023-08,2023Q3,34,2,0,0
2023-08-24,2023,3,Q3,8,Tháng 8,2023-08,2023Q3,34,3,0,0
2023-08-25,2023,3,Q3,8,Tháng 8,2023-08,2023Q3,34,4,0,0
2023-08-26,2023,3,Q3,8,Tháng 8,2023-08,2023Q3,34,5,1,0
2023-08-27,2023,3,Q3,8,Tháng 8,2023-08,2023Q3,34,6,1,0
2023-08-28,2023,3,Q3,8,Tháng 8,2023-08,2023Q3,35,0,0,0
2023-08-29,2023,3,Q3,8,Tháng 8,2023-08,2023Q3,35,1,0,0
2023-08-30,2023,3,Q3,8,Tháng 8,2023-08,2023Q3,35,2,0,0
2023-08-31,2023,3,Q3,8,Tháng 8,2023-08,2023Q3,35,3,0,1
2023-09-01,2023,3,Q3,9,Tháng 9,2023-09,2023Q3,35,4,0,0
2023-09-02,2023,3,Q3,9,Tháng 9,2023-09,2023Q3,35,5,1,0
2023-09-03,2023,3,Q3,9,Tháng 9,2023-09,2023Q3,35,6,1,0
2023-09-04,2023,3,Q3,9,Tháng 9,2023-09,2023Q3,36,0,0,0
2023-09-05,2023,3,Q3,9,Tháng 9,2023-09,2023Q3,36,1,0,0
2023-09-06,2023,3,Q3,9,Tháng 9,2023-09,2023Q3,36,2,0,0
2023-09-07,2023,3,Q3,9,Tháng 9,2023-09,2023Q3,36,3,0,0
2023-09-08,2023,3,Q3,9,Tháng 9,2023-09,2023Q3,36,4,0,0
2023-09-09,2023,3,Q3,9,Tháng 9,2023-09,2023Q3,36,5,1,0
2023-09-10,2023,3,Q3,9,Tháng 9,2023-09,2023Q3,36,6,1,0
2023-09-11,2023,3,Q3,9,Tháng 9,2023-09,2023Q3,37,0,0,0
2023-09-12,2023,3,Q3,9,Tháng 9,2023-09,2023Q3,37,1,0,0
2023-09-13,2023,3,Q3,9,Tháng 9,2023-09,2023Q3,37,2,0,0
2023-09-14,2023,3,Q3,9,Tháng 9,2023-09,2023Q3,37,3,0,0
2023-09-15,2023,3,Q3,9,Tháng 9,2023-09,2023Q3,37,4,0,0
2023-09-16,2023,3,Q3,9,Tháng 9,2023-09,2023Q3,37,5,1,0
2023-09-17,2023,3,Q3,9,Tháng 9,2023-09,2023Q3,37,6,1,0
2023-09-18,2023,3,Q3,9,Tháng 9,2023-09,2023Q3,38,0,0,0
2023-09-19,2023,3,Q3,9,Tháng 9,2023-09,2023Q3,38,1,0,0
2023-09-20,2023,3,Q3,9,Tháng 9,2023-09,2023Q3,38,2,0,0
2023-09-21,2023,3,Q3,9,Tháng 9,2023-09,2023Q3,38,3,0,0
2023-09-22,2023,3,Q3,9,Tháng 9,2023-09,2023Q3,38,4,0,0
2023-09-23,2023,3,Q3,9,Tháng 9,2023-09,2023Q3,38,5,1,0
2023-09-24,2023,3,Q3,9,Tháng 9,2023-09,2023Q3,38,6,1,0
2023-09-25,2023,3,Q3,9,Tháng 9,2023-09,2023Q3,39,0,0,0
2023-09-26,2023,3,Q3,9,Tháng 9,2023-09,2023Q3,39,1,0,0
2023-09-27,2023,3,Q3,9,Tháng 9,2023-09,2023Q3,39,2,0,0
2023-09-28,2023,3,Q3,9,Tháng 9,2023-09,2023Q3,39,3,0,0
2023-09-29,2023,3,Q3,9,Tháng 9,2023-09,2023Q3,39,4,0,0
2023-09-30,2023,3,Q3,9,Tháng 9,2023-09,2023Q3,39,5,1,1
2023-10-01,2023,4,Q4,10,Tháng 10,2023-10,2023Q4,39,6,1,0
2023-10-02,2023,4,Q4,10,Tháng 10,2023-10,2023Q4,40,0,0,0
2023-10-03,2023,4,Q4,10,Tháng 10,2023-10,2023Q4,40,1,0,0
2023-10-04,2023,4,Q4,10,Tháng 10,2023-10,2023Q4,40,2,0,0
2023-10-05,2023,4,Q4,10,Tháng 10,2023-10,2023Q4,40,3,0,0
2023-10-06,2023,4,Q4,10,Tháng 10,2023-10,2023Q4,40,4,0,0
2023-10-07,2023,4,Q4,10,Tháng 10,2023-10,2023Q4,40,5,1,0
2023-10-08,2023,4,Q4,10,Tháng 10,2023-10,2023Q4,40,6,1,0
2023-10-09,2023,4,Q4,10,Tháng 10,2023-10,2023Q4,41,0,0,0
2023-10-10,2023,4,Q4,10,Tháng 10,2023-10,2023Q4,41,1,0,0
2023-10-11,2023,4,Q4,10,Tháng 10,2023-10,2023Q4,41,2,0,0
2023-10-12,2023,4,Q4,10,Tháng 10,2023-10,2023Q4,41,3,0,0
2023-10-13,2023,4,Q4,10,Tháng 10,2023-10,2023Q4,41,4,0,0
2023-10-14,2023,4,Q4,10,Tháng 10,2023-10,2023Q4,41,5,1,0
2023-10-15,2023,4,Q4,10,Tháng 10,2023-10,2023Q4,41,6,1,0
2023-10-16,2023,4,Q4,10,Tháng 10,2023-10,2023Q4,42,0,0,0
2023-10-17,2023,4,Q4,10,Tháng 10,2023-10,2023Q4,42,1,0,0
2023-10-18,2023,4,Q4,10,Tháng 10,2023-10,2023Q4,42,2,0,0
2023-10-19,2023,4,Q4,10,Tháng 10,2023-10,2023Q4,42,3,0,0
2023-10-20,2023,4,Q4,10,Tháng 10,2023-10,2023Q4,42,4,0,0
2023-10-21,2023,4,Q4,10,Tháng 10,2023-10,2023Q4,42,5,1,0
2023-10-22,2023,4,Q4,10,Tháng 10,2023-10,2023Q4,42,6,1,0
2023-10-23,2023,4,Q4,10,Tháng 10,2023-10,2023Q4,43,0,0,0
2023-10-24,2023,4,Q4,10,Tháng 10,2023-10,2023Q4,43,1,0,0
2023-10-25,2023,4,Q4,10,Tháng 10,2023-10,2023Q4,43,2,0,0
2023-10-26,2023,4,Q4,10,Tháng 10,2023-10,2023Q4,43,3,0,0
2023-10-27,2023,4,Q4,10,Tháng 10,2023-10,2023Q4,43,4,0,0
2023-10-28,2023,4,Q4,10,Tháng 10,2023-10,2023Q4,43,5,1,0
2023-10-29,2023,4,Q4,10,Tháng 10,2023-10,2023Q4,43,6,1,0
2023-10-30,2023,4,Q4,10,Tháng 10,2023-10,2023Q4,44,0,0,0
2023-10-31,2023,4,Q4,10,Tháng 10,2023-10,2023Q4,44,1,0,1
2023-11-01,2023,4,Q4,11,Tháng 11,2023-11,2023Q4,44,2,0,0
2023-11-02,2023,4,Q4,11,Tháng 11,2023-11,2023Q4,44,3,0,0
2023-11-03,2023,4,Q4,11,Tháng 11,2023-11,2023Q4,44,4,0,0
2023-11-04,2023,4,Q4,11,Tháng 11,2023-11,2023Q4,44,5,1,0
2023-11-05,2023,4,Q4,11,Tháng 11,2023-11,2023Q4,44,6,1,0
2023-11-06,2023,4,Q4,11,Tháng 11,2023-11,2023Q4,45,0,0,0
2023-11-07,2023,4,Q4,11,Tháng 11,2023-11,2023Q4,45,1,0,0
2023-11-08,2023,4,Q4,11,Tháng 11,2023-11,2023Q4,45,2,0,0
2023-11-09,2023,4,Q4,11,Tháng 11,2023-11,2023Q4,45,3,0,0
2023-11-10,2023,4,Q4,11,Tháng 11,2023-11,2023Q4,45,4,0,0
2023-11-11,2023,4,Q4,11,Tháng 11,2023-11,2023Q4,45,5,1,0
2023-11-12,2023,4,Q4,11,Tháng 11,2023-11,2023Q4,45,6,1,0
2023-11-13,2023,4,Q4,11,Tháng 11,2023-11,2023Q4,46,0,0,0
2023-11-14,2023,4,Q4,11,Tháng 11,2023-11,2023Q4,46,1,0,0
2023-11-15,2023,4,Q4,11,Tháng 11,2023-11,2023Q4,46,2,0,0
2023-11-16,2023,4,Q4,11,Tháng 11,2023-11,2023Q4,46,3,0,0
2023-11-17,2023,4,Q4,11,Tháng 11,2023-11,2023Q4,46,4,0,0
2023-11-18,2023,4,Q4,11,Tháng 11,2023-11,2023Q4,46,5,1,0
2023-11-19,2023,4,Q4,11,Tháng 11,2023-11,2023Q4,46,6,1,0
2023-11-20,2023,4,Q4,11,Tháng 11,2023-11,2023Q4,47,0,0,0
2023-11-21,2023,4,Q4,11,Tháng 11,2023-11,2023Q4,47,1,0,0
2023-11-22,2023,4,Q4,11,Tháng 11,2023-11,2023Q4,47,2,0,0
2023-11-23,2023,4,Q4,11,Tháng 11,2023-11,2023Q4,47,3,0,0
2023-11-24,2023,4,Q4,11,Tháng 11,2023-11,2023Q4,47,4,0,0
2023-11-25,2023,4,Q4,11,Tháng 11,2023-11,2023Q4,47,5,1,0
2023-11-26,2023,4,Q4,11,Tháng 11,2023-11,2023Q4,47,6,1,0
2023-11-27,2023,4,Q4,11,Tháng 11,2023-11,2023Q4,48,0,0,0
2023-11-28,2023,4,Q4,11,Tháng 11,2023-11,2023Q4,48,1,0,0
2023-11-29,2023,4,Q4,11,Tháng 11,2023-11,2023Q4,48,2,0,0
2023-11-30,2023,4,Q4,11,Tháng 11,2023-11,2023Q4,48,3,0,1
2023-12-01,2023,4,Q4,12,Tháng 12,2023-12,2023Q4,48,4,0,0
2023-12-02,2023,4,Q4,12,Tháng 12,2023-12,2023Q4,48,5,1,0
2023-12-03,2023,4,Q4,12,Tháng 12,2023-12,2023Q4,48,6,1,0
2023-12-04,2023,4,Q4,12,Tháng 12,2023-12,2023Q4,49,0,0,0
2023-12-05,2023,4,Q4,12,Tháng 12,2023-12,2023Q4,49,1,0,0
2023-12-06,2023,4,Q4,12,Tháng 12,2023-12,2023Q4,49,2,0,0
2023-12-07,2023,4,Q4,12,Tháng 12,2023-12,2023Q4,49,3,0,0
2023-12-08,2023,4,Q4,12,Tháng 12,2023-12,2023Q4,49,4,0,0
2023-12-09,2023,4,Q4,12,Tháng 12,2023-12,2023Q4,49,5,1,0
2023-12-10,2023,4,Q4,12,Tháng 12,2023-12,2023Q4,49,6,1,0
2023-12-11,2023,4,Q4,12,Tháng 12,2023-12,2023Q4,50,0,0,0
2023-12-12,2023,4,Q4,12,Tháng 12,2023-12,2023Q4,50,1,0,0
2023-12-13,2023,4,Q4,12,Tháng 12,2023-12,2023Q4,50,2,0,0
2023-12-14,2023,4,Q4,12,Tháng 12,2023-12,2023Q4,50,3,0,0
2023-12-15,2023,4,Q4,12,Tháng 12,2023-12,2023Q4,50,4,0,0
2023-12-16,2023,4,Q4,12,Tháng 12,2023-12,2023Q4,50,5,1,0
2023-12-17,2023,4,Q4,12,Tháng 12,2023-12,2023Q4,50,6,1,0
2023-12-18,2023,4,Q4,12,Tháng 12,2023-12,2023Q4,51,0,0,0
2023-12-19,2023,4,Q4,12,Tháng 12,2023-12,2023Q4,51,1,0,0
2023-12-20,2023,4,Q4,12,Tháng 12,2023-12,2023Q4,51,2,0,0
2023-12-21,2023,4,Q4,12,Tháng 12,2023-12,2023Q4,51,3,0,0
2023-12-22,2023,4,Q4,12,Tháng 12,2023-12,2023Q4,51,4,0,0
2023-12-23,2023,4,Q4,12,Tháng 12,2023-12,2023Q4,51,5,1,0
2023-12-24,2023,4,Q4,12,Tháng 12,2023-12,2023Q4,51,6,1,0
2023-12-25,2023,4,Q4,12,Tháng 12,2023-12,2023Q4,52,0,0,0
2023-12-26,2023,4,Q4,12,Tháng 12,2023-12,2023Q4,52,1,0,0
2023-12-27,2023,4,Q4,12,Tháng 12,2023-12,2023Q4,52,2,0,0
2023-12-28,2023,4,Q4,12,Tháng 12,2023-12,2023Q4,52,3,0,0
2023-12-29,2023,4,Q4,12,Tháng 12,2023-12,2023Q4,52,4,0,0
2023-12-30,2023,4,Q4,12,Tháng 12,2023-12,2023Q4,52,5,1,0
2023-12-31,2023,4,Q4,12,Tháng 12,2023-12,2023Q4,52,6,1,1
2024-01-01,2024,1,Q1,1,Tháng 1,2024-01,2024Q1,1,0,0,0
2024-01-02,2024,1,Q1,1,Tháng 1,2024-01,2024Q1,1,1,0,0
2024-01-03,2024,1,Q1,1,Tháng 1,2024-01,2024Q1,1,2,0,0
2024-01-04,2024,1,Q1,1,Tháng 1,2024-01,2024Q1,1,3,0,0
2024-01-05,2024,1,Q1,1,Tháng 1,2024-01,2024Q1,1,4,0,0
2024-01-06,2024,1,Q1,1,Tháng 1,2024-01,2024Q1,1,5,1,0
2024-01-07,2024,1,Q1,1,Tháng 1,2024-01,2024Q1,1,6,1,0
2024-01-08,2024,1,Q1,1,Tháng 1,2024-01,2024Q1,2,0,0,0
2024-01-09,2024,1,Q1,1,Tháng 1,2024-01,2024Q1,2,1,0,0
2024-01-10,2024,1,Q1,1,Tháng 1,2024-01,2024Q1,2,2,0,0
2024-01-11,2024,1,Q1,1,Tháng 1,2024-01,2024Q1,2,3,0,0
2024-01-12,2024,1,Q1,1,Tháng 1,2024-01,2024Q1,2,4,0,0
2024-01-13,2024,1,Q1,1,Tháng 1,2024-01,2024Q1,2,5,1,0
2024-01-14,2024,1,Q1,1,Tháng 1,2024-01,2024Q1,2,6,1,0
2024-01-15,2024,1,Q1,1,Tháng 1,2024-01,2024Q1,3,0,0,0
2024-01-16,2024,1,Q1,1,Tháng 1,2024-01,2024Q1,3,1,0,0
2024-01-17,2024,1,Q1,1,Tháng 1,2024-01,2024Q1,3,2,0,0
2024-01-18,2024,1,Q1,1,Tháng 1,2024-01,2024Q1,3,3,0,0
2024-01-19,2024,1,Q1,1,Tháng 1,2024-01,2024Q1,3,4,0,0
2024-01-20,2024,1,Q1,1,Tháng 1,2024-01,2024Q1,3,5,1,0
2024-01-21,2024,1,Q1,1,Tháng 1,2024-01,2024Q1,3,6,1,0
2024-01-22,2024,1,Q1,1,Tháng 1,2024-01,2024Q1,4,0,0,0
2024-01-23,2024,1,Q1,1,Tháng 1,2024-01,2024Q1,4,1,0,0
2024-01-24,2024,1,Q1,1,Tháng 1,2024-01,2024Q1,4,2,0,0
2024-01-25,2024,1,Q1,1,Tháng 1,2024-01,2024Q1,4,3,0,0
2024-01-26,2024,1,Q1,1,Tháng 1,2024-01,2024Q1,4,4,0,0
2024-01-27,2024,1,Q1,1,Tháng 1,2024-01,2024Q1,4,5,1,0
2024-01-28,2024,1,Q1,1,Tháng 1,2024-01,2024Q1,4,6,1,0
2024-01-29,2024,1,Q1,1,Tháng 1,2024-01,2024Q1,5,0,0,0
2024-01-30,2024,1,Q1,1,Tháng 1,2024-01,2024Q1,5,1,0,0
2024-01-31,2024,1,Q1,1,Tháng 1,2024-01,2024Q1,5,2,0,1
2024-02-01,2024,1,Q1,2,Tháng 2,2024-02,2024Q1,5,3,0,0
2024-02-02,2024,1,Q1,2,Tháng 2,2024-02,2024Q1,5,4,0,0
2024-02-03,2024,1,Q1,2,Tháng 2,2024-02,2024Q1,5,5,1,0
2024-02-04,2024,1,Q1,2,Tháng 2,2024-02,2024Q1,5,6,1,0
2024-02-05,2024,1,Q1,2,Tháng 2,2024-02,2024Q1,6,0,0,0
2024-02-06,2024,1,Q1,2,Tháng 2,2024-02,2024Q1,6,1,0,0
2024-02-07,2024,1,Q1,2,Tháng 2,2024-02,2024Q1,6,2,0,0
2024-02-08,2024,1,Q1,2,Tháng 2,2024-02,2024Q1,6,3,0,0
2024-02-09,2024,1,Q1,2,Tháng 2,2024-02,2024Q1,6,4,0,0
2024-02-10,2024,1,Q1,2,Tháng 2,2024-02,2024Q1,6,5,1,0
2024-02-11,2024,1,Q1,2,Tháng 2,2024-02,2024Q1,6,6,1,0
2024-02-12,2024,1,Q1,2,Tháng 2,2024-02,2024Q1,7,0,0,0
2024-02-13,2024,1,Q1,2,Tháng 2,2024-02,2024Q1,7,1,0,0
2024-02-14,2024,1,Q1,2,Tháng 2,2024-02,2024Q1,7,2,0,0
2024-02-15,2024,1,Q1,2,Tháng 2,2024-02,2024Q1,7,3,0,0
2024-02-16,2024,1,Q1,2,Tháng 2,2024-02,2024Q1,7,4,0,0
2024-02-17,2024,1,Q1,2,Tháng 2,2024-02,2024Q1,7,5,1,0
2024-02-18,2024,1,Q1,2,Tháng 2,2024-02,2024Q1,7,6,1,0
2024-02-19,2024,1,Q1,2,Tháng 2,2024-02,2024Q1,8,0,0,0
2024-02-20,2024,1,Q1,2,Tháng 2,2024-02,2024Q1,8,1,0,0
2024-02-21,2024,1,Q1,2,Tháng 2,2024-02,2024Q1,8,2,0,0
2024-02-22,2024,1,Q1,2,Tháng 2,2024-02,2024Q1,8,3,0,0
2024-02-23,2024,1,Q1,2,Tháng 2,2024-02,2024Q1,8,4,0,0
2024-02-24,2024,1,Q1,2,Tháng 2,2024-02,2024Q1,8,5,1,0
2024-02-25,2024,1,Q1,2,Tháng 2,2024-02,2024Q1,8,6,1,0
2024-02-26,2024,1,Q1,2,Tháng 2,2024-02,2024Q1,9,0,0,0
2024-02-27,2024,1,Q1,2,Tháng 2,2024-02,2024Q1,9,1,0,0
2024-02-28,2024,1,Q1,2,Tháng 2,2024-02,2024Q1,9,2,0,0
2024-02-29,2024,1,Q1,2,Tháng 2,2024-02,2024Q1,9,3,0,1
2024-03-01,2024,1,Q1,3,Tháng 3,2024-03,2024Q1,9,4,0,0
2024-03-02,2024,1,Q1,3,Tháng 3,2024-03,2024Q1,9,5,1,0
2024-03-03,2024,1,Q1,3,Tháng 3,2024-03,2024Q1,9,6,1,0
2024-03-04,2024,1,Q1,3,Tháng 3,2024-03,2024Q1,10,0,0,0
2024-03-05,2024,1,Q1,3,Tháng 3,2024-03,2024Q1,10,1,0,0
2024-03-06,2024,1,Q1,3,Tháng 3,2024-03,2024Q1,10,2,0,0
2024-03-07,2024,1,Q1,3,Tháng 3,2024-03,2024Q1,10,3,0,0
2024-03-08,2024,1,Q1,3,Tháng 3,2024-03,2024Q1,10,4,0,0
2024-03-09,2024,1,Q1,3,Tháng 3,2024-03,2024Q1,10,5,1,0
2024-03-10,2024,1,Q1,3,Tháng 3,2024-03,2024Q1,10,6,1,0
2024-03-11,2024,1,Q1,3,Tháng 3,2024-03,2024Q1,11,0,0,0
2024-03-12,2024,1,Q1,3,Tháng 3,2024-03,2024Q1,11,1,0,0
2024-03-13,2024,1,Q1,3,Tháng 3,2024-03,2024Q1,11,2,0,0
2024-03-14,2024,1,Q1,3,Tháng 3,2024-03,2024Q1,11,3,0,0
2024-03-15,2024,1,Q1,3,Tháng 3,2024-03,2024Q1,11,4,0,0
2024-03-16,2024,1,Q1,3,Tháng 3,2024-03,2024Q1,11,5,1,0
2024-03-17,2024,1,Q1,3,Tháng 3,2024-03,2024Q1,11,6,1,0
2024-03-18,2024,1,Q1,3,Tháng 3,2024-03,2024Q1,12,0,0,0
2024-03-19,2024,1,Q1,3,Tháng 3,2024-03,2024Q1,12,1,0,0
2024-03-20,2024,1,Q1,3,Tháng 3,2024-03,2024Q1,12,2,0,0
2024-03-21,2024,1,Q1,3,Tháng 3,2024-03,2024Q1,12,3,0,0
2024-03-22,2024,1,Q1,3,Tháng 3,2024-03,2024Q1,12,4,0,0
2024-03-23,2024,1,Q1,3,Tháng 3,2024-03,2024Q1,12,5,1,0
2024-03-24,2024,1,Q1,3,Tháng 3,2024-03,2024Q1,12,6,1,0
2024-03-25,2024,1,Q1,3,Tháng 3,2024-03,2024Q1,13,0,0,0
2024-03-26,2024,1,Q1,3,Tháng 3,2024-03,2024Q1,13,1,0,0
2024-03-27,2024,1,Q1,3,Tháng 3,2024-03,2024Q1,13,2,0,0
2024-03-28,2024,1,Q1,3,Tháng 3,2024-03,2024Q1,13,3,0,0
2024-03-29,2024,1,Q1,3,Tháng 3,2024-03,2024Q1,13,4,0,0
2024-03-30,2024,1,Q1,3,Tháng 3,2024-03,2024Q1,13,5,1,0
2024-03-31,2024,1,Q1,3,Tháng 3,2024-03,2024Q1,13,6,1,1
2024-04-01,2024,2,Q2,4,Tháng 4,2024-04,2024Q2,14,0,0,0
2024-04-02,2024,2,Q2,4,Tháng 4,2024-04,2024Q2,14,1,0,0
2024-04-03,2024,2,Q2,4,Tháng 4,2024-04,2024Q2,14,2,0,0
2024-04-04,2024,2,Q2,4,Tháng 4,2024-04,2024Q2,14,3,0,0
2024-04-05,2024,2,Q2,4,Tháng 4,2024-04,2024Q2,14,4,0,0
2024-04-06,2024,2,Q2,4,Tháng 4,2024-04,2024Q2,14,5,1,0
2024-04-07,2024,2,Q2,4,Tháng 4,2024-04,2024Q2,14,6,1,0
2024-04-08,2024,2,Q2,4,Tháng 4,2024-04,2024Q2,15,0,0,0
2024-04-09,2024,2,Q2,4,Tháng 4,2024-04,2024Q2,15,1,0,0
2024-04-10,2024,2,Q2,4,Tháng 4,2024-04,2024Q2,15,2,0,0
2024-04-11,2024,2,Q2,4,Tháng 4,2024-04,2024Q2,15,3,0,0
2024-04-12,2024,2,Q2,4,Tháng 4,2024-04,2024Q2,15,4,0,0
2024-04-13,2024,2,Q2,4,Tháng 4,2024-04,2024Q2,15,5,1,0
2024-04-14,2024,2,Q2,4,Tháng 4,2024-04,2024Q2,15,6,1,0
2024-04-15,2024,2,Q2,4,Tháng 4,2024-04,2024Q2,16,0,0,0
2024-04-16,2024,2,Q2,4,Tháng 4,2024-04,2024Q2,16,1,0,0
2024-04-17,2024,2,Q2,4,Tháng 4,2024-04,2024Q2,16,2,0,0
2024-04-18,2024,2,Q2,4,Tháng 4,2024-04,2024Q2,16,3,0,0
2024-04-19,2024,2,Q2,4,Tháng 4,2024-04,2024Q2,16,4,0,0
2024-04-20,2024,2,Q2,4,Tháng 4,2024-04,2024Q2,16,5,1,0
2024-04-21,2024,2,Q2,4,Tháng 4,2024-04,2024Q2,16,6,1,0
2024-04-22,2024,2,Q2,4,Tháng 4,2024-04,2024Q2,17,0,0,0
2024-04-23,2024,2,Q2,4,Tháng 4,2024-04,2024Q2,17,1,0,0
2024-04-24,2024,2,Q2,4,Tháng 4,2024-04,2024Q2,17,2,0,0
2024-04-25,2024,2,Q2,4,Tháng 4,2024-04,2024Q2,17,3,0,0
2024-04-26,2024,2,Q2,4,Tháng 4,2024-04,2024Q2,17,4,0,0
2024-04-27,2024,2,Q2,4,Tháng 4,2024-04,2024Q2,17,5,1,0
2024-04-28,2024,2,Q2,4,Tháng 4,2024-04,2024Q2,17,6,1,0
2024-04-29,2024,2,Q2,4,Tháng 4,2024-04,2024Q2,18,0,0,0
2024-04-30,2024,2,Q2,4,Tháng 4,2024-04,2024Q2,18,1,0,1
2024-05-01,2024,2,Q2,5,Tháng 5,2024-05,2024Q2,18,2,0,0
2024-05-02,2024,2,Q2,5,Tháng 5,2024-05,2024Q2,18,3,0,0
2024-05-03,2024,2,Q2,5,Tháng 5,2024-05,2024Q2,18,4,0,0
2024-05-04,2024,2,Q2,5,Tháng 5,2024-05,2024Q2,18,5,1,0
2024-05-05,2024,2,Q2,5,Tháng 5,2024-05,2024Q2,18,6,1,0
2024-05-06,2024,2,Q2,5,Tháng 5,2024-05,2024Q2,19,0,0,0
2024-05-07,2024,2,Q2,5,Tháng 5,2024-05,2024Q2,19,1,0,0
2024-05-08,2024,2,Q2,5,Tháng 5,2024-05,2024Q2,19,2,0,0
2024-05-09,2024,2,Q2,5,Tháng 5,2024-05,2024Q2,19,3,0,0
2024-05-10,2024,2,Q2,5,Tháng 5,2024-05,2024Q2,19,4,0,0
2024-05-11,2024,2,Q2,5,Tháng 5,2024-05,2024Q2,19,5,1,0
2024-05-12,2024,2,Q2,5,Tháng 5,2024-05,2024Q2,19,6,1,0
2024-05-13,2024,2,Q2,5,Tháng 5,2024-05,2024Q2,20,0,0,0
2024-05-14,2024,2,Q2,5,Tháng 5,2024-05,2024Q2,20,1,0,0
2024-05-15,2024,2,Q2,5,Tháng 5,2024-05,2024Q2,20,2,0,0
2024-05-16,2024,2,Q2,5,Tháng 5,2024-05,2024Q2,20,3,0,0
2024-05-17,2024,2,Q2,5,Tháng 5,2024-05,2024Q2,20,4,0,0
2024-05-18,2024,2,Q2,5,Tháng 5,2024-05,2024Q2,20,5,1,0
2024-05-19,2024,2,Q2,5,Tháng 5,2024-05,2024Q2,20,6,1,0
2024-05-20,2024,2,Q2,5,Tháng 5,2024-05,2024Q2,21,0,0,0
2024-05-21,2024,2,Q2,5,Tháng 5,2024-05,2024Q2,21,1,0,0
2024-05-22,2024,2,Q2,5,Tháng 5,2024-05,2024Q2,21,2,0,0
2024-05-23,2024,2,Q2,5,Tháng 5,2024-05,2024Q2,21,3,0,0
2024-05-24,2024,2,Q2,5,Tháng 5,2024-05,2024Q2,21,4,0,0
2024-05-25,2024,2,Q2,5,Tháng 5,2024-05,2024Q2,21,5,1,0
2024-05-26,2024,2,Q2,5,Tháng 5,2024-05,2024Q2,21,6,1,0
2024-05-27,2024,2,Q2,5,Tháng 5,2024-05,2024Q2,22,0,0,0
2024-05-28,2024,2,Q2,5,Tháng 5,2024-05,2024Q2,22,1,0,0
2024-05-29,2024,2,Q2,5,Tháng 5,2024-05,2024Q2,22,2,0,0
2024-05-30,2024,2,Q2,5,Tháng 5,2024-05,2024Q2,22,3,0,0
2024-05-31,2024,2,Q2,5,Tháng 5,2024-05,2024Q2,22,4,0,1
2024-06-01,2024,2,Q2,6,Tháng 6,2024-06,2024Q2,22,5,1,0
2024-06-02,2024,2,Q2,6,Tháng 6,2024-06,2024Q2,22,6,1,0
2024-06-03,2024,2,Q2,6,Tháng 6,2024-06,2024Q2,23,0,0,0
2024-06-04,2024,2,Q2,6,Tháng 6,2024-06,2024Q2,23,1,0,0
2024-06-05,2024,2,Q2,6,Tháng 6,2024-06,2024Q2,23,2,0,0
2024-06-06,2024,2,Q2,6,Tháng 6,2024-06,2024Q2,23,3,0,0
2024-06-07,2024,2,Q2,6,Tháng 6,2024-06,2024Q2,23,4,0,0
2024-06-08,2024,2,Q2,6,Tháng 6,2024-06,2024Q2,23,5,1,0
2024-06-09,2024,2,Q2,6,Tháng 6,2024-06,2024Q2,23,6,1,0
2024-06-10,2024,2,Q2,6,Tháng 6,2024-06,2024Q2,24,0,0,0
2024-06-11,2024,2,Q2,6,Tháng 6,2024-06,2024Q2,24,1,0,0
2024-06-12,2024,2,Q2,6,Tháng 6,2024-06,2024Q2,24,2,0,0
2024-06-13,2024,2,Q2,6,Tháng 6,2024-06,2024Q2,24,3,0,0
2024-06-14,2024,2,Q2,6,Tháng 6,2024-06,2024Q2,24,4,0,0
2024-06-15,2024,2,Q2,6,Tháng 6,2024-06,2024Q2,24,5,1,0
2024-06-16,2024,2,Q2,6,Tháng 6,2024-06,2024Q2,24,6,1,0
2024-06-17,2024,2,Q2,6,Tháng 6,2024-06,2024Q2,25,0,0,0
2024-06-18,2024,2,Q2,6,Tháng 6,2024-06,2024Q2,25,1,0,0
2024-06-19,2024,2,Q2,6,Tháng 6,2024-06,2024Q2,25,2,0,0
2024-06-20,2024,2,Q2,6,Tháng 6,2024-06,2024Q2,25,3,0,0
2024-06-21,2024,2,Q2,6,Tháng 6,2024-06,2024Q2,25,4,0,0
2024-06-22,2024,2,Q2,6,Tháng 6,2024-06,2024Q2,25,5,1,0
2024-06-23,2024,2,Q2,6,Tháng 6,2024-06,2024Q2,25,6,1,0
2024-06-24,2024,2,Q2,6,Tháng 6,2024-06,2024Q2,26,0,0,0
2024-06-25,2024,2,Q2,6,Tháng 6,2024-06,2024Q2,26,1,0,0
2024-06-26,2024,2,Q2,6,Tháng 6,2024-06,2024Q2,26,2,0,0
2024-06-27,2024,2,Q2,6,Tháng 6,2024-06,2024Q2,26,3,0,0
2024-06-28,2024,2,Q2,6,Tháng 6,2024-06,2024Q2,26,4,0,0
2024-06-29,2024,2,Q2,6,Tháng 6,2024-06,2024Q2,26,5,1,0
2024-06-30,2024,2,Q2,6,Tháng 6,2024-06,2024Q2,26,6,1,1
2024-07-01,2024,3,Q3,7,Tháng 7,2024-07,2024Q3,27,0,0,0
2024-07-02,2024,3,Q3,7,Tháng 7,2024-07,2024Q3,27,1,0,0
2024-07-03,2024,3,Q3,7,Tháng 7,2024-07,2024Q3,27,2,0,0
2024-07-04,2024,3,Q3,7,Tháng 7,2024-07,2024Q3,27,3,0,0
2024-07-05,2024,3,Q3,7,Tháng 7,2024-07,2024Q3,27,4,0,0
2024-07-06,2024,3,Q3,7,Tháng 7,2024-07,2024Q3,27,5,1,0
2024-07-07,2024,3,Q3,7,Tháng 7,2024-07,2024Q3,27,6,1,0
2024-07-08,2024,3,Q3,7,Tháng 7,2024-07,2024Q3,28,0,0,0
2024-07-09,2024,3,Q3,7,Tháng 7,2024-07,2024Q3,28,1,0,0
2024-07-10,2024,3,Q3,7,Tháng 7,2024-07,2024Q3,28,2,0,0
2024-07-11,2024,3,Q3,7,Tháng 7,2024-07,2024Q3,28,3,0,0
2024-07-12,2024,3,Q3,7,Tháng 7,2024-07,2024Q3,28,4,0,0
2024-07-13,2024,3,Q3,7,Tháng 7,2024-07,2024Q3,28,5,1,0
2024-07-14,2024,3,Q3,7,Tháng 7,2024-07,2024Q3,28,6,1,0
2024-07-15,2024,3,Q3,7,Tháng 7,2024-07,2024Q3,29,0,0,0
2024-07-16,2024,3,Q3,7,Tháng 7,2024-07,2024Q3,29,1,0,0
2024-07-17,2024,3,Q3,7,Tháng 7,2024-07,2024Q3,29,2,0,0
2024-07-18,2024,3,Q3,7,Tháng 7,2024-07,2024Q3,29,3,0,0
2024-07-19,2024,3,Q3,7,Tháng 7,2024-07,2024Q3,29,4,0,0
2024-07-20,2024,3,Q3,7,Tháng 7,2024-07,2024Q3,29,5,1,0
2024-07-21,2024,3,Q3,7,Tháng 7,2024-07,2024Q3,29,6,1,0
2024-07-22,2024,3,Q3,7,Tháng 7,2024-07,2024Q3,30,0,0,0
2024-07-23,2024,3,Q3,7,Tháng 7,2024-07,2024Q3,30,1,0,0
2024-07-24,2024,3,Q3,7,Tháng 7,2024-07,2024Q3,30,2,0,0
2024-07-25,2024,3,Q3,7,Tháng 7,2024-07,2024Q3,30,3,0,0
2024-07-26,2024,3,Q3,7,Tháng 7,2024-07,2024Q3,30,4,0,0
2024-07-27,2024,3,Q3,7,Tháng 7,2024-07,2024Q3,30,5,1,0
2024-07-28,2024,3,Q3,7,Tháng 7,2024-07,2024Q3,30,6,1,0
2024-07-29,2024,3,Q3,7,Tháng 7,2024-07,2024Q3,31,0,0,0
2024-07-30,2024,3,Q3,7,Tháng 7,2024-07,2024Q3,31,1,0,0
2024-07-31,2024,3,Q3,7,Tháng 7,2024-07,2024Q3,31,2,0,1
2024-08-01,2024,3,Q3,8,Tháng 8,2024-08,2024Q3,31,3,0,0
2024-08-02,2024,3,Q3,8,Tháng 8,2024-08,2024Q3,31,4,0,0
2024-08-03,2024,3,Q3,8,Tháng 8,2024-08,2024Q3,31,5,1,0
2024-08-04,2024,3,Q3,8,Tháng 8,2024-08,2024Q3,31,6,1,0
2024-08-05,2024,3,Q3,8,Tháng 8,2024-08,2024Q3,32,0,0,0
2024-08-06,2024,3,Q3,8,Tháng 8,2024-08,2024Q3,32,1,0,0
2024-08-07,2024,3,Q3,8,Tháng 8,2024-08,2024Q3,32,2,0,0
2024-08-08,2024,3,Q3,8,Tháng 8,2024-08,2024Q3,32,3,0,0
2024-08-09,2024,3,Q3,8,Tháng 8,2024-08,2024Q3,32,4,0,0
2024-08-10,2024,3,Q3,8,Tháng 8,2024-08,2024Q3,32,5,1,0
2024-08-11,2024,3,Q3,8,Tháng 8,2024-08,2024Q3,32,6,1,0
2024-08-12,2024,3,Q3,8,Tháng 8,2024-08,2024Q3,33,0,0,0
2024-08-13,2024,3,Q3,8,Tháng 8,2024-08,2024Q3,33,1,0,0
2024-08-14,2024,3,Q3,8,Tháng 8,2024-08,2024Q3,33,2,0,0
2024-08-15,2024,3,Q3,8,Tháng 8,2024-08,2024Q3,33,3,0,0
2024-08-16,2024,3,Q3,8,Tháng 8,2024-08,2024Q3,33,4,0,0
2024-08-17,2024,3,Q3,8,Tháng 8,2024-08,2024Q3,33,5,1,0
2024-08-18,2024,3,Q3,8,Tháng 8,2024-08,2024Q3,33,6,1,0
2024-08-19,2024,3,Q3,8,Tháng 8,2024-08,2024Q3,34,0,0,0
2024-08-20,2024,3,Q3,8,Tháng 8,2024-08,2024Q3,34,1,0,0
2024-08-21,2024,3,Q3,8,Tháng 8,2024-08,2024Q3,34,2,0,0
2024-08-22,2024,3,Q3,8,Tháng 8,2024-08,2024Q3,34,3,0,0
2024-08-23,2024,3,Q3,8,Tháng 8,2024-08,2024Q3,34,4,0,0
2024-08-24,2024,3,Q3,8,Tháng 8,2024-08,2024Q3,34,5,1,0
2024-08-25,2024,3,Q3,8,Tháng 8,2024-08,2024Q3,34,6,1,0
2024-08-26,2024,3,Q3,8,Tháng 8,2024-08,2024Q3,35,0,0,0
2024-08-27,2024,3,Q3,8,Tháng 8,2024-08,2024Q3,35,1,0,0
2024-08-28,2024,3,Q3,8,Tháng 8,2024-08,2024Q3,35,2,0,0
2024-08-29,2024,3,Q3,8,Tháng 8,2024-08,2024Q3,35,3,0,0
2024-08-30,2024,3,Q3,8,Tháng 8,2024-08,2024Q3,35,4,0,0
2024-08-31,2024,3,Q3,8,Tháng 8,2024-08,2024Q3,35,5,1,1
2024-09-01,2024,3,Q3,9,Tháng 9,2024-09,2024Q3,35,6,1,0
2024-09-02,2024,3,Q3,9,Tháng 9,2024-09,2024Q3,36,0,0,0
2024-09-03,2024,3,Q3,9,Tháng 9,2024-09,2024Q3,36,1,0,0
2024-09-04,2024,3,Q3,9,Tháng 9,2024-09,2024Q3,36,2,0,0
2024-09-05,2024,3,Q3,9,Tháng 9,2024-09,2024Q3,36,3,0,0
2024-09-06,2024,3,Q3,9,Tháng 9,2024-09,2024Q3,36,4,0,0
2024-09-07,2024,3,Q3,9,Tháng 9,2024-09,2024Q3,36,5,1,0
2024-09-08,2024,3,Q3,9,Tháng 9,2024-09,2024Q3,36,6,1,0
2024-09-09,2024,3,Q3,9,Tháng 9,2024-09,2024Q3,37,0,0,0
2024-09-10,2024,3,Q3,9,Tháng 9,2024-09,2024Q3,37,1,0,0
2024-09-11,2024,3,Q3,9,Tháng 9,2024-09,2024Q3,37,2,0,0
2024-09-12,2024,3,Q3,9,Tháng 9,2024-09,2024Q3,37,3,0,0
2024-09-13,2024,3,Q3,9,Tháng 9,2024-09,2024Q3,37,4,0,0
2024-09-14,2024,3,Q3,9,Tháng 9,2024-09,2024Q3,37,5,1,0
2024-09-15,2024,3,Q3,9,Tháng 9,2024-09,2024Q3,37,6,1,0
2024-09-16,2024,3,Q3,9,Tháng 9,2024-09,2024Q3,38,0,0,0
2024-09-17,2024,3,Q3,9,Tháng 9,2024-09,2024Q3,38,1,0,0
2024-09-18,2024,3,Q3,9,Tháng 9,2024-09,2024Q3,38,2,0,0
2024-09-19,2024,3,Q3,9,Tháng 9,2024-09,2024Q3,38,3,0,0
2024-09-20,2024,3,Q3,9,Tháng 9,2024-09,2024Q3,38,4,0,0
2024-09-21,2024,3,Q3,9,Tháng 9,2024-09,2024Q3,38,5,1,0
2024-09-22,2024,3,Q3,9,Tháng 9,2024-09,2024Q3,38,6,1,0
2024-09-23,2024,3,Q3,9,Tháng 9,2024-09,2024Q3,39,0,0,0
2024-09-24,2024,3,Q3,9,Tháng 9,2024-09,2024Q3,39,1,0,0
2024-09-25,2024,3,Q3,9,Tháng 9,2024-09,2024Q3,39,2,0,0
2024-09-26,2024,3,Q3,9,Tháng 9,2024-09,2024Q3,39,3,0,0
2024-09-27,2024,3,Q3,9,Tháng 9,2024-09,2024Q3,39,4,0,0
2024-09-28,2024,3,Q3,9,Tháng 9,2024-09,2024Q3,39,5,1,0
2024-09-29,2024,3,Q3,9,Tháng 9,2024-09,2024Q3,39,6,1,0
2024-09-30,2024,3,Q3,9,Tháng 9,2024-09,2024Q3,40,0,0,1
2024-10-01,2024,4,Q4,10,Tháng 10,2024-10,2024Q4,40,1,0,0
2024-10-02,2024,4,Q4,10,Tháng 10,2024-10,2024Q4,40,2,0,0
2024-10-03,2024,4,Q4,10,Tháng 10,2024-10,2024Q4,40,3,0,0
2024-10-04,2024,4,Q4,10,Tháng 10,2024-10,2024Q4,40,4,0,0
2024-10-05,2024,4,Q4,10,Tháng 10,2024-10,2024Q4,40,5,1,0
2024-10-06,2024,4,Q4,10,Tháng 10,2024-10,2024Q4,40,6,1,0
2024-10-07,2024,4,Q4,10,Tháng 10,2024-10,2024Q4,41,0,0,0
2024-10-08,2024,4,Q4,10,Tháng 10,2024-10,2024Q4,41,1,0,0
2024-10-09,2024,4,Q4,10,Tháng 10,2024-10,2024Q4,41,2,0,0
2024-10-10,2024,4,Q4,10,Tháng 10,2024-10,2024Q4,41,3,0,0
2024-10-11,2024,4,Q4,10,Tháng 10,2024-10,2024Q4,41,4,0,0
2024-10-12,2024,4,Q4,10,Tháng 10,2024-10,2024Q4,41,5,1,0
2024-10-13,2024,4,Q4,10,Tháng 10,2024-10,2024Q4,41,6,1,0
2024-10-14,2024,4,Q4,10,Tháng 10,2024-10,2024Q4,42,0,0,0
2024-10-15,2024,4,Q4,10,Tháng 10,2024-10,2024Q4,42,1,0,0
2024-10-16,2024,4,Q4,10,Tháng 10,2024-10,2024Q4,42,2,0,0
2024-10-17,2024,4,Q4,10,Tháng 10,2024-10,2024Q4,42,3,0,0
2024-10-18,2024,4,Q4,10,Tháng 10,2024-10,2024Q4,42,4,0,0
2024-10-19,2024,4,Q4,10,Tháng 10,2024-10,2024Q4,42,5,1,0
2024-10-20,2024,4,Q4,10,Tháng 10,2024-10,2024Q4,42,6,1,0
2024-10-21,2024,4,Q4,10,Tháng 10,2024-10,2024Q4,43,0,0,0
2024-10-22,2024,4,Q4,10,Tháng 10,2024-10,2024Q4,43,1,0,0
2024-10-23,2024,4,Q4,10,Tháng 10,2024-10,2024Q4,43,2,0,0
2024-10-24,2024,4,Q4,10,Tháng 10,2024-10,2024Q4,43,3,0,0
2024-10-25,2024,4,Q4,10,Tháng 10,2024-10,2024Q4,43,4,0,0
2024-10-26,2024,4,Q4,10,Tháng 10,2024-10,2024Q4,43,5,1,0
2024-10-27,2024,4,Q4,10,Tháng 10,2024-10,2024Q4,43,6,1,0
2024-10-28,2024,4,Q4,10,Tháng 10,2024-10,2024Q4,44,0,0,0
2024-10-29,2024,4,Q4,10,Tháng 10,2024-10,2024Q4,44,1,0,0
2024-10-30,2024,4,Q4,10,Tháng 10,2024-10,2024Q4,44,2,0,0
2024-10-31,2024,4,Q4,10,Tháng 10,2024-10,2024Q4,44,3,0,1
2024-11-01,2024,4,Q4,11,Tháng 11,2024-11,2024Q4,44,4,0,0
2024-11-02,2024,4,Q4,11,Tháng 11,2024-11,2024Q4,44,5,1,0
2024-11-03,2024,4,Q4,11,Tháng 11,2024-11,2024Q4,44,6,1,0
2024-11-04,2024,4,Q4,11,Tháng 11,2024-11,2024Q4,45,0,0,0
2024-11-05,2024,4,Q4,11,Tháng 11,2024-11,2024Q4,45,1,0,0
2024-11-06,2024,4,Q4,11,Tháng 11,2024-11,2024Q4,45,2,0,0
2024-11-07,2024,4,Q4,11,Tháng 11,2024-11,2024Q4,45,3,0,0
2024-11-08,2024,4,Q4,11,Tháng 11,2024-11,2024Q4,45,4,0,0
2024-11-09,2024,4,Q4,11,Tháng 11,2024-11,2024Q4,45,5,1,0
2024-11-10,2024,4,Q4,11,Tháng 11,2024-11,2024Q4,45,6,1,0
2024-11-11,2024,4,Q4,11,Tháng 11,2024-11,2024Q4,46,0,0,0
2024-11-12,2024,4,Q4,11,Tháng 11,2024-11,2024Q4,46,1,0,0
2024-11-13,2024,4,Q4,11,Tháng 11,2024-11,2024Q4,46,2,0,0
2024-11-14,2024,4,Q4,11,Tháng 11,2024-11,2024Q4,46,3,0,0
2024-11-15,2024,4,Q4,11,Tháng 11,2024-11,2024Q4,46,4,0,0
2024-11-16,2024,4,Q4,11,Tháng 11,2024-11,2024Q4,46,5,1,0
2024-11-17,2024,4,Q4,11,Tháng 11,2024-11,2024Q4,46,6,1,0
2024-11-18,2024,4,Q4,11,Tháng 11,2024-11,2024Q4,47,0,0,0
2024-11-19,2024,4,Q4,11,Tháng 11,2024-11,2024Q4,47,1,0,0
2024-11-20,2024,4,Q4,11,Tháng 11,2024-11,2024Q4,47,2,0,0
2024-11-21,2024,4,Q4,11,Tháng 11,2024-11,2024Q4,47,3,0,0
2024-11-22,2024,4,Q4,11,Tháng 11,2024-11,2024Q4,47,4,0,0
2024-11-23,2024,4,Q4,11,Tháng 11,2024-11,2024Q4,47,5,1,0
2024-11-24,2024,4,Q4,11,Tháng 11,2024-11,2024Q4,47,6,1,0
2024-11-25,2024,4,Q4,11,Tháng 11,2024-11,2024Q4,48,0,0,0
2024-11-26,2024,4,Q4,11,Tháng 11,2024-11,2024Q4,48,1,0,0
2024-11-27,2024,4,Q4,11,Tháng 11,2024-11,2024Q4,48,2,0,0
2024-11-28,2024,4,Q4,11,Tháng 11,2024-11,2024Q4,48,3,0,0
2024-11-29,2024,4,Q4,11,Tháng 11,2024-11,2024Q4,48,4,0,0
2024-11-30,2024,4,Q4,11,Tháng 11,2024-11,2024Q4,48,5,1,1
2024-12-01,2024,4,Q4,12,Tháng 12,2024-12,2024Q4,48,6,1,0
2024-12-02,2024,4,Q4,12,Tháng 12,2024-12,2024Q4,49,0,0,0
2024-12-03,2024,4,Q4,12,Tháng 12,2024-12,2024Q4,49,1,0,0
2024-12-04,2024,4,Q4,12,Tháng 12,2024-12,2024Q4,49,2,0,0
2024-12-05,2024,4,Q4,12,Tháng 12,2024-12,2024Q4,49,3,0,0
2024-12-06,2024,4,Q4,12,Tháng 12,2024-12,2024Q4,49,4,0,0
2024-12-07,2024,4,Q4,12,Tháng 12,2024-12,2024Q4,49,5,1,0
2024-12-08,2024,4,Q4,12,Tháng 12,2024-12,2024Q4,49,6,1,0
2024-12-09,2024,4,Q4,12,Tháng 12,2024-12,2024Q4,50,0,0,0
2024-12-10,2024,4,Q4,12,Tháng 12,2024-12,2024Q4,50,1,0,0
2024-12-11,2024,4,Q4,12,Tháng 12,2024-12,2024Q4,50,2,0,0
2024-12-12,2024,4,Q4,12,Tháng 12,2024-12,2024Q4,50,3,0,0
2024-12-13,2024,4,Q4,12,Tháng 12,2024-12,2024Q4,50,4,0,0
2024-12-14,2024,4,Q4,12,Tháng 12,2024-12,2024Q4,50,5,1,0
2024-12-15,2024,4,Q4,12,Tháng 12,2024-12,2024Q4,50,6,1,0
2024-12-16,2024,4,Q4,12,Tháng 12,2024-12,2024Q4,51,0,0,0
2024-12-17,2024,4,Q4,12,Tháng 12,2024-12,2024Q4,51,1,0,0
2024-12-18,2024,4,Q4,12,Tháng 12,2024-12,2024Q4,51,2,0,0
2024-12-19,2024,4,Q4,12,Tháng 12,2024-12,2024Q4,51,3,0,0
2024-12-20,2024,4,Q4,12,Tháng 12,2024-12,2024Q4,51,4,0,0
2024-12-21,2024,4,Q4,12,Tháng 12,2024-12,2024Q4,51,5,1,0
2024-12-22,2024,4,Q4,12,Tháng 12,2024-12,2024Q4,51,6,1,0
2024-12-23,2024,4,Q4,12,Tháng 12,2024-12,2024Q4,52,0,0,0
2024-12-24,2024,4,Q4,12,Tháng 12,2024-12,2024Q4,52,1,0,0
2024-12-25,2024,4,Q4,12,Tháng 12,2024-12,2024Q4,52,2,0,0
2024-12-26,2024,4,Q4,12,Tháng 12,2024-12,2024Q4,52,3,0,0
2024-12-27,2024,4,Q4,12,Tháng 12,2024-12,2024Q4,52,4,0,0
2024-12-28,2024,4,Q4,12,Tháng 12,2024-12,2024Q4,52,5,1,0
2024-12-29,2024,4,Q4,12,Tháng 12,2024-12,2024Q4,52,6,1,0
2024-12-30,2024,4,Q4,12,Tháng 12,2024-12,2024Q4,1,0,0,0
2024-12-31,2024,4,Q4,12,Tháng 12,2024-12,2024Q4,1,1,0,1
2025-01-01,2025,1,Q1,1,Tháng 1,2025-01,2025Q1,1,2,0,0
2025-01-02,2025,1,Q1,1,Tháng 1,2025-01,2025Q1,1,3,0,0
2025-01-03,2025,1,Q1,1,Tháng 1,2025-01,2025Q1,1,4,0,0
2025-01-04,2025,1,Q1,1,Tháng 1,2025-01,2025Q1,1,5,1,0
2025-01-05,2025,1,Q1,1,Tháng 1,2025-01,2025Q1,1,6,1,0
2025-01-06,2025,1,Q1,1,Tháng 1,2025-01,2025Q1,2,0,0,0
2025-01-07,2025,1,Q1,1,Tháng 1,2025-01,2025Q1,2,1,0,0
2025-01-08,2025,1,Q1,1,Tháng 1,2025-01,2025Q1,2,2,0,0
2025-01-09,2025,1,Q1,1,Tháng 1,2025-01,2025Q1,2,3,0,0
2025-01-10,2025,1,Q1,1,Tháng 1,2025-01,2025Q1,2,4,0,0
2025-01-11,2025,1,Q1,1,Tháng 1,2025-01,2025Q1,2,5,1,0
2025-01-12,2025,1,Q1,1,Tháng 1,2025-01,2025Q1,2,6,1,0
2025-01-13,2025,1,Q1,1,Tháng 1,2025-01,2025Q1,3,0,0,0
2025-01-14,2025,1,Q1,1,Tháng 1,2025-01,2025Q1,3,1,0,0
2025-01-15,2025,1,Q1,1,Tháng 1,2025-01,2025Q1,3,2,0,0
2025-01-16,2025,1,Q1,1,Tháng 1,2025-01,2025Q1,3,3,0,0
2025-01-17,2025,1,Q1,1,Tháng 1,2025-01,2025Q1,3,4,0,0
2025-01-18,2025,1,Q1,1,Tháng 1,2025-01,2025Q1,3,5,1,0
2025-01-19,2025,1,Q1,1,Tháng 1,2025-01,2025Q1,3,6,1,0
2025-01-20,2025,1,Q1,1,Tháng 1,2025-01,2025Q1,4,0,0,0
2025-01-21,2025,1,Q1,1,Tháng 1,2025-01,2025Q1,4,1,0,0
2025-01-22,2025,1,Q1,1,Tháng 1,2025-01,2025Q1,4,2,0,0
2025-01-23,2025,1,Q1,1,Tháng 1,2025-01,2025Q1,4,3,0,0
2025-01-24,2025,1,Q1,1,Tháng 1,2025-01,2025Q1,4,4,0,0
2025-01-25,2025,1,Q1,1,Tháng 1,2025-01,2025Q1,4,5,1,0
2025-01-26,2025,1,Q1,1,Tháng 1,2025-01,2025Q1,4,6,1,0
2025-01-27,2025,1,Q1,1,Tháng 1,2025-01,2025Q1,5,0,0,0
2025-01-28,2025,1,Q1,1,Tháng 1,2025-01,2025Q1,5,1,0,0
2025-01-29,2025,1,Q1,1,Tháng 1,2025-01,2025Q1,5,2,0,0
2025-01-30,2025,1,Q1,1,Tháng 1,2025-01,2025Q1,5,3,0,0
2025-01-31,2025,1,Q1,1,Tháng 1,2025-01,2025Q1,5,4,0,1
2025-02-01,2025,1,Q1,2,Tháng 2,2025-02,2025Q1,5,5,1,0
2025-02-02,2025,1,Q1,2,Tháng 2,2025-02,2025Q1,5,6,1,0
2025-02-03,2025,1,Q1,2,Tháng 2,2025-02,2025Q1,6,0,0,0
2025-02-04,2025,1,Q1,2,Tháng 2,2025-02,2025Q1,6,1,0,0
2025-02-05,2025,1,Q1,2,Tháng 2,2025-02,2025Q1,6,2,0,0
2025-02-06,2025,1,Q1,2,Tháng 2,2025-02,2025Q1,6,3,0,0
2025-02-07,2025,1,Q1,2,Tháng 2,2025-02,2025Q1,6,4,0,0
2025-02-08,2025,1,Q1,2,Tháng 2,2025-02,2025Q1,6,5,1,0
2025-02-09,2025,1,Q1,2,Tháng 2,2025-02,2025Q1,6,6,1,0
2025-02-10,2025,1,Q1,2,Tháng 2,2025-02,2025Q1,7,0,0,0
2025-02-11,2025,1,Q1,2,Tháng 2,2025-02,2025Q1,7,1,0,0
2025-02-12,2025,1,Q1,2,Tháng 2,2025-02,2025Q1,7,2,0,0
2025-02-13,2025,1,Q1,2,Tháng 2,2025-02,2025Q1,7,3,0,0
2025-02-14,2025,1,Q1,2,Tháng 2,2025-02,2025Q1,7,4,0,0
2025-02-15,2025,1,Q1,2,Tháng 2,2025-02,2025Q1,7,5,1,0
2025-02-16,2025,1,Q1,2,Tháng 2,2025-02,2025Q1,7,6,1,0
2025-02-17,2025,1,Q1,2,Tháng 2,2025-02,2025Q1,8,0,0,0
2025-02-18,2025,1,Q1,2,Tháng 2,2025-02,2025Q1,8,1,0,0
2025-02-19,2025,1,Q1,2,Tháng 2,2025-02,2025Q1,8,2,0,0
2025-02-20,2025,1,Q1,2,Tháng 2,2025-02,2025Q1,8,3,0,0
2025-02-21,2025,1,Q1,2,Tháng 2,2025-02,2025Q1,8,4,0,0
2025-02-22,2025,1,Q1,2,Tháng 2,2025-02,2025Q1,8,5,1,0
2025-02-23,2025,1,Q1,2,Tháng 2,2025-02,2025Q1,8,6,1,0
2025-02-24,2025,1,Q1,2,Tháng 2,2025-02,2025Q1,9,0,0,0
2025-02-25,2025,1,Q1,2,Tháng 2,2025-02,2025Q1,9,1,0,0
2025-02-26,2025,1,Q1,2,Tháng 2,2025-02,2025Q1,9,2,0,0
2025-02-27,2025,1,Q1,2,Tháng 2,2025-02,2025Q1,9,3,0,0
2025-02-28,2025,1,Q1,2,Tháng 2,2025-02,2025Q1,9,4,0,1
2025-03-01,2025,1,Q1,3,Tháng 3,2025-03,2025Q1,9,5,1,0
2025-03-02,2025,1,Q1,3,Tháng 3,2025-03,2025Q1,9,6,1,0
2025-03-03,2025,1,Q1,3,Tháng 3,2025-03,2025Q1,10,0,0,0
2025-03-04,2025,1,Q1,3,Tháng 3,2025-03,2025Q1,10,1,0,0
2025-03-05,2025,1,Q1,3,Tháng 3,2025-03,2025Q1,10,2,0,0
2025-03-06,2025,1,Q1,3,Tháng 3,2025-03,2025Q1,10,3,0,0
2025-03-07,2025,1,Q1,3,Tháng 3,2025-03,2025Q1,10,4,0,0
2025-03-08,2025,1,Q1,3,Tháng 3,2025-03,2025Q1,10,5,1,0
2025-03-09,2025,1,Q1,3,Tháng 3,2025-03,2025Q1,10,6,1,0
2025-03-10,2025,1,Q1,3,Tháng 3,2025-03,2025Q1,11,0,0,0
2025-03-11,2025,1,Q1,3,Tháng 3,2025-03,2025Q1,11,1,0,0
2025-03-12,2025,1,Q1,3,Tháng 3,2025-03,2025Q1,11,2,0,0
2025-03-13,2025,1,Q1,3,Tháng 3,2025-03,2025Q1,11,3,0,0
2025-03-14,2025,1,Q1,3,Tháng 3,2025-03,2025Q1,11,4,0,0
2025-03-15,2025,1,Q1,3,Tháng 3,2025-03,2025Q1,11,5,1,0
2025-03-16,2025,1,Q1,3,Tháng 3,2025-03,2025Q1,11,6,1,0
2025-03-17,2025,1,Q1,3,Tháng 3,2025-03,2025Q1,12,0,0,0
2025-03-18,2025,1,Q1,3,Tháng 3,2025-03,2025Q1,12,1,0,0
2025-03-19,2025,1,Q1,3,Tháng 3,2025-03,2025Q1,12,2,0,0
2025-03-20,2025,1,Q1,3,Tháng 3,2025-03,2025Q1,12,3,0,0
2025-03-21,2025,1,Q1,3,Tháng 3,2025-03,2025Q1,12,4,0,0
2025-03-22,2025,1,Q1,3,Tháng 3,2025-03,2025Q1,12,5,1,0
2025-03-23,2025,1,Q1,3,Tháng 3,2025-03,2025Q1,12,6,1,0
2025-03-24,2025,1,Q1,3,Tháng 3,2025-03,2025Q1,13,0,0,0
2025-03-25,2025,1,Q1,3,Tháng 3,2025-03,2025Q1,13,1,0,0
2025-03-26,2025,1,Q1,3,Tháng 3,2025-03,2025Q1,13,2,0,0
2025-03-27,2025,1,Q1,3,Tháng 3,2025-03,2025Q1,13,3,0,0
2025-03-28,2025,1,Q1,3,Tháng 3,2025-03,2025Q1,13,4,0,0
2025-03-29,2025,1,Q1,3,Tháng 3,2025-03,2025Q1,13,5,1,0
2025-03-30,2025,1,Q1,3,Tháng 3,2025-03,2025Q1,13,6,1,0
2025-03-31,2025,1,Q1,3,Tháng 3,2025-03,2025Q1,14,0,0,1
2025-04-01,2025,2,Q2,4,Tháng 4,2025-04,2025Q2,14,1,0,0
2025-04-02,2025,2,Q2,4,Tháng 4,2025-04,2025Q2,14,2,0,0
2025-04-03,2025,2,Q2,4,Tháng 4,2025-04,2025Q2,14,3,0,0
2025-04-04,2025,2,Q2,4,Tháng 4,2025-04,2025Q2,14,4,0,0
2025-04-05,2025,2,Q2,4,Tháng 4,2025-04,2025Q2,14,5,1,0
2025-04-06,2025,2,Q2,4,Tháng 4,2025-04,2025Q2,14,6,1,0
2025-04-07,2025,2,Q2,4,Tháng 4,2025-04,2025Q2,15,0,0,0
2025-04-08,2025,2,Q2,4,Tháng 4,2025-04,2025Q2,15,1,0,0
2025-04-09,2025,2,Q2,4,Tháng 4,2025-04,2025Q2,15,2,0,0
2025-04-10,2025,2,Q2,4,Tháng 4,2025-04,2025Q2,15,3,0,0
2025-04-11,2025,2,Q2,4,Tháng 4,2025-04,2025Q2,15,4,0,0
2025-04-12,2025,2,Q2,4,Tháng 4,2025-04,2025Q2,15,5,1,0
2025-04-13,2025,2,Q2,4,Tháng 4,2025-04,2025Q2,15,6,1,0
2025-04-14,2025,2,Q2,4,Tháng 4,2025-04,2025Q2,16,0,0,0
2025-04-15,2025,2,Q2,4,Tháng 4,2025-04,2025Q2,16,1,0,0
2025-04-16,2025,2,Q2,4,Tháng 4,2025-04,2025Q2,16,2,0,0
2025-04-17,2025,2,Q2,4,Tháng 4,2025-04,2025Q2,16,3,0,0
2025-04-18,2025,2,Q2,4,Tháng 4,2025-04,2025Q2,16,4,0,0
2025-04-19,2025,2,Q2,4,Tháng 4,2025-04,2025Q2,16,5,1,0
2025-04-20,2025,2,Q2,4,Tháng 4,2025-04,2025Q2,16,6,1,0
2025-04-21,2025,2,Q2,4,Tháng 4,2025-04,2025Q2,17,0,0,0
2025-04-22,2025,2,Q2,4,Tháng 4,2025-04,2025Q2,17,1,0,0
2025-04-23,2025,2,Q2,4,Tháng 4,2025-04,2025Q2,17,2,0,0
2025-04-24,2025,2,Q2,4,Tháng 4,2025-04,2025Q2,17,3,0,0
2025-04-25,2025,2,Q2,4,Tháng 4,2025-04,2025Q2,17,4,0,0
2025-04-26,2025,2,Q2,4,Tháng 4,2025-04,2025Q2,17,5,1,0
2025-04-27,2025,2,Q2,4,Tháng 4,2025-04,2025Q2,17,6,1,0
2025-04-28,2025,2,Q2,4,Tháng 4,2025-04,2025Q2,18,0,0,0
2025-04-29,2025,2,Q2,4,Tháng 4,2025-04,2025Q2,18,1,0,0
2025-04-30,2025,2,Q2,4,Tháng 4,2025-04,2025Q2,18,2,0,1
2025-05-01,2025,2,Q2,5,Tháng 5,2025-05,2025Q2,18,3,0,0
2025-05-02,2025,2,Q2,5,Tháng 5,2025-05,2025Q2,18,4,0,0
2025-05-03,2025,2,Q2,5,Tháng 5,2025-05,2025Q2,18,5,1,0
2025-05-04,2025,2,Q2,5,Tháng 5,2025-05,2025Q2,18,6,1,0
2025-05-05,2025,2,Q2,5,Tháng 5,2025-05,2025Q2,19,0,0,0
2025-05-06,2025,2,Q2,5,Tháng 5,2025-05,2025Q2,19,1,0,0
2025-05-07,2025,2,Q2,5,Tháng 5,2025-05,2025Q2,19,2,0,0
2025-05-08,2025,2,Q2,5,Tháng 5,2025-05,2025Q2,19,3,0,0
2025-05-09,2025,2,Q2,5,Tháng 5,2025-05,2025Q2,19,4,0,0
2025-05-10,2025,2,Q2,5,Tháng 5,2025-05,2025Q2,19,5,1,0
2025-05-11,2025,2,Q2,5,Tháng 5,2025-05,2025Q2,19,6,1,0
2025-05-12,2025,2,Q2,5,Tháng 5,2025-05,2025Q2,20,0,0,0
2025-05-13,2025,2,Q2,5,Tháng 5,2025-05,2025Q2,20,1,0,0
2025-05-14,2025,2,Q2,5,Tháng 5,2025-05,2025Q2,20,2,0,0
2025-05-15,2025,2,Q2,5,Tháng 5,2025-05,2025Q2,20,3,0,0
2025-05-16,2025,2,Q2,5,Tháng 5,2025-05,2025Q2,20,4,0,0
2025-05-17,2025,2,Q2,5,Tháng 5,2025-05,2025Q2,20,5,1,0
2025-05-18,2025,2,Q2,5,Tháng 5,2025-05,2025Q2,20,6,1,0
2025-05-19,2025,2,Q2,5,Tháng 5,2025-05,2025Q2,21,0,0,0
2025-05-20,2025,2,Q2,5,Tháng 5,2025-05,2025Q2,21,1,0,0
2025-05-21,2025,2,Q2,5,Tháng 5,2025-05,2025Q2,21,2,0,0
2025-05-22,2025,2,Q2,5,Tháng 5,2025-05,2025Q2,21,3,0,0
2025-05-23,2025,2,Q2,5,Tháng 5,2025-05,2025Q2,21,4,0,0
2025-05-24,2025,2,Q2,5,Tháng 5,2025-05,2025Q2,21,5,1,0
2025-05-25,2025,2,Q2,5,Tháng 5,2025-05,2025Q2,21,6,1,0
2025-05-26,2025,2,Q2,5,Tháng 5,2025-05,2025Q2,22,0,0,0
2025-05-27,2025,2,Q2,5,Tháng 5,2025-05,2025Q2,22,1,0,0
2025-05-28,2025,2,Q2,5,Tháng 5,2025-05,2025Q2,22,2,0,0
2025-05-29,2025,2,Q2,5,Tháng 5,2025-05,2025Q2,22,3,0,0
2025-05-30,2025,2,Q2,5,Tháng 5,2025-05,2025Q2,22,4,0,0
2025-05-31,2025,2,Q2,5,Tháng 5,2025-05,2025Q2,22,5,1,1
2025-06-01,2025,2,Q2,6,Tháng 6,2025-06,2025Q2,22,6,1,0
2025-06-02,2025,2,Q2,6,Tháng 6,2025-06,2025Q2,23,0,0,0
2025-06-03,2025,2,Q2,6,Tháng 6,2025-06,2025Q2,23,1,0,0
2025-06-04,2025,2,Q2,6,Tháng 6,2025-06,2025Q2,23,2,0,0
2025-06-05,2025,2,Q2,6,Tháng 6,2025-06,2025Q2,23,3,0,0
2025-06-06,2025,2,Q2,6,Tháng 6,2025-06,2025Q2,23,4,0,0
2025-06-07,2025,2,Q2,6,Tháng 6,2025-06,2025Q2,23,5,1,0
2025-06-08,2025,2,Q2,6,Tháng 6,2025-06,2025Q2,23,6,1,0
2025-06-09,2025,2,Q2,6,Tháng 6,2025-06,2025Q2,24,0,0,0
2025-06-10,2025,2,Q2,6,Tháng 6,2025-06,2025Q2,24,1,0,0
2025-06-11,2025,2,Q2,6,Tháng 6,2025-06,2025Q2,24,2,0,0
2025-06-12,2025,2,Q2,6,Tháng 6,2025-06,2025Q2,24,3,0,0
2025-06-13,2025,2,Q2,6,Tháng 6,2025-06,2025Q2,24,4,0,0
2025-06-14,2025,2,Q2,6,Tháng 6,2025-06,2025Q2,24,5,1,0
2025-06-15,2025,2,Q2,6,Tháng 6,2025-06,2025Q2,24,6,1,0
2025-06-16,2025,2,Q2,6,Tháng 6,2025-06,2025Q2,25,0,0,0
2025-06-17,2025,2,Q2,6,Tháng 6,2025-06,2025Q2,25,1,0,0
2025-06-18,2025,2,Q2,6,Tháng 6,2025-06,2025Q2,25,2,0,0
2025-06-19,2025,2,Q2,6,Tháng 6,2025-06,2025Q2,25,3,0,0
2025-06-20,2025,2,Q2,6,Tháng 6,2025-06,2025Q2,25,4,0,0
2025-06-21,2025,2,Q2,6,Tháng 6,2025-06,2025Q2,25,5,1,0
2025-06-22,2025,2,Q2,6,Tháng 6,2025-06,2025Q2,25,6,1,0
2025-06-23,2025,2,Q2,6,Tháng 6,2025-06,2025Q2,26,0,0,0
2025-06-24,2025,2,Q2,6,Tháng 6,2025-06,2025Q2,26,1,0,0
2025-06-25,2025,2,Q2,6,Tháng 6,2025-06,2025Q2,26,2,0,0
2025-06-26,2025,2,Q2,6,Tháng 6,2025-06,2025Q2,26,3,0,0
2025-06-27,2025,2,Q2,6,Tháng 6,2025-06,2025Q2,26,4,0,0
2025-06-28,2025,2,Q2,6,Tháng 6,2025-06,2025Q2,26,5,1,0
2025-06-29,2025,2,Q2,6,Tháng 6,2025-06,2025Q2,26,6,1,0
2025-06-30,2025,2,Q2,6,Tháng 6,2025-06,2025Q2,27,0,0,1
2025-07-01,2025,3,Q3,7,Tháng 7,2025-07,2025Q3,27,1,0,0
2025-07-02,2025,3,Q3,7,Tháng 7,2025-07,2025Q3,27,2,0,0
2025-07-03,2025,3,Q3,7,Tháng 7,2025-07,2025Q3,27,3,0,0
2025-07-04,2025,3,Q3,7,Tháng 7,2025-07,2025Q3,27,4,0,0
2025-07-05,2025,3,Q3,7,Tháng 7,2025-07,2025Q3,27,5,1,0
2025-07-06,2025,3,Q3,7,Tháng 7,2025-07,2025Q3,27,6,1,0
2025-07-07,2025,3,Q3,7,Tháng 7,2025-07,2025Q3,28,0,0,0
2025-07-08,2025,3,Q3,7,Tháng 7,2025-07,2025Q3,28,1,0,0
2025-07-09,2025,3,Q3,7,Tháng 7,2025-07,2025Q3,28,2,0,0
2025-07-10,2025,3,Q3,7,Tháng 7,2025-07,2025Q3,28,3,0,0
2025-07-11,2025,3,Q3,7,Tháng 7,2025-07,2025Q3,28,4,0,0
2025-07-12,2025,3,Q3,7,Tháng 7,2025-07,2025Q3,28,5,1,0
2025-07-13,2025,3,Q3,7,Tháng 7,2025-07,2025Q3,28,6,1,0
2025-07-14,2025,3,Q3,7,Tháng 7,2025-07,2025Q3,29,0,0,0
2025-07-15,2025,3,Q3,7,Tháng 7,2025-07,2025Q3,29,1,0,0
2025-07-16,2025,3,Q3,7,Tháng 7,2025-07,2025Q3,29,2,0,0
2025-07-17,2025,3,Q3,7,Tháng 7,2025-07,2025Q3,29,3,0,0
2025-07-18,2025,3,Q3,7,Tháng 7,2025-07,2025Q3,29,4,0,0
2025-07-19,2025,3,Q3,7,Tháng 7,2025-07,2025Q3,29,5,1,0
2025-07-20,2025,3,Q3,7,Tháng 7,2025-07,2025Q3,29,6,1,0
2025-07-21,2025,3,Q3,7,Tháng 7,2025-07,2025Q3,30,0,0,0
2025-07-22,2025,3,Q3,7,Tháng 7,2025-07,2025Q3,30,1,0,0
2025-07-23,2025,3,Q3,7,Tháng 7,2025-07,2025Q3,30,2,0,0
2025-07-24,2025,3,Q3,7,Tháng 7,2025-07,2025Q3,30,3,0,0
2025-07-25,2025,3,Q3,7,Tháng 7,2025-07,2025Q3,30,4,0,0
2025-07-26,2025,3,Q3,7,Tháng 7,2025-07,2025Q3,30,5,1,0
2025-07-27,2025,3,Q3,7,Tháng 7,2025-07,2025Q3,30,6,1,0
2025-07-28,2025,3,Q3,7,Tháng 7,2025-07,2025Q3,31,0,0,0
2025-07-29,2025,3,Q3,7,Tháng 7,2025-07,2025Q3,31,1,0,0
2025-07-30,2025,3,Q3,7,Tháng 7,2025-07,2025Q3,31,2,0,0
2025-07-31,2025,3,Q3,7,Tháng 7,2025-07,2025Q3,31,3,0,1
2025-08-01,2025,3,Q3,8,Tháng 8,2025-08,2025Q3,31,4,0,0
2025-08-02,2025,3,Q3,8,Tháng 8,2025-08,2025Q3,31,5,1,0
2025-08-03,2025,3,Q3,8,Tháng 8,2025-08,2025Q3,31,6,1,0
2025-08-04,2025,3,Q3,8,Tháng 8,2025-08,2025Q3,32,0,0,0
2025-08-05,2025,3,Q3,8,Tháng 8,2025-08,2025Q3,32,1,0,0
2025-08-06,2025,3,Q3,8,Tháng 8,2025-08,2025Q3,32,2,0,0
2025-08-07,2025,3,Q3,8,Tháng 8,2025-08,2025Q3,32,3,0,0
2025-08-08,2025,3,Q3,8,Tháng 8,2025-08,2025Q3,32,4,0,0
2025-08-09,2025,3,Q3,8,Tháng 8,2025-08,2025Q3,32,5,1,0
2025-08-10,2025,3,Q3,8,Tháng 8,2025-08,2025Q3,32,6,1,0
2025-08-11,2025,3,Q3,8,Tháng 8,2025-08,2025Q3,33,0,0,0
2025-08-12,2025,3,Q3,8,Tháng 8,2025-08,2025Q3,33,1,0,0
2025-08-13,2025,3,Q3,8,Tháng 8,2025-08,2025Q3,33,2,0,0
2025-08-14,2025,3,Q3,8,Tháng 8,2025-08,2025Q3,33,3,0,0
2025-08-15,2025,3,Q3,8,Tháng 8,2025-08,2025Q3,33,4,0,0
2025-08-16,2025,3,Q3,8,Tháng 8,2025-08,2025Q3,33,5,1,0
2025-08-17,2025,3,Q3,8,Tháng 8,2025-08,2025Q3,33,6,1,0
2025-08-18,2025,3,Q3,8,Tháng 8,2025-08,2025Q3,34,0,0,0
2025-08-19,2025,3,Q3,8,Tháng 8,2025-08,2025Q3,34,1,0,0
2025-08-20,2025,3,Q3,8,Tháng 8,2025-08,2025Q3,34,2,0,0
2025-08-21,2025,3,Q3,8,Tháng 8,2025-08,2025Q3,34,3,0,0
2025-08-22,2025,3,Q3,8,Tháng 8,2025-08,2025Q3,34,4,0,0
2025-08-23,2025,3,Q3,8,Tháng 8,2025-08,2025Q3,34,5,1,0
2025-08-24,2025,3,Q3,8,Tháng 8,2025-08,2025Q3,34,6,1,0
2025-08-25,2025,3,Q3,8,Tháng 8,2025-08,2025Q3,35,0,0,0
2025-08-26,2025,3,Q3,8,Tháng 8,2025-08,2025Q3,35,1,0,0
2025-08-27,2025,3,Q3,8,Tháng 8,2025-08,2025Q3,35,2,0,0
2025-08-28,2025,3,Q3,8,Tháng 8,2025-08,2025Q3,35,3,0,0
2025-08-29,2025,3,Q3,8,Tháng 8,2025-08,2025Q3,35,4,0,0
2025-08-30,2025,3,Q3,8,Tháng 8,2025-08,2025Q3,35,5,1,0
2025-08-31,2025,3,Q3,8,Tháng 8,2025-08,2025Q3,35,6,1,1
2025-09-01,2025,3,Q3,9,Tháng 9,2025-09,2025Q3,36,0,0,0
2025-09-02,2025,3,Q3,9,Tháng 9,2025-09,2025Q3,36,1,0,0
2025-09-03,2025,3,Q3,9,Tháng 9,2025-09,2025Q3,36,2,0,0
2025-09-04,2025,3,Q3,9,Tháng 9,2025-09,2025Q3,36,3,0,0
2025-09-05,2025,3,Q3,9,Tháng 9,2025-09,2025Q3,36,4,0,0
2025-09-06,2025,3,Q3,9,Tháng 9,2025-09,2025Q3,36,5,1,0
2025-09-07,2025,3,Q3,9,Tháng 9,2025-09,2025Q3,36,6,1,0
2025-09-08,2025,3,Q3,9,Tháng 9,2025-09,2025Q3,37,0,0,0
2025-09-09,2025,3,Q3,9,Tháng 9,2025-09,2025Q3,37,1,0,0
2025-09-10,2025,3,Q3,9,Tháng 9,2025-09,2025Q3,37,2,0,0
2025-09-11,2025,3,Q3,9,Tháng 9,2025-09,2025Q3,37,3,0,0
2025-09-12,2025,3,Q3,9,Tháng 9,2025-09,2025Q3,37,4,0,0
2025-09-13,2025,3,Q3,9,Tháng 9,2025-09,2025Q3,37,5,1,0
2025-09-14,2025,3,Q3,9,Tháng 9,2025-09,2025Q3,37,6,1,0
2025-09-15,2025,3,Q3,9,Tháng 9,2025-09,2025Q3,38,0,0,0
2025-09-16,2025,3,Q3,9,Tháng 9,2025-09,2025Q3,38,1,0,0
2025-09-17,2025,3,Q3,9,Tháng 9,2025-09,2025Q3,38,2,0,0
2025-09-18,2025,3,Q3,9,Tháng 9,2025-09,2025Q3,38,3,0,0
2025-09-19,2025,3,Q3,9,Tháng 9,2025-09,2025Q3,38,4,0,0
2025-09-20,2025,3,Q3,9,Tháng 9,2025-09,2025Q3,38,5,1,0
2025-09-21,2025,3,Q3,9,Tháng 9,2025-09,2025Q3,38,6,1,0
2025-09-22,2025,3,Q3,9,Tháng 9,2025-09,2025Q3,39,0,0,0
2025-09-23,2025,3,Q3,9,Tháng 9,2025-09,2025Q3,39,1,0,0
2025-09-24,2025,3,Q3,9,Tháng 9,2025-09,2025Q3,39,2,0,0
2025-09-25,2025,3,Q3,9,Tháng 9,2025-09,2025Q3,39,3,0,0
2025-09-26,2025,3,Q3,9,Tháng 9,2025-09,2025Q3,39,4,0,0
2025-09-27,2025,3,Q3,9,Tháng 9,2025-09,2025Q3,39,5,1,0
2025-09-28,2025,3,Q3,9,Tháng 9,2025-09,2025Q3,39,6,1,0
2025-09-29,2025,3,Q3,9,Tháng 9,2025-09,2025Q3,40,0,0,0
2025-09-30,2025,3,Q3,9,Tháng 9,2025-09,2025Q3,40,1,0,1
2025-10-01,2025,4,Q4,10,Tháng 10,2025-10,2025Q4,40,2,0,0
2025-10-02,2025,4,Q4,10,Tháng 10,2025-10,2025Q4,40,3,0,0
2025-10-03,2025,4,Q4,10,Tháng 10,2025-10,2025Q4,40,4,0,0
2025-10-04,2025,4,Q4,10,Tháng 10,2025-10,2025Q4,40,5,1,0
2025-10-05,2025,4,Q4,10,Tháng 10,2025-10,2025Q4,40,6,1,0
2025-10-06,2025,4,Q4,10,Tháng 10,2025-10,2025Q4,41,0,0,0
2025-10-07,2025,4,Q4,10,Tháng 10,2025-10,2025Q4,41,1,0,0
2025-10-08,2025,4,Q4,10,Tháng 10,2025-10,2025Q4,41,2,0,0
2025-10-09,2025,4,Q4,10,Tháng 10,2025-10,2025Q4,41,3,0,0
2025-10-10,2025,4,Q4,10,Tháng 10,2025-10,2025Q4,41,4,0,0
2025-10-11,2025,4,Q4,10,Tháng 10,2025-10,2025Q4,41,5,1,0
2025-10-12,2025,4,Q4,10,Tháng 10,2025-10,2025Q4,41,6,1,0
2025-10-13,2025,4,Q4,10,Tháng 10,2025-10,2025Q4,42,0,0,0
2025-10-14,2025,4,Q4,10,Tháng 10,2025-10,2025Q4,42,1,0,0
2025-10-15,2025,4,Q4,10,Tháng 10,2025-10,2025Q4,42,2,0,0
2025-10-16,2025,4,Q4,10,Tháng 10,2025-10,2025Q4,42,3,0,0
2025-10-17,2025,4,Q4,10,Tháng 10,2025-10,2025Q4,42,4,0,0
2025-10-18,2025,4,Q4,10,Tháng 10,2025-10,2025Q4,42,5,1,0
2025-10-19,2025,4,Q4,10,Tháng 10,2025-10,2025Q4,42,6,1,0
2025-10-20,2025,4,Q4,10,Tháng 10,2025-10,2025Q4,43,0,0,0
2025-10-21,2025,4,Q4,10,Tháng 10,2025-10,2025Q4,43,1,0,0
2025-10-22,2025,4,Q4,10,Tháng 10,2025-10,2025Q4,43,2,0,0
2025-10-23,2025,4,Q4,10,Tháng 10,2025-10,2025Q4,43,3,0,0
2025-10-24,2025,4,Q4,10,Tháng 10,2025-10,2025Q4,43,4,0,0
2025-10-25,2025,4,Q4,10,Tháng 10,2025-10,2025Q4,43,5,1,0
2025-10-26,2025,4,Q4,10,Tháng 10,2025-10,2025Q4,43,6,1,0
2025-10-27,2025,4,Q4,10,Tháng 10,2025-10,2025Q4,44,0,0,0
2025-10-28,2025,4,Q4,10,Tháng 10,2025-10,2025Q4,44,1,0,0
2025-10-29,2025,4,Q4,10,Tháng 10,2025-10,2025Q4,44,2,0,0
2025-10-30,2025,4,Q4,10,Tháng 10,2025-10,2025Q4,44,3,0,0
2025-10-31,2025,4,Q4,10,Tháng 10,2025-10,2025Q4,44,4,0,1
2025-11-01,2025,4,Q4,11,Tháng 11,2025-11,2025Q4,44,5,1,0
2025-11-02,2025,4,Q4,11,Tháng 11,2025-11,2025Q4,44,6,1,0
2025-11-03,2025,4,Q4,11,Tháng 11,2025-11,2025Q4,45,0,0,0
2025-11-04,2025,4,Q4,11,Tháng 11,2025-11,2025Q4,45,1,0,0
2025-11-05,2025,4,Q4,11,Tháng 11,2025-11,2025Q4,45,2,0,0
2025-11-06,2025,4,Q4,11,Tháng 11,2025-11,2025Q4,45,3,0,0
2025-11-07,2025,4,Q4,11,Tháng 11,2025-11,2025Q4,45,4,0,0
2025-11-08,2025,4,Q4,11,Tháng 11,2025-11,2025Q4,45,5,1,0
2025-11-09,2025,4,Q4,11,Tháng 11,2025-11,2025Q4,45,6,1,0
2025-11-10,2025,4,Q4,11,Tháng 11,2025-11,2025Q4,46,0,0,0
2025-11-11,2025,4,Q4,11,Tháng 11,2025-11,2025Q4,46,1,0,0
2025-11-12,2025,4,Q4,11,Tháng 11,2025-11,2025Q4,46,2,0,0
2025-11-13,2025,4,Q4,11,Tháng 11,2025-11,2025Q4,46,3,0,0
2025-11-14,2025,4,Q4,11,Tháng 11,2025-11,2025Q4,46,4,0,0
2025-11-15,2025,4,Q4,11,Tháng 11,2025-11,2025Q4,46,5,1,0
2025-11-16,2025,4,Q4,11,Tháng 11,2025-11,2025Q4,46,6,1,0
2025-11-17,2025,4,Q4,11,Tháng 11,2025-11,2025Q4,47,0,0,0
2025-11-18,2025,4,Q4,11,Tháng 11,2025-11,2025Q4,47,1,0,0
2025-11-19,2025,4,Q4,11,Tháng 11,2025-11,2025Q4,47,2,0,0
2025-11-20,2025,4,Q4,11,Tháng 11,2025-11,2025Q4,47,3,0,0
2025-11-21,2025,4,Q4,11,Tháng 11,2025-11,2025Q4,47,4,0,0
2025-11-22,2025,4,Q4,11,Tháng 11,2025-11,2025Q4,47,5,1,0
2025-11-23,2025,4,Q4,11,Tháng 11,2025-11,2025Q4,47,6,1,0
2025-11-24,2025,4,Q4,11,Tháng 11,2025-11,2025Q4,48,0,0,0
2025-11-25,2025,4,Q4,11,Tháng 11,2025-11,2025Q4,48,1,0,0
2025-11-26,2025,4,Q4,11,Tháng 11,2025-11,2025Q4,48,2,0,0
2025-11-27,2025,4,Q4,11,Tháng 11,2025-11,2025Q4,48,3,0,0
2025-11-28,2025,4,Q4,11,Tháng 11,2025-11,2025Q4,48,4,0,0
2025-11-29,2025,4,Q4,11,Tháng 11,2025-11,2025Q4,48,5,1,0
2025-11-30,2025,4,Q4,11,Tháng 11,2025-11,2025Q4,48,6,1,1
2025-12-01,2025,4,Q4,12,Tháng 12,2025-12,2025Q4,49,0,0,0
2025-12-02,2025,4,Q4,12,Tháng 12,2025-12,2025Q4,49,1,0,0
2025-12-03,2025,4,Q4,12,Tháng 12,2025-12,2025Q4,49,2,0,0
2025-12-04,2025,4,Q4,12,Tháng 12,2025-12,2025Q4,49,3,0,0
2025-12-05,2025,4,Q4,12,Tháng 12,2025-12,2025Q4,49,4,0,0
2025-12-06,2025,4,Q4,12,Tháng 12,2025-12,2025Q4,49,5,1,0
2025-12-07,2025,4,Q4,12,Tháng 12,2025-12,2025Q4,49,6,1,0
2025-12-08,2025,4,Q4,12,Tháng 12,2025-12,2025Q4,50,0,0,0
2025-12-09,2025,4,Q4,12,Tháng 12,2025-12,2025Q4,50,1,0,0
2025-12-10,2025,4,Q4,12,Tháng 12,2025-12,2025Q4,50,2,0,0
2025-12-11,2025,4,Q4,12,Tháng 12,2025-12,2025Q4,50,3,0,0
2025-12-12,2025,4,Q4,12,Tháng 12,2025-12,2025Q4,50,4,0,0
2025-12-13,2025,4,Q4,12,Tháng 12,2025-12,2025Q4,50,5,1,0
2025-12-14,2025,4,Q4,12,Tháng 12,2025-12,2025Q4,50,6,1,0
2025-12-15,2025,4,Q4,12,Tháng 12,2025-12,2025Q4,51,0,0,0
2025-12-16,2025,4,Q4,12,Tháng 12,2025-12,2025Q4,51,1,0,0
2025-12-17,2025,4,Q4,12,Tháng 12,2025-12,2025Q4,51,2,0,0
2025-12-18,2025,4,Q4,12,Tháng 12,2025-12,2025Q4,51,3,0,0
2025-12-19,2025,4,Q4,12,Tháng 12,2025-12,2025Q4,51,4,0,0
2025-12-20,2025,4,Q4,12,Tháng 12,2025-12,2025Q4,51,5,1,0
2025-12-21,2025,4,Q4,12,Tháng 12,2025-12,2025Q4,51,6,1,0
2025-12-22,2025,4,Q4,12,Tháng 12,2025-12,2025Q4,52,0,0,0
2025-12-23,2025,4,Q4,12,Tháng 12,2025-12,2025Q4,52,1,0,0
2025-12-24,2025,4,Q4,12,Tháng 12,2025-12,2025Q4,52,2,0,0
2025-12-25,2025,4,Q4,12,Tháng 12,2025-12,2025Q4,52,3,0,0
2025-12-26,2025,4,Q4,12,Tháng 12,2025-12,2025Q4,52,4,0,0
2025-12-27,2025,4,Q4,12,Tháng 12,2025-12,2025Q4,52,5,1,0
2025-12-28,2025,4,Q4,12,Tháng 12,2025-12,2025Q4,52,6,1,0
2025-12-29,2025,4,Q4,12,Tháng 12,2025-12,2025Q4,1,0,0,0
2025-12-30,2025,4,Q4,12,Tháng 12,2025-12,2025Q4,1,1,0,0
2025-12-31,2025,4,Q4,12,Tháng 12,2025-12,2025Q4,1,2,0,1
2026-01-01,2026,1,Q1,1,Tháng 1,2026-01,2026Q1,1,3,0,0
2026-01-02,2026,1,Q1,1,Tháng 1,2026-01,2026Q1,1,4,0,0
2026-01-03,2026,1,Q1,1,Tháng 1,2026-01,2026Q1,1,5,1,0
2026-01-04,2026,1,Q1,1,Tháng 1,2026-01,2026Q1,1,6,1,0
2026-01-05,2026,1,Q1,1,Tháng 1,2026-01,2026Q1,2,0,0,0
2026-01-06,2026,1,Q1,1,Tháng 1,2026-01,2026Q1,2,1,0,0
2026-01-07,2026,1,Q1,1,Tháng 1,2026-01,2026Q1,2,2,0,0
2026-01-08,2026,1,Q1,1,Tháng 1,2026-01,2026Q1,2,3,0,0
2026-01-09,2026,1,Q1,1,Tháng 1,2026-01,2026Q1,2,4,0,0
2026-01-10,2026,1,Q1,1,Tháng 1,2026-01,2026Q1,2,5,1,0
2026-01-11,2026,1,Q1,1,Tháng 1,2026-01,2026Q1,2,6,1,0
2026-01-12,2026,1,Q1,1,Tháng 1,2026-01,2026Q1,3,0,0,0
2026-01-13,2026,1,Q1,1,Tháng 1,2026-01,2026Q1,3,1,0,0
2026-01-14,2026,1,Q1,1,Tháng 1,2026-01,2026Q1,3,2,0,0
2026-01-15,2026,1,Q1,1,Tháng 1,2026-01,2026Q1,3,3,0,0
2026-01-16,2026,1,Q1,1,Tháng 1,2026-01,2026Q1,3,4,0,0
2026-01-17,2026,1,Q1,1,Tháng 1,2026-01,2026Q1,3,5,1,0
2026-01-18,2026,1,Q1,1,Tháng 1,2026-01,2026Q1,3,6,1,0
2026-01-19,2026,1,Q1,1,Tháng 1,2026-01,2026Q1,4,0,0,0
2026-01-20,2026,1,Q1,1,Tháng 1,2026-01,2026Q1,4,1,0,0
2026-01-21,2026,1,Q1,1,Tháng 1,2026-01,2026Q1,4,2,0,0
2026-01-22,2026,1,Q1,1,Tháng 1,2026-01,2026Q1,4,3,0,0
2026-01-23,2026,1,Q1,1,Tháng 1,2026-01,2026Q1,4,4,0,0
2026-01-24,2026,1,Q1,1,Tháng 1,2026-01,2026Q1,4,5,1,0
2026-01-25,2026,1,Q1,1,Tháng 1,2026-01,2026Q1,4,6,1,0
2026-01-26,2026,1,Q1,1,Tháng 1,2026-01,2026Q1,5,0,0,0
2026-01-27,2026,1,Q1,1,Tháng 1,2026-01,2026Q1,5,1,0,0
2026-01-28,2026,1,Q1,1,Tháng 1,2026-01,2026Q1,5,2,0,0
2026-01-29,2026,1,Q1,1,Tháng 1,2026-01,2026Q1,5,3,0,0
2026-01-30,2026,1,Q1,1,Tháng 1,2026-01,2026Q1,5,4,0,0
2026-01-31,2026,1,Q1,1,Tháng 1,2026-01,2026Q1,5,5,1,1
2026-02-01,2026,1,Q1,2,Tháng 2,2026-02,2026Q1,5,6,1,0
2026-02-02,2026,1,Q1,2,Tháng 2,2026-02,2026Q1,6,0,0,0
2026-02-03,2026,1,Q1,2,Tháng 2,2026-02,2026Q1,6,1,0,0
2026-02-04,2026,1,Q1,2,Tháng 2,2026-02,2026Q1,6,2,0,0
2026-02-05,2026,1,Q1,2,Tháng 2,2026-02,2026Q1,6,3,0,0
2026-02-06,2026,1,Q1,2,Tháng 2,2026-02,2026Q1,6,4,0,0
2026-02-07,2026,1,Q1,2,Tháng 2,2026-02,2026Q1,6,5,1,0
2026-02-08,2026,1,Q1,2,Tháng 2,2026-02,2026Q1,6,6,1,0
2026-02-09,2026,1,Q1,2,Tháng 2,2026-02,2026Q1,7,0,0,0
2026-02-10,2026,1,Q1,2,Tháng 2,2026-02,2026Q1,7,1,0,0
2026-02-11,2026,1,Q1,2,Tháng 2,2026-02,2026Q1,7,2,0,0
2026-02-12,2026,1,Q1,2,Tháng 2,2026-02,2026Q1,7,3,0,0
2026-02-13,2026,1,Q1,2,Tháng 2,2026-02,2026Q1,7,4,0,0
2026-02-14,2026,1,Q1,2,Tháng 2,2026-02,2026Q1,7,5,1,0
2026-02-15,2026,1,Q1,2,Tháng 2,2026-02,2026Q1,7,6,1,0
2026-02-16,2026,1,Q1,2,Tháng 2,2026-02,2026Q1,8,0,0,0
2026-02-17,2026,1,Q1,2,Tháng 2,2026-02,2026Q1,8,1,0,0
2026-02-18,2026,1,Q1,2,Tháng 2,2026-02,2026Q1,8,2,0,0
2026-02-19,2026,1,Q1,2,Tháng 2,2026-02,2026Q1,8,3,0,0
2026-02-20,2026,1,Q1,2,Tháng 2,2026-02,2026Q1,8,4,0,0
2026-02-21,2026,1,Q1,2,Tháng 2,2026-02,2026Q1,8,5,1,0
2026-02-22,2026,1,Q1,2,Tháng 2,2026-02,2026Q1,8,6,1,0
2026-02-23,2026,1,Q1,2,Tháng 2,2026-02,2026Q1,9,0,0,0
2026-02-24,2026,1,Q1,2,Tháng 2,2026-02,2026Q1,9,1,0,0
2026-02-25,2026,1,Q1,2,Tháng 2,2026-02,2026Q1,9,2,0,0
2026-02-26,2026,1,Q1,2,Tháng 2,2026-02,2026Q1,9,3,0,0
2026-02-27,2026,1,Q1,2,Tháng 2,2026-02,2026Q1,9,4,0,0
2026-02-28,2026,1,Q1,2,Tháng 2,2026-02,2026Q1,9,5,1,1
2026-03-01,2026,1,Q1,3,Tháng 3,2026-03,2026Q1,9,6,1,0
2026-03-02,2026,1,Q1,3,Tháng 3,2026-03,2026Q1,10,0,0,0
2026-03-03,2026,1,Q1,3,Tháng 3,2026-03,2026Q1,10,1,0,0
2026-03-04,2026,1,Q1,3,Tháng 3,2026-03,2026Q1,10,2,0,0
2026-03-05,2026,1,Q1,3,Tháng 3,2026-03,2026Q1,10,3,0,0
2026-03-06,2026,1,Q1,3,Tháng 3,2026-03,2026Q1,10,4,0,0
2026-03-07,2026,1,Q1,3,Tháng 3,2026-03,2026Q1,10,5,1,0
2026-03-08,2026,1,Q1,3,Tháng 3,2026-03,2026Q1,10,6,1,0
2026-03-09,2026,1,Q1,3,Tháng 3,2026-03,2026Q1,11,0,0,0
2026-03-10,2026,1,Q1,3,Tháng 3,2026-03,2026Q1,11,1,0,0
2026-03-11,2026,1,Q1,3,Tháng 3,2026-03,2026Q1,11,2,0,0
2026-03-12,2026,1,Q1,3,Tháng 3,2026-03,2026Q1,11,3,0,0
2026-03-13,2026,1,Q1,3,Tháng 3,2026-03,2026Q1,11,4,0,0
2026-03-14,2026,1,Q1,3,Tháng 3,2026-03,2026Q1,11,5,1,0
2026-03-15,2026,1,Q1,3,Tháng 3,2026-03,2026Q1,11,6,1,0
2026-03-16,2026,1,Q1,3,Tháng 3,2026-03,2026Q1,12,0,0,0
2026-03-17,2026,1,Q1,3,Tháng 3,2026-03,2026Q1,12,1,0,0
2026-03-18,2026,1,Q1,3,Tháng 3,2026-03,2026Q1,12,2,0,0
2026-03-19,2026,1,Q1,3,Tháng 3,2026-03,2026Q1,12,3,0,0
2026-03-20,2026,1,Q1,3,Tháng 3,2026-03,2026Q1,12,4,0,0
2026-03-21,2026,1,Q1,3,Tháng 3,2026-03,2026Q1,12,5,1,0
2026-03-22,2026,1,Q1,3,Tháng 3,2026-03,2026Q1,12,6,1,0
2026-03-23,2026,1,Q1,3,Tháng 3,2026-03,2026Q1,13,0,0,0
2026-03-24,2026,1,Q1,3,Tháng 3,2026-03,2026Q1,13,1,0,0
2026-03-25,2026,1,Q1,3,Tháng 3,2026-03,2026Q1,13,2,0,0
2026-03-26,2026,1,Q1,3,Tháng 3,2026-03,2026Q1,13,3,0,0
2026-03-27,2026,1,Q1,3,Tháng 3,2026-03,2026Q1,13,4,0,0
2026-03-28,2026,1,Q1,3,Tháng 3,2026-03,2026Q1,13,5,1,0
2026-03-29,2026,1,Q1,3,Tháng 3,2026-03,2026Q1,13,6,1,0
2026-03-30,2026,1,Q1,3,Tháng 3,2026-03,2026Q1,14,0,0,0
2026-03-31,2026,1,Q1,3,Tháng 3,2026-03,2026Q1,14,1,0,1
2026-04-01,2026,2,Q2,4,Tháng 4,2026-04,2026Q2,14,2,0,0
2026-04-02,2026,2,Q2,4,Tháng 4,2026-04,2026Q2,14,3,0,0
2026-04-03,2026,2,Q2,4,Tháng 4,2026-04,2026Q2,14,4,0,0
2026-04-04,2026,2,Q2,4,Tháng 4,2026-04,2026Q2,14,5,1,0
2026-04-05,2026,2,Q2,4,Tháng 4,2026-04,2026Q2,14,6,1,0
2026-04-06,2026,2,Q2,4,Tháng 4,2026-04,2026Q2,15,0,0,0
2026-04-07,2026,2,Q2,4,Tháng 4,2026-04,2026Q2,15,1,0,0
2026-04-08,2026,2,Q2,4,Tháng 4,2026-04,2026Q2,15,2,0,0
2026-04-09,2026,2,Q2,4,Tháng 4,2026-04,2026Q2,15,3,0,0
2026-04-10,2026,2,Q2,4,Tháng 4,2026-04,2026Q2,15,4,0,0
2026-04-11,2026,2,Q2,4,Tháng 4,2026-04,2026Q2,15,5,1,0
2026-04-12,2026,2,Q2,4,Tháng 4,2026-04,2026Q2,15,6,1,0
2026-04-13,2026,2,Q2,4,Tháng 4,2026-04,2026Q2,16,0,0,0
2026-04-14,2026,2,Q2,4,Tháng 4,2026-04,2026Q2,16,1,0,0
2026-04-15,2026,2,Q2,4,Tháng 4,2026-04,2026Q2,16,2,0,0
2026-04-16,2026,2,Q2,4,Tháng 4,2026-04,2026Q2,16,3,0,0
2026-04-17,2026,2,Q2,4,Tháng 4,2026-04,2026Q2,16,4,0,0
2026-04-18,2026,2,Q2,4,Tháng 4,2026-04,2026Q2,16,5,1,0
2026-04-19,2026,2,Q2,4,Tháng 4,2026-04,2026Q2,16,6,1,0
2026-04-20,2026,2,Q2,4,Tháng 4,2026-04,2026Q2,17,0,0,0
2026-04-21,2026,2,Q2,4,Tháng 4,2026-04,2026Q2,17,1,0,0
2026-04-22,2026,2,Q2,4,Tháng 4,2026-04,2026Q2,17,2,0,0
2026-04-23,2026,2,Q2,4,Tháng 4,2026-04,2026Q2,17,3,0,0
2026-04-24,2026,2,Q2,4,Tháng 4,2026-04,2026Q2,17,4,0,0
2026-04-25,2026,2,Q2,4,Tháng 4,2026-04,2026Q2,17,5,1,0
2026-04-26,2026,2,Q2,4,Tháng 4,2026-04,2026Q2,17,6,1,0
2026-04-27,2026,2,Q2,4,Tháng 4,2026-04,2026Q2,18,0,0,0
2026-04-28,2026,2,Q2,4,Tháng 4,2026-04,2026Q2,18,1,0,0
2026-04-29,2026,2,Q2,4,Tháng 4,2026-04,2026Q2,18,2,0,0
2026-04-30,2026,2,Q2,4,Tháng 4,2026-04,2026Q2,18,3,0,1
2026-05-01,2026,2,Q2,5,Tháng 5,2026-05,2026Q2,18,4,0,0
2026-05-02,2026,2,Q2,5,Tháng 5,2026-05,2026Q2,18,5,1,0
2026-05-03,2026,2,Q2,5,Tháng 5,2026-05,2026Q2,18,6,1,0
2026-05-04,2026,2,Q2,5,Tháng 5,2026-05,2026Q2,19,0,0,0
2026-05-05,2026,2,Q2,5,Tháng 5,2026-05,2026Q2,19,1,0,0
2026-05-06,2026,2,Q2,5,Tháng 5,2026-05,2026Q2,19,2,0,0
2026-05-07,2026,2,Q2,5,Tháng 5,2026-05,2026Q2,19,3,0,0
2026-05-08,2026,2,Q2,5,Tháng 5,2026-05,2026Q2,19,4,0,0
2026-05-09,2026,2,Q2,5,Tháng 5,2026-05,2026Q2,19,5,1,0
2026-05-10,2026,2,Q2,5,Tháng 5,2026-05,2026Q2,19,6,1,0
2026-05-11,2026,2,Q2,5,Tháng 5,2026-05,2026Q2,20,0,0,0
2026-05-12,2026,2,Q2,5,Tháng 5,2026-05,2026Q2,20,1,0,0
2026-05-13,2026,2,Q2,5,Tháng 5,2026-05,2026Q2,20,2,0,0
2026-05-14,2026,2,Q2,5,Tháng 5,2026-05,2026Q2,20,3,0,0
2026-05-15,2026,2,Q2,5,Tháng 5,2026-05,2026Q2,20,4,0,0
2026-05-16,2026,2,Q2,5,Tháng 5,2026-05,2026Q2,20,5,1,0
2026-05-17,2026,2,Q2,5,Tháng 5,2026-05,2026Q2,20,6,1,0
2026-05-18,2026,2,Q2,5,Tháng 5,2026-05,2026Q2,21,0,0,0
2026-05-19,2026,2,Q2,5,Tháng 5,2026-05,2026Q2,21,1,0,0
2026-05-20,2026,2,Q2,5,Tháng 5,2026-05,2026Q2,21,2,0,0
2026-05-21,2026,2,Q2,5,Tháng 5,2026-05,2026Q2,21,3,0,0
2026-05-22,2026,2,Q2,5,Tháng 5,2026-05,2026Q2,21,4,0,0
2026-05-23,2026,2,Q2,5,Tháng 5,2026-05,2026Q2,21,5,1,0
2026-05-24,2026,2,Q2,5,Tháng 5,2026-05,2026Q2,21,6,1,0
2026-05-25,2026,2,Q2,5,Tháng 5,2026-05,2026Q2,22,0,0,0
2026-05-26,2026,2,Q2,5,Tháng 5,2026-05,2026Q2,22,1,0,0
2026-05-27,2026,2,Q2,5,Tháng 5,2026-05,2026Q2,22,2,0,0
2026-05-28,2026,2,Q2,5,Tháng 5,2026-05,2026Q2,22,3,0,0
2026-05-29,2026,2,Q2,5,Tháng 5,2026-05,2026Q2,22,4,0,0
2026-05-30,2026,2,Q2,5,Tháng 5,2026-05,2026Q2,22,5,1,0
2026-05-31,2026,2,Q2,5,Tháng 5,2026-05,2026Q2,22,6,1,1
2026-06-01,2026,2,Q2,6,Tháng 6,2026-06,2026Q2,23,0,0,0
2026-06-02,2026,2,Q2,6,Tháng 6,2026-06,2026Q2,23,1,0,0
2026-06-03,2026,2,Q2,6,Tháng 6,2026-06,2026Q2,23,2,0,0
2026-06-04,2026,2,Q2,6,Tháng 6,2026-06,2026Q2,23,3,0,0
2026-06-05,2026,2,Q2,6,Tháng 6,2026-06,2026Q2,23,4,0,0
2026-06-06,2026,2,Q2,6,Tháng 6,2026-06,2026Q2,23,5,1,0
2026-06-07,2026,2,Q2,6,Tháng 6,2026-06,2026Q2,23,6,1,0
2026-06-08,2026,2,Q2,6,Tháng 6,2026-06,2026Q2,24,0,0,0
2026-06-09,2026,2,Q2,6,Tháng 6,2026-06,2026Q2,24,1,0,0
2026-06-10,2026,2,Q2,6,Tháng 6,2026-06,2026Q2,24,2,0,0
2026-06-11,2026,2,Q2,6,Tháng 6,2026-06,2026Q2,24,3,0,0
2026-06-12,2026,2,Q2,6,Tháng 6,2026-06,2026Q2,24,4,0,0
2026-06-13,2026,2,Q2,6,Tháng 6,2026-06,2026Q2,24,5,1,0
2026-06-14,2026,2,Q2,6,Tháng 6,2026-06,2026Q2,24,6,1,0
2026-06-15,2026,2,Q2,6,Tháng 6,2026-06,2026Q2,25,0,0,0
2026-06-16,2026,2,Q2,6,Tháng 6,2026-06,2026Q2,25,1,0,0
2026-06-17,2026,2,Q2,6,Tháng 6,2026-06,2026Q2,25,2,0,0
2026-06-18,2026,2,Q2,6,Tháng 6,2026-06,2026Q2,25,3,0,0
2026-06-19,2026,2,Q2,6,Tháng 6,2026-06,2026Q2,25,4,0,0
2026-06-20,2026,2,Q2,6,Tháng 6,2026-06,2026Q2,25,5,1,0
2026-06-21,2026,2,Q2,6,Tháng 6,2026-06,2026Q2,25,6,1,0
2026-06-22,2026,2,Q2,6,Tháng 6,2026-06,2026Q2,26,0,0,0
2026-06-23,2026,2,Q2,6,Tháng 6,2026-06,2026Q2,26,1,0,0
2026-06-24,2026,2,Q2,6,Tháng 6,2026-06,2026Q2,26,2,0,0
2026-06-25,2026,2,Q2,6,Tháng 6,2026-06,2026Q2,26,3,0,0
2026-06-26,2026,2,Q2,6,Tháng 6,2026-06,2026Q2,26,4,0,0
2026-06-27,2026,2,Q2,6,Tháng 6,2026-06,2026Q2,26,5,1,0
2026-06-28,2026,2,Q2,6,Tháng 6,2026-06,2026Q2,26,6,1,0
2026-06-29,2026,2,Q2,6,Tháng 6,2026-06,2026Q2,27,0,0,0
2026-06-30,2026,2,Q2,6,Tháng 6,2026-06,2026Q2,27,1,0,1
2026-07-01,2026,3,Q3,7,Tháng 7,2026-07,2026Q3,27,2,0,0
2026-07-02,2026,3,Q3,7,Tháng 7,2026-07,2026Q3,27,3,0,0
2026-07-03,2026,3,Q3,7,Tháng 7,2026-07,2026Q3,27,4,0,0
2026-07-04,2026,3,Q3,7,Tháng 7,2026-07,2026Q3,27,5,1,0
2026-07-05,2026,3,Q3,7,Tháng 7,2026-07,2026Q3,27,6,1,0
2026-07-06,2026,3,Q3,7,Tháng 7,2026-07,2026Q3,28,0,0,0
2026-07-07,2026,3,Q3,7,Tháng 7,2026-07,2026Q3,28,1,0,0
2026-07-08,2026,3,Q3,7,Tháng 7,2026-07,2026Q3,28,2,0,0
2026-07-09,2026,3,Q3,7,Tháng 7,2026-07,2026Q3,28,3,0,0
2026-07-10,2026,3,Q3,7,Tháng 7,2026-07,2026Q3,28,4,0,0
2026-07-11,2026,3,Q3,7,Tháng 7,2026-07,2026Q3,28,5,1,0
2026-07-12,2026,3,Q3,7,Tháng 7,2026-07,2026Q3,28,6,1,0
2026-07-13,2026,3,Q3,7,Tháng 7,2026-07,2026Q3,29,0,0,0
2026-07-14,2026,3,Q3,7,Tháng 7,2026-07,2026Q3,29,1,0,0
2026-07-15,2026,3,Q3,7,Tháng 7,2026-07,2026Q3,29,2,0,0
2026-07-16,2026,3,Q3,7,Tháng 7,2026-07,2026Q3,29,3,0,0
2026-07-17,2026,3,Q3,7,Tháng 7,2026-07,2026Q3,29,4,0,0
2026-07-18,2026,3,Q3,7,Tháng 7,2026-07,2026Q3,29,5,1,0
2026-07-19,2026,3,Q3,7,Tháng 7,2026-07,2026Q3,29,6,1,0
2026-07-20,2026,3,Q3,7,Tháng 7,2026-07,2026Q3,30,0,0,0
2026-07-21,2026,3,Q3,7,Tháng 7,2026-07,2026Q3,30,1,0,0
2026-07-22,2026,3,Q3,7,Tháng 7,2026-07,2026Q3,30,2,0,0
2026-07-23,2026,3,Q3,7,Tháng 7,2026-07,2026Q3,30,3,0,0
2026-07-24,2026,3,Q3,7,Tháng 7,2026-07,2026Q3,30,4,0,0
2026-07-25,2026,3,Q3,7,Tháng 7,2026-07,2026Q3,30,5,1,0
2026-07-26,2026,3,Q3,7,Tháng 7,2026-07,2026Q3,30,6,1,0
2026-07-27,2026,3,Q3,7,Tháng 7,2026-07,2026Q3,31,0,0,0
2026-07-28,2026,3,Q3,7,Tháng 7,2026-07,2026Q3,31,1,0,0
2026-07-29,2026,3,Q3,7,Tháng 7,2026-07,2026Q3,31,2,0,0
2026-07-30,2026,3,Q3,7,Tháng 7,2026-07,2026Q3,31,3,0,0
2026-07-31,2026,3,Q3,7,Tháng 7,2026-07,2026Q3,31,4,0,1
2026-08-01,2026,3,Q3,8,Tháng 8,2026-08,2026Q3,31,5,1,0
2026-08-02,2026,3,Q3,8,Tháng 8,2026-08,2026Q3,31,6,1,0
2026-08-03,2026,3,Q3,8,Tháng 8,2026-08,2026Q3,32,0,0,0
2026-08-04,2026,3,Q3,8,Tháng 8,2026-08,2026Q3,32,1,0,0
2026-08-05,2026,3,Q3,8,Tháng 8,2026-08,2026Q3,32,2,0,0
2026-08-06,2026,3,Q3,8,Tháng 8,2026-08,2026Q3,32,3,0,0
2026-08-07,2026,3,Q3,8,Tháng 8,2026-08,2026Q3,32,4,0,0
2026-08-08,2026,3,Q3,8,Tháng 8,2026-08,2026Q3,32,5,1,0
2026-08-09,2026,3,Q3,8,Tháng 8,2026-08,2026Q3,32,6,1,0
2026-08-10,2026,3,Q3,8,Tháng 8,2026-08,2026Q3,33,0,0,0
2026-08-11,2026,3,Q3,8,Tháng 8,2026-08,2026Q3,33,1,0,0
2026-08-12,2026,3,Q3,8,Tháng 8,2026-08,2026Q3,33,2,0,0
2026-08-13,2026,3,Q3,8,Tháng 8,2026-08,2026Q3,33,3,0,0
2026-08-14,2026,3,Q3,8,Tháng 8,2026-08,2026Q3,33,4,0,0
2026-08-15,2026,3,Q3,8,Tháng 8,2026-08,2026Q3,33,5,1,0
2026-08-16,2026,3,Q3,8,Tháng 8,2026-08,2026Q3,33,6,1,0
2026-08-17,2026,3,Q3,8,Tháng 8,2026-08,2026Q3,34,0,0,0
2026-08-18,2026,3,Q3,8,Tháng 8,2026-08,2026Q3,34,1,0,0
2026-08-19,2026,3,Q3,8,Tháng 8,2026-08,2026Q3,34,2,0,0
2026-08-20,2026,3,Q3,8,Tháng 8,2026-08,2026Q3,34,3,0,0
2026-08-21,2026,3,Q3,8,Tháng 8,2026-08,2026Q3,34,4,0,0
2026-08-22,2026,3,Q3,8,Tháng 8,2026-08,2026Q3,34,5,1,0
2026-08-23,2026,3,Q3,8,Tháng 8,2026-08,2026Q3,34,6,1,0
2026-08-24,2026,3,Q3,8,Tháng 8,2026-08,2026Q3,35,0,0,0
2026-08-25,2026,3,Q3,8,Tháng 8,2026-08,2026Q3,35,1,0,0
2026-08-26,2026,3,Q3,8,Tháng 8,2026-08,2026Q3,35,2,0,0
2026-08-27,2026,3,Q3,8,Tháng 8,2026-08,2026Q3,35,3,0,0
2026-08-28,2026,3,Q3,8,Tháng 8,2026-08,2026Q3,35,4,0,0
2026-08-29,2026,3,Q3,8,Tháng 8,2026-08,2026Q3,35,5,1,0
2026-08-30,2026,3,Q3,8,Tháng 8,2026-08,2026Q3,35,6,1,0
2026-08-31,2026,3,Q3,8,Tháng 8,2026-08,2026Q3,36,0,0,1
2026-09-01,2026,3,Q3,9,Tháng 9,2026-09,2026Q3,36,1,0,0
2026-09-02,2026,3,Q3,9,Tháng 9,2026-09,2026Q3,36,2,0,0
2026-09-03,2026,3,Q3,9,Tháng 9,2026-09,2026Q3,36,3,0,0
2026-09-04,2026,3,Q3,9,Tháng 9,2026-09,2026Q3,36,4,0,0
2026-09-05,2026,3,Q3,9,Tháng 9,2026-09,2026Q3,36,5,1,0
2026-09-06,2026,3,Q3,9,Tháng 9,2026-09,2026Q3,36,6,1,0
2026-09-07,2026,3,Q3,9,Tháng 9,2026-09,2026Q3,37,0,0,0
2026-09-08,2026,3,Q3,9,Tháng 9,2026-09,2026Q3,37,1,0,0
2026-09-09,2026,3,Q3,9,Tháng 9,2026-09,2026Q3,37,2,0,0
2026-09-10,2026,3,Q3,9,Tháng 9,2026-09,2026Q3,37,3,0,0
2026-09-11,2026,3,Q3,9,Tháng 9,2026-09,2026Q3,37,4,0,0
2026-09-12,2026,3,Q3,9,Tháng 9,2026-09,2026Q3,37,5,1,0
2026-09-13,2026,3,Q3,9,Tháng 9,2026-09,2026Q3,37,6,1,0
2026-09-14,2026,3,Q3,9,Tháng 9,2026-09,2026Q3,38,0,0,0
2026-09-15,2026,3,Q3,9,Tháng 9,2026-09,2026Q3,38,1,0,0
2026-09-16,2026,3,Q3,9,Tháng 9,2026-09,2026Q3,38,2,0,0
2026-09-17,2026,3,Q3,9,Tháng 9,2026-09,2026Q3,38,3,0,0
2026-09-18,2026,3,Q3,9,Tháng 9,2026-09,2026Q3,38,4,0,0
2026-09-19,2026,3,Q3,9,Tháng 9,2026-09,2026Q3,38,5,1,0
2026-09-20,2026,3,Q3,9,Tháng 9,2026-09,2026Q3,38,6,1,0
2026-09-21,2026,3,Q3,9,Tháng 9,2026-09,2026Q3,39,0,0,0
2026-09-22,2026,3,Q3,9,Tháng 9,2026-09,2026Q3,39,1,0,0
2026-09-23,2026,3,Q3,9,Tháng 9,2026-09,2026Q3,39,2,0,0
2026-09-24,2026,3,Q3,9,Tháng 9,2026-09,2026Q3,39,3,0,0
2026-09-25,2026,3,Q3,9,Tháng 9,2026-09,2026Q3,39,4,0,0
2026-09-26,2026,3,Q3,9,Tháng 9,2026-09,2026Q3,39,5,1,0
2026-09-27,2026,3,Q3,9,Tháng 9,2026-09,2026Q3,39,6,1,0
2026-09-28,2026,3,Q3,9,Tháng 9,2026-09,2026Q3,40,0,0,0
2026-09-29,2026,3,Q3,9,Tháng 9,2026-09,2026Q3,40,1,0,0
2026-09-30,2026,3,Q3,9,Tháng 9,2026-09,2026Q3,40,2,0,1
2026-10-01,2026,4,Q4,10,Tháng 10,2026-10,2026Q4,40,3,0,0
2026-10-02,2026,4,Q4,10,Tháng 10,2026-10,2026Q4,40,4,0,0
2026-10-03,2026,4,Q4,10,Tháng 10,2026-10,2026Q4,40,5,1,0
2026-10-04,2026,4,Q4,10,Tháng 10,2026-10,2026Q4,40,6,1,0
2026-10-05,2026,4,Q4,10,Tháng 10,2026-10,2026Q4,41,0,0,0
2026-10-06,2026,4,Q4,10,Tháng 10,2026-10,2026Q4,41,1,0,0
2026-10-07,2026,4,Q4,10,Tháng 10,2026-10,2026Q4,41,2,0,0
2026-10-08,2026,4,Q4,10,Tháng 10,2026-10,2026Q4,41,3,0,0
2026-10-09,2026,4,Q4,10,Tháng 10,2026-10,2026Q4,41,4,0,0
2026-10-10,2026,4,Q4,10,Tháng 10,2026-10,2026Q4,41,5,1,0
2026-10-11,2026,4,Q4,10,Tháng 10,2026-10,2026Q4,41,6,1,0
2026-10-12,2026,4,Q4,10,Tháng 10,2026-10,2026Q4,42,0,0,0
2026-10-13,2026,4,Q4,10,Tháng 10,2026-10,2026Q4,42,1,0,0
2026-10-14,2026,4,Q4,10,Tháng 10,2026-10,2026Q4,42,2,0,0
2026-10-15,2026,4,Q4,10,Tháng 10,2026-10,2026Q4,42,3,0,0
2026-10-16,2026,4,Q4,10,Tháng 10,2026-10,2026Q4,42,4,0,0
2026-10-17,2026,4,Q4,10,Tháng 10,2026-10,2026Q4,42,5,1,0
2026-10-18,2026,4,Q4,10,Tháng 10,2026-10,2026Q4,42,6,1,0
2026-10-19,2026,4,Q4,10,Tháng 10,2026-10,2026Q4,43,0,0,0
2026-10-20,2026,4,Q4,10,Tháng 10,2026-10,2026Q4,43,1,0,0
2026-10-21,2026,4,Q4,10,Tháng 10,2026-10,2026Q4,43,2,0,0
2026-10-22,2026,4,Q4,10,Tháng 10,2026-10,2026Q4,43,3,0,0
2026-10-23,2026,4,Q4,10,Tháng 10,2026-10,2026Q4,43,4,0,0
2026-10-24,2026,4,Q4,10,Tháng 10,2026-10,2026Q4,43,5,1,0
2026-10-25,2026,4,Q4,10,Tháng 10,2026-10,2026Q4,43,6,1,0
2026-10-26,2026,4,Q4,10,Tháng 10,2026-10,2026Q4,44,0,0,0
2026-10-27,2026,4,Q4,10,Tháng 10,2026-10,2026Q4,44,1,0,0
2026-10-28,2026,4,Q4,10,Tháng 10,2026-10,2026Q4,44,2,0,0
2026-10-29,2026,4,Q4,10,Tháng 10,2026-10,2026Q4,44,3,0,0
2026-10-30,2026,4,Q4,10,Tháng 10,2026-10,2026Q4,44,4,0,0
2026-10-31,2026,4,Q4,10,Tháng 10,2026-10,2026Q4,44,5,1,1
2026-11-01,2026,4,Q4,11,Tháng 11,2026-11,2026Q4,44,6,1,0
2026-11-02,2026,4,Q4,11,Tháng 11,2026-11,2026Q4,45,0,0,0
2026-11-03,2026,4,Q4,11,Tháng 11,2026-11,2026Q4,45,1,0,0
2026-11-04,2026,4,Q4,11,Tháng 11,2026-11,2026Q4,45,2,0,0
2026-11-05,2026,4,Q4,11,Tháng 11,2026-11,2026Q4,45,3,0,0
2026-11-06,2026,4,Q4,11,Tháng 11,2026-11,2026Q4,45,4,0,0
2026-11-07,2026,4,Q4,11,Tháng 11,2026-11,2026Q4,45,5,1,0
2026-11-08,2026,4,Q4,11,Tháng 11,2026-11,2026Q4,45,6,1,0
2026-11-09,2026,4,Q4,11,Tháng 11,2026-11,2026Q4,46,0,0,0
2026-11-10,2026,4,Q4,11,Tháng 11,2026-11,2026Q4,46,1,0,0
2026-11-11,2026,4,Q4,11,Tháng 11,2026-11,2026Q4,46,2,0,0
2026-11-12,2026,4,Q4,11,Tháng 11,2026-11,2026Q4,46,3,0,0
2026-11-13,2026,4,Q4,11,Tháng 11,2026-11,2026Q4,46,4,0,0
2026-11-14,2026,4,Q4,11,Tháng 11,2026-11,2026Q4,46,5,1,0
2026-11-15,2026,4,Q4,11,Tháng 11,2026-11,2026Q4,46,6,1,0
2026-11-16,2026,4,Q4,11,Tháng 11,2026-11,2026Q4,47,0,0,0
2026-11-17,2026,4,Q4,11,Tháng 11,2026-11,2026Q4,47,1,0,0
2026-11-18,2026,4,Q4,11,Tháng 11,2026-11,2026Q4,47,2,0,0
2026-11-19,2026,4,Q4,11,Tháng 11,2026-11,2026Q4,47,3,0,0
2026-11-20,2026,4,Q4,11,Tháng 11,2026-11,2026Q4,47,4,0,0
2026-11-21,2026,4,Q4,11,Tháng 11,2026-11,2026Q4,47,5,1,0
2026-11-22,2026,4,Q4,11,Tháng 11,2026-11,2026Q4,47,6,1,0
2026-11-23,2026,4,Q4,11,Tháng 11,2026-11,2026Q4,48,0,0,0
2026-11-24,2026,4,Q4,11,Tháng 11,2026-11,2026Q4,48,1,0,0
2026-11-25,2026,4,Q4,11,Tháng 11,2026-11,2026Q4,48,2,0,0
2026-11-26,2026,4,Q4,11,Tháng 11,2026-11,2026Q4,48,3,0,0
2026-11-27,2026,4,Q4,11,Tháng 11,2026-11,2026Q4,48,4,0,0
2026-11-28,2026,4,Q4,11,Tháng 11,2026-11,2026Q4,48,5,1,0
2026-11-29,2026,4,Q4,11,Tháng 11,2026-11,2026Q4,48,6,1,0
2026-11-30,2026,4,Q4,11,Tháng 11,2026-11,2026Q4,49,0,0,1
2026-12-01,2026,4,Q4,12,Tháng 12,2026-12,2026Q4,49,1,0,0
2026-12-02,2026,4,Q4,12,Tháng 12,2026-12,2026Q4,49,2,0,0
2026-12-03,2026,4,Q4,12,Tháng 12,2026-12,2026Q4,49,3,0,0
2026-12-04,2026,4,Q4,12,Tháng 12,2026-12,2026Q4,49,4,0,0
2026-12-05,2026,4,Q4,12,Tháng 12,2026-12,2026Q4,49,5,1,0
2026-12-06,2026,4,Q4,12,Tháng 12,2026-12,2026Q4,49,6,1,0
2026-12-07,2026,4,Q4,12,Tháng 12,2026-12,2026Q4,50,0,0,0
2026-12-08,2026,4,Q4,12,Tháng 12,2026-12,2026Q4,50,1,0,0
2026-12-09,2026,4,Q4,12,Tháng 12,2026-12,2026Q4,50,2,0,0
2026-12-10,2026,4,Q4,12,Tháng 12,2026-12,2026Q4,50,3,0,0
2026-12-11,2026,4,Q4,12,Tháng 12,2026-12,2026Q4,50,4,0,0
2026-12-12,2026,4,Q4,12,Tháng 12,2026-12,2026Q4,50,5,1,0
2026-12-13,2026,4,Q4,12,Tháng 12,2026-12,2026Q4,50,6,1,0
2026-12-14,2026,4,Q4,12,Tháng 12,2026-12,2026Q4,51,0,0,0
2026-12-15,2026,4,Q4,12,Tháng 12,2026-12,2026Q4,51,1,0,0
2026-12-16,2026,4,Q4,12,Tháng 12,2026-12,2026Q4,51,2,0,0
2026-12-17,2026,4,Q4,12,Tháng 12,2026-12,2026Q4,51,3,0,0
2026-12-18,2026,4,Q4,12,Tháng 12,2026-12,2026Q4,51,4,0,0
2026-12-19,2026,4,Q4,12,Tháng 12,2026-12,2026Q4,51,5,1,0
2026-12-20,2026,4,Q4,12,Tháng 12,2026-12,2026Q4,51,6,1,0
2026-12-21,2026,4,Q4,12,Tháng 12,2026-12,2026Q4,52,0,0,0
2026-12-22,2026,4,Q4,12,Tháng 12,2026-12,2026Q4,52,1,0,0
2026-12-23,2026,4,Q4,12,Tháng 12,2026-12,2026Q4,52,2,0,0
2026-12-24,2026,4,Q4,12,Tháng 12,2026-12,2026Q4,52,3,0,0
2026-12-25,2026,4,Q4,12,Tháng 12,2026-12,2026Q4,52,4,0,0
2026-12-26,2026,4,Q4,12,Tháng 12,2026-12,2026Q4,52,5,1,0
2026-12-27,2026,4,Q4,12,Tháng 12,2026-12,2026Q4,52,6,1,0
2026-12-28,2026,4,Q4,12,Tháng 12,2026-12,2026Q4,53,0,0,0
2026-12-29,2026,4,Q4,12,Tháng 12,2026-12,2026Q4,53,1,0,0
2026-12-30,2026,4,Q4,12,Tháng 12,2026-12,2026Q4,53,2,0,0
2026-12-31,2026,4,Q4,12,Tháng 12,2026-12,2026Q4,53,3,0,1
