employee_id,full_name,gender,birth_date,hire_date,termination_date,employment_status_current,dept_code,job_code,band,position_code,is_manager,manager_employee_id,location_code,job_group_code,case_study_tag
E000001,Cao Mai Yến,F,1985-04-05,2017-12-01,2022-05-01,Terminated,01CN000087,MH049C,Band 2,1CN00057,0,E001818,HSC01,BO,
E000002,Đinh Mai,F,1976-02-13,2020-07-01,,Active,01CN000010,MJ011M,Band 4,1CN00900,0,E000870,TDU01,TL,
E000003,Đào Toàn,M,1980-11-14,2020-11-01,2022-05-01,Terminated,01CN000001,MJ011M,Band 5,1CN00533,1,E000167,HNO63,TL,
E000004,Chu Tất Đạt,M,1989-11-17,2016-09-01,2021-08-01,Terminated,01CN000037,MJ010S,Band 4,1CN00531,0,E001677,HCM01,BO,
E000005,Lý Thuỳ Trâm,F,1985-01-08,2014-09-01,,Active,01QT000010,FC006M,Band 6,1QT00165,1,E000915,HSC01,BO,
E000006,Chu Trung Bảo,M,1973-11-18,2019-04-01,,Active,01QT000022,VE001S,Band 4,1QT00079,0,E000180,HSC01,BO,
E000007,Ngô Như Mai,F,1980-08-27,2014-09-01,,Active,01CN000078,MK044S,Band 4,1CN01146,0,E001689,HSC02,BO,
E000008,Lê Hữu Vũ,M,1987-03-26,2016-06-01,,Active,01CN000057,MJ017E,Band 4,1CN00887,0,E001385,HCM01,RM,
E000009,Hồ Thanh,F,1990-08-15,2019-12-01,2023-05-01,Terminated,01CN000057,MJ017E,Band 4,1CN00333,0,E000329,HDU01,RM,
E000010,Mai Tuyết Bích,F,1973-09-08,2019-05-01,,Active,01CN000038,M00110,Band 2,1CN00562,0,E000484,KHO01,RM,
E000011,Võ Tuấn Tuấn,M,1995-10-19,2013-06-01,,Active,01CN000073,AA052C,K,1CN01227,0,E001850,HNO34,BO,
E000012,Đỗ Lan Hạnh,F,1999-12-05,2019-01-01,,Active,01CN000076,MJ044S,Band 3,1CN01359,0,E000628,HCM04,RM,
E000013,Đinh Diệu Hiền,F,1984-06-06,2020-09-01,,Active,01CN000067,BA013M,Band 6,1CN01319,1,E000620,HCM19,HH,
E000014,Hồ Minh Long,M,1987-03-03,2020-09-01,2025-05-01,Terminated,01CN000040,BA013M,Band 6,1CN00769,1,E000595,HCM17,HH,
E000015,Hồ Lan Vy,F,1998-01-07,2018-11-01,2024-02-01,Terminated,01CN000073,AA052C,K,1CN01227,0,E000862,HNO34,BO,
E000016,Đào Anh Minh,M,1998-09-16,2017-10-01,,Active,01QT000023,FA007S,Band 4,1QT00077,0,E001678,HSC01,BO,
E000017,Đoàn Chí Hiếu,M,1980-03-03,2018-10-01,,Active,01CN000072,MJ028S,Band 3,1CN00976,0,,HNO65,BO,
E000018,Thái Vy,F,1980-05-27,2019-09-01,,Active,01CN000080,MJ043S,Band 4,1CN00461,0,E000879,HNO02,RM,
E000019,Huỳnh Mai Dung,F,1973-07-09,2014-01-01,2022-10-01,Terminated,01CN000031,MJ044S,Band 3,1CN00040,0,E001707,BRV04,RM,
E000020,Ngô Nhật Sang,M,1971-03-01,2020-03-01,,Active,01CN000038,M00109,Band 3,1CN00030,0,E001262,KHO01,RM,
E000021,Hồ Minh Tâm,F,1977-07-12,2020-08-01,,Active,01CN000020,M00107,Band 4,1CN00871,0,E000674,HPH01,RM,
E000022,Cao Ngọc Mai,F,1973-01-07,2019-12-01,2021-07-01,Terminated,01CN000074,M00108,Band 4,1CN00808,0,E000331,HCM40,RM,
E000023,Tô Thị Trang,F,1974-07-28,2017-05-01,,Active,01CN000061,MJ043S,Band 4,1CN00226,0,E000263,HCM29,RM,
E000024,Bùi Việt Tân,M,2002-07-15,2020-01-01,,Active,01CN000031,MJ044S,Band 3,1CN00040,0,E001533,BRV04,RM,
E000025,Nguyễn Chí Việt,M,1974-05-28,2020-05-01,,Active,01CN000022,M00108,Band 4,1CN01271,0,E001367,CTH01,RM,
E000026,Kiều Bảo Tâm,F,1979-03-02,2019-11-01,2021-08-01,Terminated,01CN000041,MJ011M,Band 5,1CN00245,1,E000218,HNO17,TL,
E000027,Vương Bích Thu,F,1977-05-08,2017-02-01,,Active,01CN000038,MJ010S,Band 4,1CN00557,0,E000484,KHO01,BO,
E000028,Thái Anh,F,1977-06-14,2015-01-01,,Active,01CN000050,MK091S,Band 3,1CN00811,0,,HNO01,ARM,
E000029,Mai Hà Bích,F,2001-04-04,2019-04-01,,Active,01CN000023,MJ008C,Band 2,1CN00812,0,E000707,DAN01,BO,
E000030,Đinh Hữu Nguyên,M,2002-11-06,2018-02-01,,Active,01CN000080,MJ008C,Band 2,1CN00569,0,E000879,HNO02,BO,
E000031,Vũ Việt Tài,M,1988-08-20,2018-05-01,,Active,01CN000057,MK012S,Band 4,1CN01382,0,E000913,HCM01,ARM,
E000032,Lý Bảo Mai,F,1980-09-21,2017-03-01,,Active,01CN000023,MJ028S,Band 3,1CN01168,0,E001368,DAN01,BO,
E000033,Đoàn Thu Trinh,F,1978-02-20,2020-02-01,,Active,01CN000027,MJ011S,Band 4,1CN01113,0,E001357,HPH07,BO,
E000034,Hà Kiều Ngọc,F,2002-06-03,2017-12-01,2021-07-01,Terminated,01CN000057,MJ017E,Band 4,1CN00726,0,E000098,HNO01,RM,
E000035,Vương Nhật,M,1986-11-12,2019-11-01,,Active,01CN000003,MJ028S,Band 3,1CN00338,0,E000935,DAN03,BO,
E000036,Vương Ngọc Chi,F,1996-03-25,2012-11-01,,Active,01CN000015,MK089S,Band 3,1CN00706,0,E001464,HSC01,BO,
E000037,Chu Đức Thái,M,1997-09-16,2020-01-01,,Active,01CN000061,MJ011S,Band 4,1CN00477,0,E000470,HCM29,BO,
E000038,Võ Hà Hằng,F,1972-10-28,2020-05-01,2024-10-01,Terminated,01CN000054,MJ163S,Band 4,1CN00760,0,E001757,HNO01,RM,
E000039,Nguyễn Duy Hải,M,2002-12-22,2020-01-01,,Active,01CN000053,MJ162E,Band 5,1CN00866,0,E000619,HCM01,RM,
E000040,Trịnh Thị Thanh,F,1973-02-14,2020-10-01,,Active,01CN000041,MJ011M,Band 4,1CN00134,0,E000026,HNO17,TL,
E000041,Lương Minh Hùng,M,1978-05-01,2018-02-01,,Active,01CN000041,MJ029S,Band 4,1CN01358,0,E000514,HNO17,RM,
E000042,Chu Khánh Yến,F,1991-07-04,2017-12-01,,Active,01CN000057,MJ029E,Band 5,1CN01277,0,E001389,HCM01,RM,
E000043,Ngô Như Hiền,F,1994-10-13,2018-10-01,,Active,01CN000031,MJ010S,Band 4,1CN00691,0,E000835,BRV04,BO,
E000044,Hồ Hữu Tài,M,1989-01-15,2015-09-01,,Active,01CN000068,MK091S,Band 3,1CN00838,0,E000314,HSC01,ARM,
E000045,Đinh Công Lộc,M,2001-05-11,2019-07-01,2022-04-01,Terminated,01CN000041,MJ044S,Band 3,1CN01280,0,E000899,HNO17,RM,
E000046,Chu Quỳnh Kim,F,1980-05-03,2020-08-01,2022-01-01,Terminated,01CN000031,M00107,Band 4,1CN00807,0,E001578,BRV04,RM,
E000047,Hồ Gia Trường,M,1991-02-28,2017-08-01,,Active,01CN000057,MK113S,Band 3,1CN00716,0,E000762,HNO01,ARM,
E000048,Đoàn Khắc Đăng,M,1971-10-03,2016-09-01,,Active,01CN000019,BA013M,Band 6,1CN01245,1,E001629,HNO39,HH,
E000049,Phạm Bá Toàn,M,2002-01-02,2017-09-01,,Active,01CN000044,MK061C,Band 2,1CN00016,0,E000289,QNI01,ARM,
E000050,Đinh Lan Tuyết,F,1999-12-03,2015-06-01,,Active,01CN000057,MJ017E,Band 4,1CN00456,0,E000248,HCM01,RM,
E000051,Lý Đình Tài,M,1975-06-04,2014-01-01,,Active,01CN000061,MJ044S,Band 3,1CN00788,0,E001424,HCM29,RM,
E000052,Huỳnh Thanh Nhung,F,1971-12-23,2016-02-01,2025-05-01,Terminated,01CN000010,MJ028S,Band 3,1CN00567,0,E000559,TDU01,BO,
E000053,Vũ Trọng Lộc,M,1981-10-11,2016-08-01,2022-11-01,Terminated,01CN000070,MJ028S,Band 3,1CN00037,0,E000624,BNI01,BO,
E000054,Lê Hương,F,1992-09-13,2014-07-01,,Active,01CN000022,MJ043S,Band 4,1CN00046,0,E000389,CTH01,RM,
E000055,Kiều Bá Nhật,M,1979-12-22,2020-04-01,,Active,01CN000079,MJ011M,Band 5,1CN00306,1,E001703,BDU01,TL,
E000056,Hà Như Huệ,F,1972-03-09,2017-11-01,,Active,01CN000020,MJ028S,Band 3,1CN01167,0,E000058,HPH01,BO,
E000057,Dương Bảo Bích,F,1971-07-02,2015-09-01,,Active,01CN000006,M00109,Band 3,1CN00868,0,E001586,HNO52,RM,
E000058,Cao Khánh Loan,F,1984-11-18,2018-06-01,,Active,01CN000020,BA013M,Band 6,1CN00199,1,E000674,HPH01,HH,
E000059,Đỗ Tất Bình,M,1982-12-12,2019-02-01,2021-07-01,Terminated,01CN000057,MJ029E,Band 5,1CN00828,0,E000542,HNO01,RM,
E000060,Vũ Tuyết Mai,F,2002-10-10,2019-12-01,,Active,01CN000041,M00110,Band 2,1CN00381,0,E000514,HNO17,RM,
E000061,Chu Hà Thu,F,1985-01-01,2020-05-01,,Active,01CN000072,MJ043S,Band 4,1CN00603,0,,HNO65,RM,
E000062,Chu Hải Ngọc,F,1970-12-28,2020-11-01,2024-10-01,Terminated,01CN000074,M00107,Band 4,1CN00497,0,E000331,HCM40,RM,
E000063,Trịnh Thuỳ Duyên,F,1973-04-28,2019-03-01,,Active,01CN000009,MJ161E,Band 5,1CN00964,0,E001256,HCM01,RM,
E000064,Bùi Ngọc Huệ,F,1990-12-24,2020-08-01,,Active,01CN000057,MJ017E,Band 4,1CN00456,0,E001385,HCM01,RM,
E000065,Đỗ Thanh Thu,F,1982-12-07,2013-10-01,,Active,01CN000010,MJ043S,Band 4,1CN01085,0,E001828,TDU01,RM,
E000066,Đặng Minh Huy,M,1990-09-03,2020-11-01,2021-06-01,Terminated,01QT000010,M00388,Band 2,1QT00088,0,E001503,HSC01,BO,
E000067,Cao Xuân Nhi,F,1974-12-22,2015-09-01,2025-02-01,Terminated,01QT000023,M00065,Band 5,1QT00120,0,E000809,HSC01,BO,
E000068,Trần Hồng Hoa,F,1983-07-21,2019-12-01,,Active,01CN000068,MJ162E,Band 5,1CN00721,0,E000826,HSC01,RM,
E000069,Lý Ngọc Nhung,F,2000-11-25,2020-04-01,2021-11-01,Terminated,01CN000033,BA013M,Band 6,1CN01062,1,E001658,HNO01,HH,
E000070,Phạm Thế Sơn,M,1998-03-06,2017-08-01,2024-05-01,Terminated,01CN000041,AA052C,K,1CN01116,0,E000514,HNO17,BO,
E000071,Đỗ Hùng,M,1979-03-06,2018-11-01,,Active,01CN000071,MJ163S,Band 4,1CN00724,0,E001720,HNO01,RM,
E000072,Vũ Yến Nga,F,2003-07-12,2015-10-01,2022-09-01,Terminated,01QT000010,M00387,Band 3,1QT00176,0,E001305,HSC01,BO,
E000073,Hoàng Trọng Thắng,M,1990-07-12,2018-11-01,,Active,01CN000008,MJ036M,Band 6,1CN00762,1,E001338,HCM29,HH,
E000074,Lâm Công Tài,M,1980-02-09,2019-09-01,,Active,01CN000012,MJ011M,Band 5,1CN00382,1,E000793,HNO59,TL,
E000075,Huỳnh Chí Nghĩa,M,1985-12-08,2013-10-01,,Active,01CN000023,MJ043S,Band 4,1CN00385,0,E001368,DAN01,RM,
E000076,Hoàng Phúc,M,2000-01-06,2020-05-01,,Active,01QT000009,FC007M,Band 6,1QT00052,1,E000227,HSC01,BO,
E000077,Đào Anh Hải,M,1983-03-13,2012-07-01,2024-10-01,Terminated,01CN000010,M00108,Band 4,1CN00943,0,E000101,TDU01,RM,
E000078,Nguyễn Hồng Hà,F,2000-05-01,2019-02-01,,Active,01CN000057,MK012S,Band 4,1CN00495,0,E000866,HNO01,ARM,
E000079,Đoàn Đức Bình,M,1999-12-25,2017-01-01,,Active,01CN000058,MJ012M,Band 8,1CN00683,1,E000258,HSC01,BO,
E000080,Ngô Hoàng Sơn,M,1974-09-05,2018-04-01,,Active,01QT000022,VE002E,Band 5,1QT00182,0,E000180,HSC01,BO,
E000081,Hà Khắc Minh,M,1996-12-04,2017-10-01,2023-07-01,Terminated,01CN000073,MJ028S,Band 3,1CN01141,0,E000862,HNO34,BO,
E000082,Ngô Hoài Vân,F,1984-04-28,2014-05-01,,Active,01CN000057,MJ017E,Band 4,1CN00253,0,E000703,HNO01,RM,
E000083,Lê Tuấn Lâm,M,1995-09-14,2018-08-01,,Active,01CN000034,M00108,Band 4,1CN00790,0,E000307,HNO11,RM,
E000084,Vương Đình Minh,M,1994-11-09,2017-11-01,,Active,01CN000057,MK012S,Band 4,1CN00495,0,E000303,HNO01,ARM,
E000085,Phan Xuân Phong,M,1980-06-03,2013-11-01,,Active,01CN000019,BA013M,Band 6,1CN01245,1,E001218,HNO39,HH,
E000086,Cao Nam,M,1998-08-27,2016-05-01,,Active,01CN000022,MJ010S,Band 4,1CN00360,0,E000590,CTH01,BO,
E000087,Đinh Khắc Hiếu,M,1978-04-01,2020-01-01,2021-07-01,Terminated,01CN000028,MJ008M,Band 7,1CN01351,1,E000751,HNO01,BO,
E000088,Lương Tú,F,1975-10-20,2019-02-01,2021-02-01,Terminated,01CN000057,MJ017E,Band 4,1CN00286,0,E001269,HNO01,RM,
E000089,Vũ Xuân Đạt,M,1981-03-02,2015-11-01,2025-11-01,Terminated,01CN000061,M00109,Band 3,1CN00448,0,E001673,HCM29,RM,
E000090,Đào Bảo Trinh,F,1983-01-21,2019-06-01,2021-08-01,Terminated,01CN000065,MJ026M,Band 6,1CN01205,1,E001717,HCM01,TL,
E000091,Đỗ Nhật Trường,M,1982-06-27,2018-03-01,,Active,01CN000004,MK059C,Band 2,1CN01337,0,E001844,HSC01,BO,
E000092,Lê Mạnh Bình,M,1999-07-23,2020-08-01,,Active,01CN000068,MJ163S,Band 4,1CN00237,0,E000478,HSC01,RM,
E000093,Lâm Quỳnh Hạnh,F,2000-04-08,2017-12-01,,Active,01CN000033,AA052C,K,1CN00816,0,E001309,HNO01,BO,
E000094,Trịnh Anh Cường,M,1998-09-10,2016-10-01,,Active,01CN000012,M00108,Band 4,1CN00354,0,E000793,HNO59,RM,
E000095,Thái Bảo Nga,F,1985-12-17,2018-04-01,,Active,01CN000022,MJ028S,Band 3,1CN00195,0,E001381,CTH01,BO,
E000096,Lê Thu Châu,F,1985-08-06,2019-08-01,,Active,01CN000038,MK061C,Band 2,1CN00653,0,E001262,KHO01,ARM,
E000097,Vũ Quỳnh Ly,F,1982-01-01,2020-04-01,2025-08-01,Terminated,01CN000071,MK092C,Band 2,1CN01343,0,E001720,HNO01,ARM,
E000098,Dương Kiều Duyên,F,2000-07-13,2019-07-01,2021-06-01,Terminated,01CN000057,MM016D,Band 7,1CN00754,1,E001361,HNO01,HH,
E000099,Phạm Như Hiền,F,1989-07-02,2018-07-01,,Active,01CN000084,MK003E,Band 5,1CN00566,0,E001799,HSC02,BO,
E000100,Hồ Khánh,M,1974-04-14,2018-12-01,2023-05-01,Terminated,01QT000010,FC005C,Band 2,1QT00154,0,E001484,HSC01,BO,
E000101,Hồ Bích Lệ,F,1978-04-05,2020-01-01,2021-07-01,Terminated,01CN000010,BA013M,Band 6,1CN00303,1,E000559,TDU01,HH,
E000102,Hồ Minh Huệ,F,1992-07-01,2018-01-01,,Active,01CN000019,MK015S,Band 3,1CN00854,0,E000085,HNO39,ARM,
E000103,Ngô Bảo Dung,F,1984-05-20,2019-03-01,2025-10-01,Terminated,01CN000023,M00110,Band 2,1CN00832,0,E001368,DAN01,RM,
E000104,Hoàng Hằng,F,1987-12-20,2018-10-01,,Active,01CN000048,MK091S,Band 3,1CN01296,0,E000682,HCM01,ARM,
E000105,Dương Duy Tài,M,2000-06-14,2010-07-01,2025-10-01,Terminated,01CN000073,MJ011S,Band 4,1CN00460,0,E001850,HNO34,BO,
E000106,Huỳnh Hải Lan,F,1979-10-24,2017-05-01,,Active,01CN000074,MJ029S,Band 4,1CN00151,0,E001103,HCM40,RM,
E000107,Võ Việt Vinh,M,1982-03-27,2018-08-01,2021-11-01,Terminated,01CN000057,M00390,Band 5,1CN00809,0,E001385,HSC01,BO,
E000108,Bùi Quỳnh Khuê,F,1996-03-16,2019-02-01,,Active,01CN000012,BA013M,Band 6,1CN00154,1,E000793,HNO59,HH,
E000109,Phan Phương Vân,F,1974-02-27,2016-03-01,2025-12-01,Terminated,01CN000060,M00107,Band 4,1CN00359,0,E001186,HCM32,RM,
E000110,Phan Kim Thảo,F,1981-08-22,2015-04-01,,Active,01CN000040,MJ029S,Band 4,1CN00480,0,E000595,HCM17,RM,
E000111,Thái My,F,1976-02-09,2020-01-01,,Active,01CN000084,MK046S,Band 4,1CN00476,0,E000364,HPH01,BO,
E000112,Cao Quỳnh Thảo,F,1994-02-14,2016-09-01,,Active,01CN000025,M00159,Band 8,1CN01013,1,E001532,HSC02,BO,
E000113,Thái Việt Đăng,M,1971-11-23,2019-03-01,,Active,01CN000010,MJ011M,Band 4,1CN00900,0,E000101,TDU01,TL,
E000114,Thái Trung,M,2003-11-27,2018-07-01,2025-03-01,Terminated,01CN000061,MJ043S,Band 4,1CN00226,0,E001673,HCM29,RM,
E000115,Kiều Bảo,M,1989-04-28,2019-12-01,,Active,01QT000013,FA001S,Band 4,1QT00145,0,E000898,HSC01,BO,
E000116,Hồ Việt Tân,M,1973-07-20,2020-05-01,,Active,01CN000010,M00109,Band 3,1CN00426,0,E000559,TDU01,RM,
E000117,Lê Tuyết,F,1991-08-05,2020-02-01,2025-05-01,Terminated,01CN000040,MJ043S,Band 4,1CN00878,0,E000014,HCM17,RM,
E000118,Hồ Việt Tài,M,1991-01-10,2020-03-01,2022-03-01,Terminated,01CN000023,MJ043S,Band 4,1CN00385,0,E000707,DAN01,RM,
E000119,Lý Công Sang,M,1983-01-26,2019-11-01,,Active,01CN000037,M00107,Band 4,1CN00539,0,E000962,HCM01,RM,
E000120,Vũ Kiều Dung,F,1986-10-03,2018-07-01,,Active,01CN000057,AA052C,K,1CN00296,0,E001361,HCM01,BO,
E000121,Đinh Duy Bình,M,1988-10-27,2019-04-01,2021-04-01,Terminated,01CN000086,M00169,Band 4,1CN00770,0,E000733,HSC01,BO,
E000122,Phan Thu Vy,F,1972-08-13,2015-05-01,,Active,01CN000042,MJ026M,Band 6,1CN01149,1,E001053,HNO01,TL,
E000123,Dương Tuyết Nhi,F,1992-01-25,2020-04-01,,Active,01CN000022,M00107,Band 4,1CN00280,0,E001367,CTH01,RM,
E000124,Vương Kim Xuân,F,1973-07-25,2008-12-01,,Active,01CN000003,M00109,Band 3,1CN00349,0,E000935,DAN03,RM,
E000125,Huỳnh Trọng Khang,M,1992-05-10,2020-03-01,,Active,01CN000041,MJ011M,Band 4,1CN00134,0,E000899,HNO17,TL,
E000126,Vương Lộc,M,1992-02-28,2017-01-01,,Active,01CN000028,MJ009M,Band 8,1CN00927,1,E000401,HNO01,HH,
E000127,Nguyễn Trung Sang,M,1988-03-06,2009-05-01,2025-03-01,Terminated,01CN000073,MJ011S,Band 4,1CN00460,0,E001850,HNO34,BO,
E000128,Lương Tuấn Hùng,M,2000-05-20,2010-04-01,2023-12-01,Terminated,01CN000025,MM019D,Band 9,1CN00279,1,E000112,HSC01,BO,
E000129,Thái Duy Đăng,M,1974-09-01,2019-01-01,2023-08-01,Terminated,01CN000076,AA052C,K,1CN01269,0,E000139,HCM04,BO,
E000130,Lý Thu Phương,F,1980-09-07,2020-01-01,2024-03-01,Terminated,01CN000061,MJ043S,Band 4,1CN00226,0,E001701,HCM29,RM,
E000131,Hồ Công Kiên,M,1997-02-08,2020-12-01,,Active,01CN000042,MJ161E,Band 5,1CN01127,0,E000435,HNO01,RM,
E000132,Thái Hoài,F,1981-04-05,2019-09-01,2022-03-01,Terminated,01CN000072,MJ043S,Band 4,1CN00603,0,,HNO65,RM,
E000133,Phan Chí An,M,1997-06-07,2018-12-01,2023-08-01,Terminated,01QT000005,FC014S,Band 3,1QT00007,0,E000780,HSC01,BO,
E000134,Vương Diệu Hà,F,1972-01-07,2019-04-01,,Active,01CN000039,M00165,Band 4,1CN00685,0,E001025,HSC01,BO,
E000135,Mai Hương,F,1972-04-08,2018-12-01,,Active,01CN000025,MM020D,Band 8,1CN00328,1,E001532,HSC01,BO,
E000136,Trịnh Yến Châu,F,1984-09-19,2017-03-01,,Active,01CN000024,MJ011M,Band 5,1CN00291,1,E000795,HNO49,TL,
E000137,Chu Đức Hoà,M,1978-09-14,2019-06-01,2022-05-01,Terminated,01CN000069,MK015S,Band 3,1CN01369,0,E001693,HCM41,ARM,
E000138,Lâm Minh Uyên,F,1999-08-19,2019-11-01,,Active,01CN000006,MJ028S,Band 3,1CN00170,0,E000495,HNO52,BO,
E000139,Lý Bảo Vân,F,1977-09-24,2018-03-01,2022-09-01,Terminated,01CN000076,BA013M,Band 6,1CN00767,1,E001323,HCM04,HH,
E000140,Lương Tất Trường,M,1975-01-14,2019-08-01,2021-02-01,Terminated,01CN000025,MM008C,Band 2,1CN00065,0,E000135,HSC02,BO,
E000141,Đào Ngọc Cảnh,M,1980-01-14,2016-04-01,,Active,01QT000023,FA027C,Band 2,1QT00111,0,E000809,HSC01,BO,
E000142,Trịnh Quỳnh Phương,F,1991-03-09,2017-12-01,,Active,01CN000044,M00109,Band 3,1CN00276,0,E000289,QNI01,RM,
E000143,Lê Thu Kim,F,1989-08-10,2020-06-01,,Active,01CN000008,MJ031S,Band 3,1CN01129,0,E001375,HCM29,RM,
E000144,Lê Minh Hiền,F,1989-12-14,2010-09-01,2022-01-01,Terminated,01CN000012,MJ008C,Band 2,1CN01353,0,E000108,HNO59,BO,
E000145,Hồ Ngọc Lan,F,1997-03-06,2019-06-01,2023-06-01,Terminated,01CN000085,M00107,Band 4,1CN00122,0,E000194,HNO44,RM,
E000146,Cao Khánh Uyên,F,2003-05-16,2018-10-01,,Active,01CN000057,MK001T,Band 4,1CN00783,0,E000303,HNO01,ARM,
E000147,Đoàn Hà Chi,F,1977-08-22,2014-10-01,,Active,01CN000023,M00108,Band 4,1CN00991,0,E001284,DAN01,RM,
E000148,Tô Xuân Hằng,F,1979-10-10,2015-08-01,,Active,01CN000038,MJ043S,Band 4,1CN00041,0,E001262,KHO01,RM,
E000149,Lâm Hồng Dung,F,1997-11-27,2007-08-01,,Active,01CN000061,M00110,Band 2,1CN00961,0,E001701,HCM29,RM,
E000150,Chu Thế Phong,M,1970-09-15,2020-09-01,2021-09-01,Terminated,01QT000022,VE001S,Band 4,1QT00079,0,E000180,HSC01,BO,
E000151,Hồ Đức Long,M,1985-05-02,2018-09-01,,Active,01CN000024,MJ044S,Band 3,1CN00829,0,E000136,HNO49,RM,
E000152,Lâm Thế Hải,M,1977-03-17,2010-08-01,,Active,01CN000008,MJ018S,Band 4,1CN01123,0,E001550,HCM29,RM,
E000153,Nguyễn Quang,M,1995-01-20,2019-01-01,2021-04-01,Terminated,01CN000020,MJ010S,Band 4,1CN01332,0,E000674,HPH01,BO,
E000154,Cao Duy Vinh,M,1998-03-22,2005-07-01,2022-09-01,Terminated,01CN000012,M00109,Band 3,1CN01162,0,E000074,HNO59,RM,
E000155,Phạm Hữu Phong,M,1999-10-28,2013-02-01,2021-07-01,Terminated,01CN000031,MJ029S,Band 4,1CN00662,0,E000835,BRV04,RM,
E000156,Mai Công Trung,M,1975-09-17,2020-09-01,2021-05-01,Terminated,01CN000079,MJ043S,Band 4,1CN00283,0,E001282,BDU01,RM,
E000157,Nguyễn Kiều Duyên,F,1981-09-26,2019-08-01,2021-08-01,Terminated,01CN000078,MK044S,Band 4,1CN00139,0,E001689,HSC01,BO,
E000158,Vũ Hồng Tâm,F,1996-12-11,2020-01-01,,Active,01CN000079,M00108,Band 4,1CN00433,0,E001282,BDU01,RM,
E000159,Hà Khánh Hiền,F,2000-01-17,2020-04-01,2021-11-01,Terminated,01CN000065,MJ163S,Band 4,1CN00840,0,E000090,HCM01,RM,
E000160,Đào Thanh Sang,M,1997-03-09,2020-01-01,,Active,01CN000083,MJ008C,Band 2,1CN00137,0,E001726,HCM12,BO,
E000161,Bùi Hà Tú,F,1994-07-20,2020-06-01,2023-05-01,Terminated,01CN000068,MK090S,Band 4,1CN00427,0,E000826,HSC01,ARM,
E000162,Lâm Tú,F,1978-07-20,2020-10-01,2021-05-01,Terminated,01CN000010,MJ044S,Band 3,1CN00848,0,E000870,TDU01,RM,
E000163,Huỳnh Thanh Minh,M,1994-11-09,2020-02-01,,Active,01CN000064,MH034M,Band 6,1CN00851,1,E001289,HSC01,BO,
E000164,Đặng Trọng Vinh,M,1971-01-04,2017-07-01,2021-06-01,Terminated,01CN000086,MJ111M,Band 7,1CN00367,1,E000733,HSC01,BO,
E000165,Vũ Gia Việt,M,1994-11-23,2019-09-01,2023-07-01,Terminated,01CN000053,MJ162E,Band 5,1CN00866,0,E000843,HCM01,RM,
E000166,Vương Thị Trang,F,2000-02-04,2019-11-01,2023-07-01,Terminated,01CN000053,MK019E,Band 5,1CN00258,0,E000619,HCM01,BO,
E000167,Dương Chí Đạt,M,1992-06-28,2011-07-01,,Active,01CN000001,MJ011M,Band 5,1CN00533,1,E000318,HNO63,TL,
E000168,Chu Mạnh Tuấn,M,1999-08-11,2019-07-01,2022-05-01,Terminated,01QT000013,FA001S,Band 4,1QT00145,0,E000898,HSC01,BO,
E000169,Vũ Như Yến,F,1975-10-19,2013-02-01,,Active,01CN000005,M00169,Band 4,1CN01252,0,,HSC01,BO,
E000170,Trần Quỳnh Giang,F,1980-05-06,2018-12-01,,Active,01CN000070,MJ029S,Band 4,1CN01050,0,E001812,BNI01,RM,
E000171,Trịnh Mai Oanh,F,1972-10-25,2020-07-01,2021-07-01,Terminated,01CN000080,M00108,Band 4,1CN00763,0,E000879,HNO02,RM,
E000172,Đào Trọng Trung,M,1975-03-03,2020-02-01,,Active,01CN000038,AA052C,K,1CN01355,0,E001262,KHO01,BO,
E000173,Lý Công Việt,M,2001-11-15,2019-12-01,2025-10-01,Terminated,01CN000072,M00107,Band 4,1CN00856,0,,HNO65,RM,
E000174,Lương Vân,F,1991-03-19,2016-05-01,,Active,01QT000017,FA039S,Band 3,1QT00105,0,E000346,HSC01,BO,
E000175,Huỳnh Toàn,M,1995-02-16,2019-09-01,2022-10-01,Terminated,01QT000012,FA034C,Band 2,1QT00001,0,,HSC01,BO,
E000176,Cao Văn Quân,M,2003-09-25,2018-03-01,,Active,01CN000037,MJ011S,Band 4,1CN00087,0,E000962,HCM01,BO,
E000177,Kiều Hiếu,M,1974-07-10,2018-07-01,,Active,01CN000029,MJ162E,Band 5,1CN00596,0,E001457,HCM01,RM,
E000178,Bùi Công Nghĩa,M,1973-05-26,2014-01-01,,Active,01CN000078,MK006E,Band 5,1CN00630,0,E001082,HSC02,BO,
E000179,Lương Ngọc Khoa,M,1999-02-24,2018-06-01,2025-02-01,Terminated,01CN000041,MK015S,Band 3,1CN00737,0,E000899,HNO17,ARM,
E000180,Lương Gia Hùng,M,1980-06-22,2017-01-01,,Active,01QT000022,VE001M,Band 7,1QT00092,1,,HSC01,BO,
E000181,Phạm Văn Bình,M,1986-11-12,2014-02-01,2023-11-01,Terminated,01CN000033,MJ029S,Band 4,1CN00585,0,E001658,HNO01,RM,
E000182,Mai Khang,M,1975-12-09,2015-02-01,,Active,01CN000012,MJ044S,Band 3,1CN00581,0,E000793,HNO59,RM,
E000183,Hà Ngọc Việt,M,1991-10-04,2020-02-01,,Active,01CN000031,M00107,Band 4,1CN00807,0,E001533,BRV04,RM,
E000184,Võ Nhật Bình,M,1989-01-21,2020-08-01,2021-10-01,Terminated,01CN000028,MK085S,Band 4,1CN00955,0,E001766,HNO01,BO,
E000185,Vương Mạnh Đức,M,1981-11-05,2018-10-01,,Active,01CN000073,MJ010S,Band 4,1CN01335,0,E001544,HNO34,BO,
E000186,Tô Trường,M,1971-11-22,2016-01-01,2021-05-01,Terminated,01CN000001,BA013M,Band 6,1CN00764,1,E000443,HNO63,HH,
E000187,Vũ Hoài Xuân,F,1982-04-19,2019-10-01,,Active,01CN000002,MK061C,Band 2,1CN01340,0,E001555,HCM48,ARM,
E000188,Vương Minh Tuấn,M,2001-09-08,2017-03-01,,Active,01CN000041,MK061C,Band 2,1CN00406,0,E000727,HNO17,ARM,
E000189,Huỳnh Linh,F,2002-02-02,2018-10-01,,Active,01CN000067,AA052C,K,1CN01242,0,E001713,HCM19,BO,
E000190,Huỳnh Bảo Khuê,F,1985-03-01,2020-02-01,2022-03-01,Terminated,01CN000008,MK034S,Band 3,1CN00327,0,E001550,HCM29,ARM,
E000191,Ngô Quỳnh Vy,F,1971-08-01,2015-05-01,,Active,01CN000061,MJ044S,Band 3,1CN00788,0,E000470,HCM29,RM,
E000192,Hà Kim Ngân,F,1983-07-27,2016-02-01,,Active,01CN000070,MJ010S,Band 4,1CN00055,0,E000250,BNI01,BO,
E000193,Đỗ Yến Mai,F,1976-03-28,2016-09-01,,Active,01CN000057,M00391,Band 4,1CN00408,0,E001541,HSC01,BO,
E000194,Phạm Hà,F,1987-08-15,2020-01-01,,Active,01CN000085,MJ011M,Band 5,1CN00191,1,E000195,HNO44,TL,
E000195,Vương Thuỳ Tâm,F,2000-03-16,2020-04-01,2021-10-01,Terminated,01CN000085,BA013M,Band 6,1CN00486,1,E000423,HNO44,HH,
E000196,Đặng Minh Hùng,M,1992-08-17,2018-03-01,,Active,01CN000039,M00165,Band 4,1CN00685,0,E001025,HSC01,BO,
E000197,Thái Minh Việt,M,1993-09-07,2017-11-01,,Active,01CN000060,MJ010S,Band 4,1CN00410,0,E001653,HCM32,BO,
E000198,Kiều Văn Huy,M,1998-04-19,2016-09-01,2023-06-01,Terminated,01CN000077,M00394,Band 7,1CN00330,1,E001192,HSC01,BO,
E000199,Huỳnh Tuấn,M,1990-08-23,2018-09-01,2025-04-01,Terminated,01CN000054,MJ163S,Band 4,1CN00760,0,E001757,HNO01,RM,
E000200,Lê Ngọc Tuấn,M,1999-10-06,2019-03-01,2023-11-01,Terminated,01CN000073,M00107,Band 4,1CN01191,0,E001729,HNO34,RM,
E000201,Thái Hữu Tân,M,2000-01-11,2018-03-01,,Active,01CN000083,M00109,Band 3,1CN00509,0,E001726,HCM12,RM,
E000202,Lâm Hồng Vân,F,2001-03-16,2019-02-01,,Active,01CN000067,MJ008C,Band 2,1CN00415,0,E000473,HCM19,BO,
E000203,Phan Xuân Nguyên,M,1989-11-21,2020-10-01,,Active,01CN000068,MJ163S,Band 4,1CN00237,0,E000314,HSC01,RM,
E000204,Ngô Trung Cảnh,M,1998-10-15,2018-09-01,2025-02-01,Terminated,01CN000068,MK092C,Band 2,1CN01159,0,E000371,HSC01,ARM,
E000205,Hoàng Hồng Linh,F,1999-12-08,2020-04-01,,Active,01CN000061,MJ029S,Band 4,1CN01011,0,E000263,HCM29,RM,
E000206,Dương Quỳnh Linh,F,1993-02-26,2019-08-01,2021-07-01,Terminated,01CN000080,MJ029S,Band 4,1CN01032,0,E001610,HNO02,RM,
E000207,Đào Diệu Ngọc,F,1997-01-15,2018-11-01,,Active,01CN000080,MJ008C,Band 2,1CN00569,0,E000879,HNO02,BO,
E000208,Mai Minh Hiếu,M,1997-05-24,2019-08-01,2021-09-01,Terminated,01CN000080,MJ029S,Band 4,1CN01032,0,E000879,HNO02,RM,
E000209,Thái Xuân Chi,F,1976-04-08,2020-01-01,2022-01-01,Terminated,01CN000060,MJ029S,Band 4,1CN00902,0,E001653,HCM32,RM,
E000210,Lý Bích Tuyết,F,1983-09-23,2019-03-01,,Active,01CN000042,MK092C,Band 2,1CN00429,0,E000435,HNO01,ARM,
E000211,Bùi Tuyết,F,1996-07-07,2020-09-01,2024-10-01,Terminated,01CN000069,MJ028S,Band 3,1CN01381,0,E001693,HCM41,BO,
E000212,Hoàng Diệu Chi,F,1977-12-25,2020-10-01,,Active,01CN000060,M00107,Band 4,1CN00359,0,E000824,HCM32,RM,
E000213,Đỗ Minh Uyên,F,2000-10-06,2020-12-01,2023-02-01,Terminated,01CN000078,MK006E,Band 5,1CN00471,0,E001445,HSC01,BO,
E000214,Vũ Khoa,M,1993-11-02,2014-03-01,2025-08-01,Terminated,01CN000042,MK091S,Band 3,1CN01186,0,E000435,HNO01,ARM,
E000215,Lý Yến Yến,F,2002-05-21,2020-06-01,,Active,01CN000037,MJ010S,Band 4,1CN00531,0,E001817,HCM01,BO,
E000216,Chu Phương Lệ,F,1971-12-07,2009-12-01,,Active,01CN000062,AA052C,K,1CN00218,0,E000499,HNO17,BO,
E000217,Nguyễn Yến Lan,F,1986-10-24,2019-10-01,,Active,01CN000002,M00110,Band 2,1CN00202,0,E000871,HCM48,RM,
E000218,Đoàn Nghĩa,M,1983-05-06,2018-06-01,,Active,01CN000041,BA013M,Band 6,1CN00209,1,E000727,HNO17,HH,
E000219,Lâm Thanh Chi,F,1990-01-05,2014-10-01,2025-05-01,Terminated,01CN000064,MH034M,Band 6,1CN00851,1,E000163,HSC01,BO,
E000220,Hoàng Quỳnh Nhi,F,1976-08-16,2019-11-01,,Active,01CN000070,MJ011S,Band 4,1CN01272,0,E001812,BNI01,BO,
E000221,Hoàng Thuỳ Duyên,F,1971-09-05,2020-11-01,,Active,01CN000078,MK045S,Band 3,1CN00861,0,E001445,HSC01,BO,
E000222,Đặng Hữu Duy,M,1995-03-21,2020-07-01,,Active,01QT000005,FC012M,Band 5,1QT00138,1,E000541,HSC01,BO,
E000223,Bùi Thanh Hoài,F,1985-10-16,2020-12-01,,Active,01CN000057,M00393,Band 2,1CN01078,0,E000329,HSC01,BO,
E000224,Phạm Khánh Mai,F,1992-10-18,2018-12-01,,Active,01CN000006,MK015S,Band 3,1CN00998,0,E001586,HNO52,ARM,
E000225,Hà Việt Hoà,M,1996-03-28,2015-07-01,,Active,01CN000001,M00107,Band 4,1CN01076,0,E000443,HNO63,RM,
E000226,Lương Lan Hương,F,1979-09-22,2019-12-01,2025-01-01,Terminated,01CN000025,MM008C,Band 3,1CN01276,0,E000949,HSC01,BO,
E000227,Đoàn Phương Tâm,F,1974-03-07,2019-12-01,,Active,01QT000009,FC007M,Band 6,1QT00052,1,E000076,HSC01,BO,
E000228,Dương Phương Xuân,F,1995-07-13,2016-09-01,2024-12-01,Terminated,01CN000048,MJ161E,Band 5,1CN01244,0,E001568,HCM01,RM,
E000229,Nguyễn Hữu Hoà,M,1993-07-02,2008-07-01,,Active,01CN000053,MK019E,Band 5,1CN00258,0,E000843,HCM01,BO,
E000230,Lâm Thanh Tân,M,1983-12-11,2017-10-01,2023-12-01,Terminated,01CN000040,MJ043S,Band 4,1CN00878,0,E000595,HCM17,RM,
E000231,Lương Bá Trung,M,1974-01-21,2020-04-01,,Active,01CN000033,AA052C,K,1CN00745,0,E000069,HNO01,BO,
E000232,Lê Mạnh Tân,M,1982-04-11,2014-12-01,,Active,01CN000057,MJ017E,Band 4,1CN00456,0,E000542,HCM01,RM,
E000233,Ngô Hoàng Quang,M,1978-07-16,2019-04-01,,Active,01CN000073,AA052C,K,1CN01204,0,E000862,HNO34,BO,
E000234,Võ Thu Thanh,F,2002-07-14,2017-06-01,,Active,01CN000065,MJ162E,Band 5,1CN00369,0,E001717,HCM01,RM,
E000235,Huỳnh Thanh Sơn,M,1974-04-06,2010-03-01,2022-02-01,Terminated,01CN000010,M00107,Band 4,1CN00621,0,E001222,TDU01,RM,
E000236,Lê Minh Đức,M,2001-06-24,2020-07-01,,Active,01CN000037,M00108,Band 4,1CN01194,0,E001677,HCM01,RM,
E000237,Lâm Việt Tuấn,M,2001-11-02,2018-12-01,,Active,01CN000079,MJ044S,Band 3,1CN00186,0,E001282,BDU01,RM,
E000238,Trần Trí,M,2000-04-08,2020-07-01,2023-01-01,Terminated,01QT000005,FC024S,Band 3,1QT00025,0,E000370,HSC01,BO,
E000239,Võ Minh Hà,F,1975-06-15,2017-11-01,,Active,01CN000003,MJ011M,Band 4,1CN00345,0,E000684,DAN03,TL,
E000240,Lý Bá Thắng,M,1972-04-25,2017-06-01,2022-07-01,Terminated,01CN000037,MJ043S,Band 4,1CN00950,0,E000962,HCM01,RM,
E000241,Hồ Ngọc Hiền,F,1983-03-18,2014-03-01,2021-02-01,Terminated,01CN000003,M00109,Band 3,1CN00349,0,E001800,DAN03,RM,
E000242,Cao Hoàng Nghĩa,M,1982-10-09,2019-08-01,2025-01-01,Terminated,01CN000028,MK019E,Band 5,1CN00240,0,E000401,HNO01,BO,
E000243,Lê Minh Cảnh,M,1976-01-12,2019-12-01,2025-06-01,Terminated,01CN000008,MK034S,Band 3,1CN00327,0,E001338,HCM29,ARM,
E000244,Lương Thanh Thuỷ,F,1984-12-28,2019-04-01,,Active,01CN000010,M00110,Band 2,1CN01368,0,E000732,TDU01,RM,
E000245,Hoàng Bích Ánh,F,1984-10-12,2018-10-01,,Active,01QT000003,FC032M,Band 7,1QT00060,1,E001499,HSC01,BO,
E000246,Hoàng Công Trường,M,1999-07-24,2015-09-01,,Active,01CN000039,M00165,Band 4,1CN00685,0,E001025,HSC01,BO,
E000247,Ngô Lan Hồng,F,1974-02-03,2020-12-01,2023-02-01,Terminated,01CN000022,MJ044S,Band 3,1CN00404,0,E001623,CTH01,RM,
E000248,Nguyễn Gia Đức,M,1990-04-28,2018-10-01,,Active,01CN000057,MJ014M,Band 6,1CN00119,1,E000866,HCM01,TL,
E000249,Đoàn Duy Nhật,M,2000-06-03,2019-01-01,,Active,01CN000041,AA052C,K,1CN01116,0,E000026,HNO17,BO,
E000250,Thái Thanh Phúc,M,1997-11-16,2019-05-01,,Active,01CN000070,M00107,Band 4,1CN00305,1,E000624,BNI01,RM,
E000251,Kiều Ngọc Châu,F,1971-09-25,2019-08-01,,Active,01CN000080,MJ008C,Band 2,1CN00569,0,E000879,HNO02,BO,
E000252,Cao Hải Lan,F,1989-03-17,2013-08-01,,Active,01CN000040,M00110,Band 2,1CN00573,0,E000595,HCM17,RM,
E000253,Bùi Loan,F,2003-07-06,2015-08-01,,Active,01CN000057,MJ016E,Band 5,1CN01232,0,E000913,HNO01,RM,
E000254,Cao Kim Vy,F,1990-05-12,2016-03-01,2023-12-01,Terminated,01CN000085,MJ029S,Band 4,1CN01189,0,E000194,HNO44,RM,
E000255,Cao Xuân Huệ,F,1977-02-22,2020-04-01,,Active,01CN000003,MK015S,Band 3,1CN00323,0,E000930,DAN03,ARM,
E000256,Phạm Phương Thu,F,1985-05-08,2018-05-01,2022-06-01,Terminated,01CN000057,MJ017E,Band 4,1CN00726,0,E001557,HNO01,RM,
E000257,Đào Phương Ánh,F,1975-01-06,2017-07-01,,Active,01QT000002,FC027M,Band 6,1QT00041,1,E000968,HSC01,BO,
E000258,Thái Ngọc Trinh,F,1980-07-07,2019-02-01,,Active,01CN000058,MJ012M,Band 8,1CN00683,1,E000079,HSC01,BO,
E000259,Thái Nhật Phát,M,2000-07-15,2018-05-01,,Active,01CN000068,MK091S,Band 3,1CN00666,0,E000478,HSC01,ARM,
E000260,Trịnh Đức Đăng,M,1970-04-03,2020-10-01,2025-10-01,Terminated,01CN000069,M00109,Band 3,1CN00888,0,E000668,HCM41,RM,
E000261,Tô Đình Nghĩa,M,1990-08-03,2017-11-01,,Active,01CN000044,M00107,Band 4,1CN00331,0,E000289,QNI01,RM,
E000262,Đỗ Khánh Ngọc,F,1975-11-11,2013-01-01,2023-06-01,Terminated,01CN000054,MJ162E,Band 5,1CN00029,0,E001757,HNO01,RM,
E000263,Vũ Xuân Thu,F,1985-01-14,2016-07-01,,Active,01CN000061,BA013M,Band 5,1CN00277,1,E001701,HCM29,HH,
E000264,Phan Tất Thịnh,M,1999-09-10,2016-06-01,2025-03-01,Terminated,01QT000010,FC003M,Band 5,1QT00056,1,E000940,HSC01,BO,
E000265,Võ Hồng Khuê,F,1970-08-07,2018-08-01,,Active,01CN000070,MJ028S,Band 3,1CN00037,0,E000250,BNI01,BO,
E000266,Chu Bá Kiên,M,1987-01-14,2020-09-01,,Active,01CN000040,MJ043S,Band 4,1CN00878,0,E000014,HCM17,RM,
E000267,Đặng Tuấn Quang,M,1982-07-10,2013-03-01,,Active,01QT000010,FC004S,Band 3,1QT00149,0,E000005,HSC01,BO,
E000268,Tô Yến,F,1973-11-24,2016-06-01,,Active,01CN000034,MJ011S,Band 4,1CN00317,0,E000322,HNO11,BO,
E000269,Kiều Đình Bảo,M,1973-05-26,2018-10-01,2021-09-01,Terminated,01CN000076,M00109,Band 3,1CN00302,0,E000628,HCM04,RM,
E000270,Tô Bích Châu,F,1985-09-07,2020-06-01,,Active,01CN000074,MJ029S,Band 4,1CN00151,0,E000331,HCM40,RM,
E000271,Đỗ Tuấn Vũ,M,1991-01-10,2018-03-01,,Active,01CN000010,MJ011S,Band 4,1CN00565,0,E000447,TDU01,BO,
E000272,Huỳnh Trung Thắng,M,1996-01-20,2020-02-01,,Active,01CN000071,MK092C,Band 2,1CN01343,0,E001720,HNO01,ARM,
E000273,Đỗ Gia Tuấn,M,1976-03-25,2020-10-01,,Active,01CN000041,MJ011M,Band 4,1CN00134,0,E000727,HNO17,TL,
E000274,Phan Thị Hồng,F,1975-09-10,2016-12-01,2025-05-01,Terminated,01CN000002,M00109,Band 3,1CN00109,0,E001235,HCM48,RM,
E000275,Mai Bích Uyên,F,1991-01-18,2009-01-01,2024-04-01,Terminated,01QT000018,MM008C,Band 3,1QT00034,0,E000758,HSC01,BO,
E000276,Hoàng Gia Quang,M,1973-02-27,2013-11-01,,Active,01CN000028,MK085S,Band 4,1CN00955,0,E001162,HNO01,BO,
E000277,Chu Thanh,F,1980-04-12,2020-08-01,,Active,01CN000054,MK090S,Band 4,1CN01188,0,E001757,HNO01,ARM,
E000278,Võ Minh Duyên,F,1984-07-28,2017-01-01,2023-07-01,Terminated,01CN000079,MJ043S,Band 4,1CN00283,0,E001282,BDU01,RM,
E000279,Dương Hải Nhi,F,1990-11-06,2020-06-01,,Active,01CN000073,BA015M,Band 6,1CN00604,1,E001544,HNO34,HH,
E000280,Lâm Minh Thành,M,1971-10-15,2019-02-01,2023-01-01,Terminated,01CN000070,MJ011S,Band 4,1CN01272,0,E000556,BNI01,BO,
E000281,Lương Tuyết,F,1971-11-28,2019-08-01,,Active,01CN000010,MJ010S,Band 4,1CN00500,0,E001222,TDU01,BO,
E000282,Đào Minh Châu,F,1971-10-11,2020-02-01,2021-06-01,Terminated,01CN000078,AA052C,K,1CN00591,0,E001689,HSC01,BO,
E000283,Nguyễn Trung Tùng,M,1977-08-20,2014-04-01,,Active,01QT000013,FA010S,Band 4,1QT00076,0,E001101,HSC01,BO,
E000284,Hồ Phương Yến,F,1987-05-28,2016-04-01,2024-05-01,Terminated,01CN000033,MJ029S,Band 4,1CN00585,0,E001658,HNO01,RM,
E000285,Vũ Đức Cường,M,1976-05-10,2018-01-01,,Active,01CN000023,MJ011S,Band 4,1CN01192,0,E001368,DAN01,BO,
E000286,Vũ Như Thuỷ,F,1979-10-03,2018-07-01,,Active,01CN000015,MK001C,Band 2,1CN00188,0,E001464,HSC01,BO,
E000287,Đào Đức Quân,M,1981-08-20,2018-03-01,,Active,01CN000068,MK090S,Band 4,1CN00652,0,E000371,HSC01,ARM,
E000288,Dương Xuân Tuấn,M,1983-12-19,2020-11-01,2021-11-01,Terminated,01QT000005,FC014S,Band 3,1QT00007,0,E000541,HSC01,BO,
E000289,Chu Trọng Kiên,M,1982-01-19,2017-01-01,,Active,01CN000044,BA013M,Band 6,1CN01243,1,E001078,QNI01,HH,
E000290,Tô Lan Khuê,F,1992-12-13,2018-05-01,,Active,01CN000010,M00108,Band 4,1CN00943,0,E000870,TDU01,RM,
E000291,Lương Tuyết Thảo,F,1993-07-26,2018-12-01,,Active,01QT000007,FC007C,Band 2,1QT00131,0,E001412,HSC01,BO,
E000292,Võ Bích Nhi,F,1986-08-01,2019-09-01,,Active,01CN000070,MJ044S,Band 3,1CN00889,0,E000664,BNI01,RM,
E000293,Lâm Đức Khoa,M,1999-10-15,2020-04-01,,Active,01CN000017,MJ163S,Band 4,1CN00142,0,E000551,HNO01,RM,
E000294,Nguyễn Ngọc Kiên,M,1974-09-13,2018-02-01,,Active,01CN000053,MK091S,Band 3,1CN00779,0,E000843,HCM01,ARM,
E000295,Phan Mai Linh,F,1995-03-10,2019-08-01,2022-04-01,Terminated,01CN000020,M00109,Band 3,1CN00527,0,E000674,HPH01,RM,
E000296,Trịnh Trọng Khánh,M,1996-05-18,2009-02-01,2021-03-01,Terminated,01CN000062,MK027C,Band 2,1CN01024,0,E000499,HNO17,ARM,
E000297,Lý Trung Trung,M,1972-07-05,2020-02-01,2023-04-01,Terminated,01CN000027,MK015S,Band 3,1CN01239,0,E001029,HPH07,ARM,
E000298,Mai Minh Khang,M,1995-06-25,2019-11-01,,Active,01CN000070,MJ010S,Band 4,1CN00055,0,E000250,BNI01,BO,
E000299,Hà Nhật Kiên,M,1981-01-28,2020-09-01,2021-09-01,Terminated,01CN000061,MJ008C,Band 2,1CN00732,0,E001424,HCM29,BO,
E000300,Trần Hoài Ánh,F,1983-07-11,2016-08-01,2021-10-01,Terminated,01QT000005,FC012M,Band 5,1QT00138,1,E001378,HSC01,BO,
E000301,Chu Quỳnh Hà,F,1994-07-22,2020-03-01,,Active,01CN000057,MK001T,Band 4,1CN01061,1,E001361,HCM01,ARM,
E000302,Lương Yến Thảo,F,2003-11-13,2010-04-01,2021-03-01,Terminated,01CN000040,MJ043S,Band 4,1CN00878,0,E000595,HCM17,RM,
E000303,Dương Ngọc Hoài,F,2001-09-05,2018-05-01,,Active,01CN000057,MJ014M,Band 6,1CN00553,1,E000866,HNO01,TL,
E000304,Đoàn Gia Việt,M,1998-08-25,2019-01-01,,Active,01CN000069,M00109,Band 3,1CN00412,0,E001693,HCM41,RM,
E000305,Phan Mai Hồng,F,1985-11-20,2020-09-01,,Active,01CN000031,MJ008C,Band 2,1CN01286,0,E000835,BRV04,BO,
E000306,Vương Ngọc Đạt,M,1972-01-17,2019-03-01,2023-11-01,Terminated,01CN000008,MJ030S,Band 4,1CN01095,0,E001338,HCM29,RM,
E000307,Phan Mạnh Trung,M,1993-05-11,2016-11-01,,Active,01CN000034,BA013M,Band 6,1CN00454,1,E000347,HNO11,HH,
E000308,Đặng Văn Khang,M,1975-03-14,2018-04-01,2022-01-01,Terminated,01CN000076,M00110,Band 2,1CN01112,0,E001323,HCM04,RM,
E000309,Lâm Thu Tú,F,1993-06-17,2020-08-01,,Active,01CN000024,M00109,Band 3,1CN01026,0,E000795,HNO49,RM,
E000310,Trần Nam,M,1973-02-16,2014-07-01,,Active,01CN000071,MJ162E,Band 5,1CN00267,0,E001720,HNO01,RM,
E000311,Đoàn Ngọc Quyên,F,2000-02-14,2020-08-01,2022-02-01,Terminated,01CN000079,MK015S,Band 3,1CN00373,0,E001703,BDU01,ARM,
E000312,Lý Văn Trường,M,1981-02-15,2017-10-01,,Active,01CN000027,M00110,Band 2,1CN01274,0,E001357,HPH07,RM,
E000313,Đoàn Hữu Huy,M,1971-03-11,2018-12-01,,Active,01CN000028,MK019E,Band 5,1CN00240,0,E001162,HNO01,BO,
E000314,Vương Nhật Sơn,M,1983-12-19,2019-12-01,,Active,01CN000068,MJ026M,Band 6,1CN01000,1,E000371,HSC01,TL,
E000315,Lê Việt Thịnh,M,2001-04-13,2019-10-01,2024-01-01,Terminated,01CN000013,MH032M,Band 6,1CN00842,1,E001062,HSC01,BO,
E000316,Vũ Bích Trâm,F,1990-10-28,2013-09-01,2023-05-01,Terminated,01CN000065,MJ161E,Band 5,1CN00748,0,E001717,HCM01,RM,
E000317,Lê Mạnh Duy,M,1974-06-17,2017-12-01,,Active,01CN000067,MJ008C,Band 2,1CN00415,0,E001713,HCM19,BO,
E000318,Lương Việt Sơn,M,1996-06-19,2018-10-01,2021-04-01,Terminated,01CN000001,MJ011M,Band 5,1CN00533,1,E000167,HNO63,TL,
E000319,Võ Tuấn Hải,M,1984-03-05,2020-11-01,,Active,01CN000077,M00394,Band 7,1CN00330,1,E001192,HSC01,BO,
E000320,Võ Lộc,M,1994-04-23,2013-11-01,,Active,01CN000085,MJ029S,Band 4,1CN01189,0,E000423,HNO44,RM,
E000321,Mai Yến Lan,F,1981-06-22,2011-03-01,,Active,01CN000071,MK090S,Band 4,1CN00918,0,E001720,HNO01,ARM,
E000322,Hoàng Vinh,M,1985-01-15,2015-06-01,,Active,01CN000034,BA013M,Band 6,1CN00454,1,E000307,HNO11,HH,
E000323,Cao Thế Nhật,M,1984-08-15,2019-06-01,,Active,01CN000009,MJ161E,Band 5,1CN00964,0,E001256,HCM01,RM,
E000324,Lý Tất Cảnh,M,1980-03-21,2020-04-01,,Active,01CN000086,MJ004S,Band 3,1CN00384,0,E000164,HSC01,BO,
E000325,Tô Đức Hoà,M,1976-10-10,2020-07-01,2023-10-01,Terminated,01CN000057,M00392,Band 3,1CN00590,0,E001389,HSC01,BO,
E000326,Lương Thu Thuỷ,F,1979-01-22,2019-12-01,,Active,01CN000085,MK061C,Band 2,1CN01037,0,E001118,HNO44,ARM,
E000327,Lâm Duy Khoa,M,1975-10-25,2019-01-01,2024-07-01,Terminated,01CN000006,MJ043S,Band 4,1CN00644,0,E000605,HNO52,RM,
E000328,Hà Như Lệ,F,2001-07-10,2019-12-01,,Active,01CN000001,MJ011S,Band 4,1CN01308,0,E000443,HNO63,BO,
E000329,Tô Đức,M,1985-12-28,2018-03-01,,Active,01CN000057,MJ014M,Band 6,1CN00553,1,E001193,HNO01,TL,
E000330,Huỳnh Hà Vy,F,2003-12-20,2019-10-01,2021-07-01,Terminated,01CN000076,AA052C,K,1CN01269,0,E001323,HCM04,BO,
E000331,Vương Hoàng Tùng,M,1986-12-12,2018-06-01,,Active,01CN000074,BA013M,Band 5,1CN01251,1,E001103,HCM40,HH,
E000332,Hoàng Hà Hoa,F,1980-04-07,2019-10-01,2022-10-01,Terminated,01CN000027,MJ044S,Band 3,1CN00039,0,E001029,HPH07,RM,
E000333,Trịnh Phương Uyên,F,1985-12-02,2018-03-01,,Active,01CN000068,MK090S,Band 4,1CN00427,0,E001317,HSC01,ARM,
E000334,Hồ Thu Ngọc,F,1995-09-10,2016-06-01,,Active,01CN000009,MJ163S,Band 4,1CN00232,0,E001256,HCM01,RM,
E000335,Trịnh Khoa,M,1982-05-10,2017-01-01,,Active,01CN000057,MJ016E,Band 5,1CN01068,0,E000866,HCM01,RM,
E000336,Bùi Vân,F,1981-01-14,2017-12-01,2024-10-01,Terminated,01CN000023,MK061C,Band 2,1CN01214,0,E001284,DAN01,ARM,
E000337,Bùi Minh Hạnh,F,2003-08-08,2013-08-01,2025-07-01,Terminated,01CN000003,MJ043S,Band 4,1CN00093,0,E000930,DAN03,RM,
E000338,Phạm Chí Trung,M,1970-06-21,2019-07-01,2021-08-01,Terminated,01QT000016,FA040C,Band 2,1QT00054,0,E000885,HSC01,BO,
E000339,Mai Thanh Tân,M,1973-01-15,2015-06-01,2023-09-01,Terminated,01CN000074,MJ008C,Band 2,1CN01216,0,E001749,HCM40,BO,
E000340,Hà Thế Lộc,M,1976-11-18,2020-04-01,,Active,01CN000069,MJ008C,Band 2,1CN00893,0,E001693,HCM41,BO,
E000341,Lương Hoài Trang,F,1970-08-24,2020-04-01,,Active,01CN000032,MJ162E,Band 5,1CN00727,0,,HNO01,RM,
E000342,Phạm Việt Tiến,M,1970-09-18,2019-09-01,,Active,01CN000041,MK061C,Band 2,1CN00406,0,E000727,HNO17,ARM,
E000343,Huỳnh Khánh Diệp,F,2000-05-22,2018-04-01,2022-10-01,Terminated,01CN000033,MK061C,Band 2,1CN00543,0,E000069,HNO01,ARM,
E000344,Vương Bá Việt,M,1986-08-10,2019-12-01,2022-02-01,Terminated,01QT000018,FE001D,Band 9,1QT00045,1,E000929,HSC01,BO,
E000345,Hà Anh Khánh,M,1980-12-27,2017-02-01,2021-04-01,Terminated,01CN000074,BA013M,Band 5,1CN01251,1,E001103,HCM40,HH,
E000346,Lê Việt Lâm,M,2000-04-25,2020-10-01,,Active,01QT000017,FC048M,Band 5,1QT00167,1,E000444,HSC01,BO,
E000347,Đỗ Thuỳ Châu,F,1972-09-16,2013-07-01,,Active,01CN000034,BA013M,Band 6,1CN00454,1,E000307,HNO11,HH,
E000348,Hoàng Thanh Lan,F,2003-05-10,2020-10-01,,Active,01CN000072,MJ008C,Band 2,1CN00289,0,,HNO65,BO,
E000349,Vũ Khánh Trinh,F,1975-05-11,2020-10-01,,Active,01CN000071,MK091S,Band 3,1CN00669,0,E001720,QNI07,ARM,
E000350,Lê Duyên,F,1975-04-23,2019-06-01,2021-09-01,Terminated,01QT000007,FC007C,Band 2,1QT00131,0,E000583,HSC01,BO,
E000351,Thái Đức Cảnh,M,1993-11-10,2016-11-01,2023-03-01,Terminated,01CN000020,MJ044S,Band 3,1CN00001,0,E000058,HPH01,RM,
E000352,Phạm Hải Tâm,F,1974-12-22,2019-08-01,2024-11-01,Terminated,01CN000058,MJ035S,Band 3,1CN01175,0,E000258,HSC01,BO,
E000353,Thái Hà Hiền,F,1990-06-04,2018-03-01,,Active,01CN000070,MJ029S,Band 4,1CN01050,0,E000250,BNI01,RM,
E000354,Đỗ Đình Phúc,M,1973-12-23,2016-10-01,,Active,01CN000017,MK090S,Band 4,1CN01170,0,E000551,HNO01,ARM,
E000355,Cao Phương Thu,F,2000-10-11,2020-12-01,2024-02-01,Terminated,01CN000065,MK092C,Band 2,1CN00558,0,E001717,HCM01,ARM,
E000356,Bùi Mạnh Cường,M,1989-05-28,2009-07-01,,Active,01QT000013,FA010S,Band 4,1QT00076,0,E001101,HSC01,BO,
E000357,Cao Gia Thành,M,2002-09-09,2019-03-01,2025-05-01,Terminated,01CN000072,M00108,Band 4,1CN00695,0,,HNO65,RM,
E000358,Hồ Thị Ly,F,1985-10-04,2017-04-01,2021-03-01,Terminated,01CN000027,M00110,Band 2,1CN01274,0,E001029,HPH07,RM,
E000359,Đào Khánh,M,1995-01-01,2020-10-01,2022-07-01,Terminated,01CN000057,AA052C,K,1CN00335,0,E001269,HNO01,BO,
E000360,Phạm Quỳnh Phương,F,2000-05-13,2015-06-01,,Active,01CN000034,MK061C,Band 2,1CN00907,0,E000347,HNO11,ARM,
E000361,Ngô Kim Nhung,F,1990-03-15,2014-06-01,,Active,01CN000059,MJ043S,Band 4,1CN00262,0,E000639,BRV01,RM,
E000362,Kiều Hữu Lộc,M,1979-08-14,2010-06-01,2021-09-01,Terminated,01CN000080,M00107,Band 4,1CN01087,0,E001610,HNO02,RM,
E000363,Kiều Thu Hạnh,F,2001-03-09,2020-05-01,,Active,01CN000037,M00107,Band 4,1CN00539,0,E001677,HCM01,RM,
E000364,Lý Minh Giang,F,1981-01-13,2019-09-01,2022-02-01,Terminated,01CN000084,MK013M,Band 6,1CN00625,1,E001799,HSC01,BO,
E000365,Đoàn Kiều Ánh,F,2002-09-26,2017-08-01,,Active,01CN000068,MJ162E,Band 5,1CN01029,0,E000689,HSC01,RM,
E000366,Hoàng Duy Hiếu,M,2002-05-04,2020-07-01,,Active,01CN000062,MK034S,Band 3,1CN00198,0,E000499,HNO17,ARM,
E000367,Lê Hoài Quyên,F,1981-03-27,2016-08-01,,Active,01CN000080,M00108,Band 4,1CN00763,0,E001610,HNO02,RM,
E000368,Đoàn Diệu Dung,F,1995-12-26,2017-04-01,,Active,01CN000028,MK019E,Band 5,1CN00240,0,E001766,HNO01,BO,
E000369,Phạm Duy Khang,M,2000-11-24,2019-01-01,,Active,01CN000031,MJ028S,Band 3,1CN00791,0,E001707,BRV04,BO,
E000370,Ngô Duy Đạt,M,2000-04-19,2017-07-01,2025-11-01,Terminated,01QT000005,FC013M,Band 5,1QT00183,1,E000780,HSC01,BO,
E000371,Chu Hoài Hạnh,F,1970-02-09,2014-03-01,,Active,01CN000068,MJ026M,Band 5,1CN01217,1,E000826,HSC01,TL,
E000372,Đoàn Ánh,F,1996-08-13,2020-11-01,2022-02-01,Terminated,01QT000023,FA027C,Band 2,1QT00111,0,E000809,HSC01,BO,
E000373,Hoàng Kim Hồng,F,1996-01-06,2019-05-01,2021-03-01,Terminated,01CN000069,MJ043S,Band 4,1CN00849,0,E000802,HCM41,RM,
E000374,Đặng Quang Tài,M,1980-03-25,2015-06-01,,Active,01CN000034,MJ008C,Band 2,1CN00217,0,E001777,HNO11,BO,
E000375,Lâm Đình Trường,M,1973-02-05,2014-10-01,,Active,01CN000001,MJ008C,Band 2,1CN00863,0,E000186,HNO63,BO,
E000376,Huỳnh Quỳnh Loan,F,1978-05-15,2019-04-01,2022-06-01,Terminated,01CN000033,MJ008C,Band 2,1CN01207,0,E001658,HNO01,BO,
E000377,Phan Anh Nam,M,1983-04-25,2019-01-01,,Active,01CN000008,MK027C,Band 2,1CN01007,0,E001338,HCM29,ARM,
E000378,Lương Đăng,M,1970-01-20,2020-01-01,2021-08-01,Terminated,01CN000085,MJ028S,Band 3,1CN01195,0,E000194,HNO44,BO,
E000379,Lê Thu Duyên,F,1997-04-06,2020-11-01,2022-08-01,Terminated,01CN000069,MJ028S,Band 3,1CN01381,0,E000668,HCM41,BO,
E000380,Hồ Thu Ánh,F,1995-02-22,2020-12-01,2021-11-01,Terminated,01CN000027,MK015S,Band 3,1CN01239,0,E001029,HPH07,ARM,
E000381,Nguyễn Ngọc,F,1997-11-05,2020-02-01,2021-08-01,Terminated,01CN000006,M00109,Band 3,1CN00868,0,E000971,HNO52,RM,
E000382,Dương Kim Nhi,F,1978-04-23,2020-09-01,2022-03-01,Terminated,01CN000079,MJ044S,Band 3,1CN00186,0,E000669,BDU01,RM,
E000383,Vũ Khắc Hải,M,1987-07-26,2020-01-01,2024-10-01,Terminated,01CN000028,M00149,Band 6,1CN00640,1,E000751,HCM01,BO,
E000384,Ngô Mai Thu,F,1981-02-13,2014-07-01,,Active,01CN000034,MJ043S,Band 4,1CN00419,0,E001777,HNO11,RM,
E000385,Nguyễn Thanh Thắng,M,1998-05-14,2020-12-01,,Active,01CN000010,MJ044S,Band 3,1CN00848,0,E000447,TDU01,RM,
E000386,Kiều Gia Phong,M,2000-04-26,2019-06-01,2022-08-01,Terminated,01CN000059,MK015S,Band 3,1CN00774,0,E000454,BRV01,ARM,
E000387,Phan Kim Ngọc,F,1980-01-07,2020-06-01,2022-12-01,Terminated,01CN000074,MJ028S,Band 3,1CN00271,0,E000331,HCM40,BO,
E000388,Huỳnh Bảo Nhi,F,1985-01-23,2001-01-01,,Active,01CN000025,MM008C,Band 2,1CN00103,0,E001472,HSC01,BO,
E000389,Đỗ Xuân Loan,F,1987-02-03,2011-12-01,2021-03-01,Terminated,01CN000022,BA013M,Band 6,1CN00645,1,E001616,CTH01,HH,
E000390,Huỳnh Xuân Tùng,M,1980-08-13,2014-07-01,2023-01-01,Terminated,01CN000083,M00107,Band 4,1CN01236,0,E001094,HCM12,RM,
E000391,Hoàng Tuấn Nam,M,1975-03-08,2019-08-01,2022-01-01,Terminated,01CN000057,MJ017E,Band 4,1CN00115,0,E000303,HNO01,RM,
E000392,Vương Thanh Hoa,F,1972-06-12,2020-08-01,,Active,01CN000048,AA052C,K,1CN00501,0,E001568,HCM01,ARM,
E000393,Chu Công Minh,M,1983-06-25,2015-11-01,2023-04-01,Terminated,01CN000040,MJ028S,Band 3,1CN00507,0,E001676,HCM17,BO,
E000394,Hoàng Hoà,M,1974-05-24,2019-02-01,2025-05-01,Terminated,01CN000027,M00108,Band 4,1CN00489,0,E001029,HPH07,RM,
E000395,Đặng Ngọc Hà,F,1996-02-17,2020-12-01,,Active,01CN000074,MJ008C,Band 2,1CN01216,0,E001103,HCM40,BO,
E000396,Lê Đình Phong,M,2000-11-02,2019-06-01,2022-07-01,Terminated,01CN000072,M00109,Band 3,1CN00668,0,,HNO65,RM,
E000397,Bùi Yến Hiền,F,1986-05-23,2016-02-01,2021-10-01,Terminated,01CN000029,MJ161E,Band 5,1CN01133,0,E000800,HCM01,RM,
E000398,Phan Xuân Khuê,F,1990-05-04,2016-03-01,,Active,01CN000063,M00397,Band 4,1CN01311,0,E000927,HSC01,BO,
E000399,Lương Trung Kiên,M,1975-02-07,2014-07-01,2025-07-01,Terminated,01CN000071,MK090S,Band 4,1CN00918,0,E001720,HNO01,ARM,
E000400,Tô Châu,F,1971-03-12,2020-10-01,2022-02-01,Terminated,01CN000033,MJ011S,Band 4,1CN01201,0,E001658,HNO01,BO,
E000401,Trịnh Tuấn Long,M,1970-04-19,2015-08-01,,Active,01CN000028,M00149,Band 6,1CN00640,1,E000751,HCM01,BO,
E000402,Hà Khánh Linh,F,1976-07-27,2019-08-01,2021-05-01,Terminated,01CN000086,MJ004S,Band 3,1CN00384,0,E000733,HSC01,BO,
E000403,Tô Cường,M,1978-04-12,2014-01-01,2021-08-01,Terminated,01CN000057,MJ017E,Band 4,1CN00726,0,E000623,HNO01,RM,
E000404,Nguyễn Khắc Minh,M,1990-07-02,2020-10-01,2024-09-01,Terminated,01CN000059,MJ043S,Band 4,1CN00262,0,E000948,BRV01,RM,
E000405,Hoàng Xuân Hồng,F,2000-12-03,2020-03-01,2021-04-01,Terminated,01CN000041,MJ011M,Band 4,1CN00134,0,E000218,HNO17,TL,
E000406,Hà Xuân Nga,F,1985-04-07,2018-04-01,2024-01-01,Terminated,01CN000085,MJ044S,Band 3,1CN00858,0,E000492,HNO44,RM,
E000407,Cao Xuân Lan,F,1978-04-10,2020-06-01,,Active,01CN000071,MJ161E,Band 5,1CN00268,0,E001720,HNO01,RM,
E000408,Vũ Ngọc Xuân,F,2000-06-17,2018-12-01,2021-06-01,Terminated,01CN000064,MH040S,Band 4,1CN00156,0,E000163,HSC01,BO,
E000409,Phạm Bảo Tú,F,1982-09-22,2020-12-01,2025-11-01,Terminated,01CN000010,MK015S,Band 3,1CN00309,0,E001828,TDU01,ARM,
E000410,Phạm Mạnh Tài,M,2003-12-10,2014-10-01,2024-11-01,Terminated,01CN000022,M00108,Band 4,1CN01271,0,E001381,CTH01,RM,
E000411,Nguyễn Việt Bình,M,1973-10-05,2019-07-01,2022-11-01,Terminated,01CN000085,M00109,Band 3,1CN00801,0,E001118,HNO44,RM,
E000412,Lương Bá Thái,M,1988-11-02,2019-06-01,,Active,01CN000074,MJ010S,Band 4,1CN00163,0,E001749,HCM40,BO,
E000413,Huỳnh Minh Hương,F,1990-01-15,2020-02-01,2025-07-01,Terminated,01CN000013,MH030S,Band 4,1CN00023,0,E001062,HSC01,BO,
E000414,Trịnh Thanh Ánh,F,2002-05-04,2019-11-01,,Active,01CN000031,MJ028S,Band 3,1CN00791,0,E001707,BRV04,BO,
E000415,Cao Đức Thành,M,1987-08-15,2018-01-01,,Active,01CN000044,MJ044S,Band 3,1CN00839,0,E000289,QNI01,RM,
E000416,Cao Khắc Hùng,M,1977-01-15,2016-10-01,,Active,01CN000070,MJ008C,Band 2,1CN00125,0,E000664,BNI01,BO,
E000417,Đào Giang,F,1973-04-13,2012-10-01,,Active,01CN000031,AA052C,K,1CN00687,0,E000868,BRV04,BO,
E000418,Phan Khánh Hằng,F,1974-09-12,2015-04-01,2023-02-01,Terminated,01CN000042,MJ026M,Band 6,1CN01149,1,E001486,HNO01,TL,
E000419,Hồ Duy Khoa,M,1988-02-08,2019-06-01,2024-06-01,Terminated,01CN000069,MJ011S,Band 4,1CN00743,0,E000668,HCM41,BO,
E000420,Hoàng Hùng,M,1978-03-05,2020-01-01,,Active,01QT000013,FA012S,Band 3,1QT00022,0,E001101,HSC01,BO,
E000421,Chu Ngọc Cảnh,M,1987-05-22,2020-11-01,2021-08-01,Terminated,01CN000068,MJ161E,Band 5,1CN00015,0,E000478,HSC01,RM,
E000422,Đỗ Ngọc Trâm,F,1994-12-24,2020-03-01,,Active,01CN000022,M00110,Band 2,1CN00505,0,E001402,CTH01,RM,
E000423,Kiều Đạt,M,1995-01-02,2017-05-01,,Active,01CN000085,BA013M,Band 6,1CN00486,1,E000492,HNO44,HH,
E000424,Nguyễn Anh Khang,M,2002-07-10,2020-08-01,,Active,01CN000034,M00107,Band 4,1CN00675,0,E000347,HNO11,RM,
E000425,Hồ Mai Hồng,F,1985-03-10,2020-08-01,2025-06-01,Terminated,01CN000006,AA052C,K,1CN01058,0,E000495,HNO52,BO,
E000426,Nguyễn Xuân Cường,M,1978-07-24,2018-08-01,,Active,01CN000057,M00391,Band 4,1CN00408,0,E000248,HSC01,BO,
E000427,Thái Tuyết Chi,F,1996-08-22,2010-04-01,,Active,01CN000080,M00110,Band 2,1CN00865,0,E000879,HNO02,RM,
E000428,Đỗ Hải,M,1975-08-04,2019-11-01,2021-12-01,Terminated,01CN000072,MJ043S,Band 4,1CN00603,0,,HNO65,RM,
E000429,Vũ Hữu Thắng,M,1978-09-15,2020-10-01,,Active,01CN000006,MK061C,Band 2,1CN01135,0,E000971,HNO52,ARM,
E000430,Hoàng Hữu Nam,M,1993-02-19,2018-04-01,2023-06-01,Terminated,01CN000057,MJ016E,Band 5,1CN00389,0,E001023,HCM01,RM,
E000431,Lê Hoa,F,1972-12-17,2019-05-01,2021-05-01,Terminated,01CN000003,BA013M,Band 6,1CN00017,1,E000684,DAN03,HH,
E000432,Võ Hà Kim,F,1976-08-05,2018-04-01,2021-03-01,Terminated,01CN000002,MJ028S,Band 3,1CN01148,0,E001684,HCM48,BO,
E000433,Hoàng Việt Nghĩa,M,1978-04-05,2020-08-01,2023-12-01,Terminated,01QT000017,FA021S,Band 3,1QT00098,0,E000444,HSC01,BO,
E000434,Vũ Kim Thuỷ,F,1972-10-25,2012-10-01,,Active,01CN000059,M00110,Band 2,1CN00700,0,E001613,BRV01,RM,
E000435,Hà Việt Hiếu,M,1996-10-14,2018-06-01,,Active,01CN000042,MJ026M,Band 6,1CN01149,1,E001615,HNO01,TL,
E000436,Trịnh Hà Ly,F,1994-01-06,2020-12-01,,Active,01CN000038,M00109,Band 3,1CN00030,0,E001747,KHO01,RM,
E000437,Phan Ngọc Vũ,M,1973-01-02,2019-01-01,,Active,01CN000020,MJ043S,Band 4,1CN00780,0,E000058,HPH01,RM,
E000438,Nguyễn Minh Đạt,M,1979-03-08,2019-06-01,,Active,01CN000024,MK061C,Band 2,1CN00824,0,E000795,HNO49,ARM,
E000439,Vũ Trí,M,1994-06-06,2020-01-01,,Active,01QT000017,FA021S,Band 3,1QT00098,0,E000444,HSC01,BO,
E000440,Thái Tuyết Hằng,F,1999-09-28,2016-05-01,,Active,01CN000048,MJ161E,Band 5,1CN01244,0,E001568,HCM01,RM,
E000441,Đào Thanh Anh,F,1971-09-06,2015-05-01,,Active,01CN000002,M00108,Band 4,1CN00932,0,E001684,HCM48,RM,
E000442,Mai Kiều Hằng,F,1992-09-02,2019-02-01,2021-04-01,Terminated,01CN000020,MJ029S,Band 4,1CN01153,0,E000058,HPH01,RM,
E000443,Kiều Diệu Ngọc,F,1998-09-09,2020-01-01,,Active,01CN000001,MJ011M,Band 5,1CN00533,1,E000318,HNO63,TL,
E000444,Hồ Nhật Phúc,M,1970-04-01,2019-01-01,2022-10-01,Terminated,01QT000017,FC048M,Band 5,1QT00167,1,E000346,HSC01,BO,
E000445,Đặng Hoài Diệp,F,1978-12-27,2020-12-01,2021-02-01,Terminated,01CN000037,MJ028S,Band 3,1CN01184,0,E001817,HCM01,BO,
E000446,Hà Phương,F,2000-08-15,2017-04-01,,Active,01CN000003,M00110,Band 2,1CN01098,0,E001769,DAN03,RM,
E000447,Vương Trọng Cảnh,M,1978-02-19,2018-02-01,,Active,01CN000010,MJ011M,Band 5,1CN00508,1,E000870,TDU01,TL,
E000448,Trần Yến Thu,F,1986-10-06,2020-07-01,2021-05-01,Terminated,01CN000076,AA052C,K,1CN01269,0,E000139,HCM04,BO,
E000449,Đào Hải Dung,F,1973-02-10,2017-10-01,,Active,01CN000087,MH037M,Band 6,1CN00713,1,E000622,HSC01,BO,
E000450,Trần Hoài Vy,F,1989-08-23,2019-05-01,2022-04-01,Terminated,01CN000021,MJ161E,Band 5,1CN01074,0,E000904,HCM01,RM,
E000451,Huỳnh Hải Yến,F,1978-02-18,2019-04-01,,Active,01CN000040,MJ043S,Band 4,1CN00878,0,E000595,HCM17,RM,
E000452,Hà Phương Huệ,F,1994-05-01,2010-01-01,,Active,01QT000023,FA026S,Band 3,1QT00019,0,E000809,HSC01,BO,
E000453,Lê Quang Trường,M,1982-07-20,2004-11-01,,Active,01CN000059,M00109,Band 3,1CN00444,0,E000454,BRV01,RM,
E000454,Đinh Như Trang,F,2001-04-14,2019-05-01,,Active,01CN000059,MJ011M,Band 5,1CN01183,1,E001092,BRV01,TL,
E000455,Tô Thế Phát,M,1989-06-01,2017-08-01,,Active,01CN000083,AA052C,K,1CN01301,0,E001726,HCM12,BO,
E000456,Chu Thuỳ Linh,F,1999-04-08,2018-09-01,,Active,01CN000020,MK061C,Band 2,1CN00559,0,E000058,HPH01,ARM,
E000457,Đào Hà Thu,F,1993-01-28,2015-12-01,,Active,01CN000027,MK061C,Band 2,1CN00430,0,E001029,HPH07,ARM,
E000458,Bùi Đức,M,1992-03-19,2019-01-01,2021-04-01,Terminated,01CN000019,MJ011S,Band 4,1CN00618,0,E001218,HNO39,BO,
E000459,Tô Tân,M,1993-04-02,2018-02-01,2021-06-01,Terminated,01CN000063,M00467,Band 6,1CN00304,0,E000927,HSC01,BO,
E000460,Đỗ Trọng Việt,M,1983-12-10,2020-03-01,2021-11-01,Terminated,01CN000067,MJ043S,Band 4,1CN01347,0,E000620,HCM19,RM,
E000461,Hồ Quỳnh Hạnh,F,1989-11-03,2017-07-01,2022-08-01,Terminated,01CN000001,MJ029S,Band 4,1CN00911,0,E000186,HNO63,RM,
E000462,Ngô Hữu Trung,M,1982-11-24,2016-04-01,2024-06-01,Terminated,01CN000038,M00108,Band 4,1CN00007,0,E000484,KHO01,RM,
E000463,Nguyễn Hoài Diệp,F,1989-06-09,2018-05-01,2025-03-01,Terminated,01CN000034,M00109,Band 3,1CN00525,0,E000347,HNO11,RM,
E000464,Lâm Hải Kim,F,1981-11-22,2019-06-01,2022-11-01,Terminated,01CN000073,M00110,Band 2,1CN00599,0,E001850,HNO34,RM,
E000465,Vương Hà Hằng,F,1984-12-27,2013-06-01,,Active,01CN000040,M00109,Band 3,1CN00578,0,E000014,HCM17,RM,
E000466,Hoàng Lan Lan,F,1996-04-04,2020-04-01,,Active,01QT000009,FC009S,Band 3,1QT00103,0,E000227,HSC01,BO,
E000467,Nguyễn Duy Bình,M,1979-08-28,2018-04-01,,Active,01CN000080,MJ028S,Band 3,1CN01077,0,E000879,HNO02,BO,
E000468,Đỗ Đăng,M,1991-11-25,2019-03-01,2025-02-01,Terminated,01CN000085,AA052C,K,1CN00132,0,E001118,HNO44,BO,
E000469,Chu Tất Toàn,M,2002-07-22,2014-04-01,,Active,01CN000006,M00110,Band 2,1CN01376,0,E001586,HNO52,RM,
E000470,Cao Thu Chi,F,1996-04-07,2018-11-01,2025-08-01,Terminated,01CN000061,BA013M,Band 5,1CN00277,1,E001829,HCM29,HH,
E000471,Phan Phương Trinh,F,1983-05-10,2020-08-01,,Active,01CN000024,MJ010S,Band 4,1CN01179,0,E000136,HNO49,BO,
E000472,Dương Phương Vân,F,1972-03-27,2020-04-01,,Active,01CN000009,MJ163S,Band 4,1CN00232,0,E000539,HCM01,RM,
E000473,Hoàng Hà,F,1983-05-10,2020-11-01,2021-11-01,Terminated,01CN000067,BA013M,Band 6,1CN01319,1,E000620,HCM19,HH,
E000474,Hà Diệu Ly,F,1973-08-08,2017-08-01,,Active,01CN000006,M00108,Band 4,1CN00275,0,E000971,HNO52,RM,
E000475,Tô Phương Oanh,F,2002-03-08,2019-06-01,2025-08-01,Terminated,01CN000027,M00107,Band 4,1CN00593,0,E001357,HPH07,RM,
E000476,Lê Phương Kim,F,1979-12-20,2017-09-01,2022-02-01,Terminated,01QT000008,FA010C,Band 2,1QT00169,0,,HSC01,BO,
E000477,Cao Việt Nhật,M,1990-05-27,2013-11-01,2023-01-01,Terminated,01QT000008,BC023S,Band 3,1QT00018,0,,HSC01,BO,
E000478,Nguyễn Mạnh Khoa,M,1984-09-16,2013-01-01,,Active,01CN000068,MJ026M,Band 5,1CN01217,1,E001317,HSC01,TL,
E000479,Mai Đình Dũng,M,1986-07-07,2020-11-01,2023-11-01,Terminated,01CN000085,BA013M,Band 6,1CN00486,1,E001118,HNO44,HH,
E000480,Vương Mai Nga,F,1993-10-18,2014-04-01,,Active,01CN000040,MJ008C,Band 2,1CN00636,0,E001676,HCM17,BO,
E000481,Vũ Thế Đạt,M,1978-11-26,2020-12-01,2021-12-01,Terminated,01CN000006,MJ028S,Band 3,1CN00170,0,E000605,HNO52,BO,
E000482,Phan Kim Lan,F,1978-05-26,2018-08-01,,Active,01CN000074,MJ008C,Band 2,1CN01216,0,E001749,HCM40,BO,
E000483,Dương Tuấn Hùng,M,1971-02-04,2017-11-01,2024-11-01,Terminated,01QT000002,AA052C,K,1QT00085,0,E000257,HSC01,BO,
E000484,Dương Diệu Hà,F,1991-07-23,2019-06-01,2022-01-01,Terminated,01CN000038,MJ011M,Band 5,1CN00128,1,E000591,KHO01,TL,
E000485,Hoàng Bích Uyên,F,2002-09-11,2019-08-01,,Active,01CN000033,M00110,Band 2,1CN01111,0,E001309,HNO01,RM,
E000486,Lương Ngọc Hiền,F,2002-03-02,2018-07-01,,Active,01CN000017,MK092C,Band 2,1CN01209,0,E000551,HNO01,ARM,
E000487,Ngô Chí Long,M,1976-10-23,2019-12-01,2023-11-01,Terminated,01CN000085,MJ028S,Band 3,1CN01195,0,E001118,HNO44,BO,
E000488,Lâm Tất Trung,M,1976-10-17,2019-01-01,2024-08-01,Terminated,01CN000009,MJ163S,Band 4,1CN00232,0,E000539,HCM01,RM,
E000489,Bùi Gia Kiên,M,1989-02-12,2020-11-01,,Active,01CN000057,MJ016E,Band 5,1CN01232,0,E000623,HNO01,RM,
E000490,Bùi Công Khánh,M,1989-01-15,2017-12-01,,Active,01CN000061,MJ044S,Band 3,1CN00788,0,E001424,HCM29,RM,
E000491,Hoàng Diệp,F,1972-08-02,2016-04-01,,Active,01CN000010,MJ029S,Band 4,1CN00781,0,E000559,TDU01,RM,
E000492,Dương Trọng Khoa,M,1974-05-21,2017-09-01,,Active,01CN000085,BA013M,Band 6,1CN00486,1,E001561,HNO44,HH,
E000493,Ngô Duy Nghĩa,M,1994-01-07,2020-06-01,2021-02-01,Terminated,01CN000023,MK015S,Band 3,1CN00143,0,E000707,DAN01,ARM,
E000494,Nguyễn Duy Thắng,M,1970-07-22,2019-02-01,2021-09-01,Terminated,01CN000070,MJ043S,Band 4,1CN00212,0,E000624,BNI01,RM,
E000495,Nguyễn Tất Sang,M,2001-03-02,2018-01-01,,Active,01CN000006,BA013M,Band 6,1CN00405,1,E000971,HNO52,HH,
E000496,Trần Tuấn Quân,M,2002-08-12,2017-01-01,2022-03-01,Terminated,01CN000024,AA052C,K,1CN00150,0,E000791,HNO49,BO,
E000497,Hà Mai Châu,F,1991-05-13,2015-04-01,,Active,01CN000024,MJ043S,Band 4,1CN00663,0,E000791,HNO49,RM,
E000498,Hà Đình Tùng,M,2000-04-02,2017-09-01,,Active,01CN000025,MM008C,Band 3,1CN01276,0,E000135,HSC01,BO,
E000499,Hoàng Ngọc Bích,F,1970-07-13,2018-10-01,,Active,01CN000062,MJ036M,Band 6,1CN01047,1,E001012,HNO17,HH,
E000500,Bùi Diệu Nhung,F,1978-04-11,2020-12-01,2023-07-01,Terminated,01CN000023,MJ008C,Band 2,1CN00812,0,E001368,DAN01,BO,
E000501,Võ Minh Vũ,M,1993-06-26,2021-01-01,2025-03-01,Terminated,01CN000074,AA052C,K,1CN00939,0,E000345,HCM40,BO,
E000502,Kiều Xuân Phương,F,1991-11-03,2021-01-01,2021-07-01,Terminated,01CN000001,MJ043S,Band 4,1CN01075,0,E000186,HNO63,RM,
E000503,Phan Quang Trung,M,1995-05-17,2021-01-01,2023-04-01,Terminated,01CN000032,MJ161E,Band 5,1CN00576,0,,HNO01,RM,
E000504,Thái Cường,M,1983-07-18,2021-01-01,2021-03-01,Terminated,01QT000018,MM008C,Band 3,1QT00034,0,E001020,HSC01,BO,
E000505,Phan Việt Trung,M,1978-07-16,2021-01-01,2021-08-01,Terminated,01CN000067,M00110,Band 2,1CN01327,0,E001713,HCM19,RM,
E000506,Lương Như Xuân,F,1978-01-20,2021-01-01,,Active,01CN000059,MJ043S,Band 4,1CN00262,0,E001613,BRV01,RM,
E000507,Vương Minh Chi,F,1989-04-21,2021-01-01,2023-10-01,Terminated,01CN000068,MK091S,Band 3,1CN00838,0,E000689,HSC01,ARM,
E000508,Cao Trọng Hiếu,M,1995-07-23,2021-01-01,2023-07-01,Terminated,01CN000053,MJ163S,Band 4,1CN01364,0,E000619,HCM01,RM,
E000509,Ngô Quang Huy,M,1983-06-20,2021-01-01,,Active,01QT000010,FC003S,Band 4,1QT00137,0,E000264,HSC01,BO,
E000510,Đặng Hồng Quyên,F,1971-05-11,2021-01-01,,Active,01CN000024,AA052C,K,1CN00484,0,E000791,HNO49,BO,
E000511,Nguyễn Minh Ngọc,F,1984-09-26,2021-01-01,,Active,01CN000060,M00110,Band 2,1CN00187,0,E000959,HCM32,RM,
E000512,Hồ Duy,M,1972-02-02,2021-01-01,2024-08-01,Terminated,01CN000087,MH051S,Band 3,1CN00954,0,E000567,HSC01,BO,
E000513,Đặng Thị Bích,F,1998-03-21,2021-01-01,,Active,01QT000024,FA008S,Band 4,1QT00184,0,E000517,HSC01,BO,
E000514,Nguyễn Thanh Uyên,F,2001-12-18,2021-01-01,2023-11-01,Terminated,01CN000041,MJ011M,Band 5,1CN00245,1,E000218,HNO17,TL,
E000515,Phan Trung Lộc,M,1971-01-19,2021-01-01,,Active,01CN000074,M00108,Band 4,1CN00808,0,E000331,HCM40,RM,
E000516,Đoàn Tiến,M,1996-02-11,2021-02-01,2024-02-01,Terminated,01CN000008,MK034S,Band 3,1CN00327,0,E000073,HCM29,ARM,
E000517,Kiều Khắc Đạt,M,1976-10-26,2021-02-01,2023-02-01,Terminated,01QT000024,FA010M,Band 6,1QT00162,1,E000735,HSC01,BO,
E000518,Kiều Minh Sơn,M,1990-11-04,2021-02-01,2021-05-01,Terminated,01CN000025,MM008C,Band 2,1CN00103,0,E001472,HSC01,BO,
E000519,Tô Xuân Hoa,F,1973-07-15,2021-02-01,2024-06-01,Terminated,01CN000025,MM020D,Band 8,1CN00321,1,E001532,HSC01,BO,
E000520,Cao Bảo Loan,F,1992-04-03,2021-02-01,2022-08-01,Terminated,01QT000002,FC028S,Band 4,1QT00170,0,E000257,HSC01,BO,
E000521,Mai Hồng Ánh,F,1994-11-21,2021-02-01,,Active,01CN000022,MJ029S,Band 4,1CN00318,0,E001623,CTH01,RM,
E000522,Vũ Bá Phúc,M,1989-10-23,2021-02-01,2025-01-01,Terminated,01CN000041,AA052C,K,1CN01116,0,E000899,HNO17,BO,
E000523,Trần Diệu Tâm,F,1999-10-05,2021-02-01,2024-08-01,Terminated,01CN000040,M00110,Band 2,1CN00573,0,E001676,HCM17,RM,
E000524,Dương Thế Tuấn,M,1975-06-14,2021-02-01,,Active,01CN000001,M00108,Band 4,1CN01383,0,E000443,HNO63,RM,
E000525,Hồ Duy Cường,M,1982-07-09,2021-02-01,,Active,01CN000004,MK059C,Band 2,1CN01337,0,E000906,HSC01,BO,
E000526,Chu Khánh Huệ,F,1973-11-13,2021-02-01,2023-02-01,Terminated,01CN000040,M00107,Band 4,1CN01298,0,E000595,HCM17,RM,
E000527,Đặng Như Hoài,F,1999-04-24,2021-02-01,2022-10-01,Terminated,01CN000070,MJ028S,Band 3,1CN00037,0,E000664,BNI01,BO,
E000528,Nguyễn Châu,F,1997-02-04,2021-02-01,2024-01-01,Terminated,01CN000076,AA052C,K,1CN01269,0,E001323,HCM04,BO,
E000529,Hồ Ngọc Việt,M,2000-05-27,2021-02-01,2023-06-01,Terminated,01CN000048,MK090S,Band 4,1CN00104,0,E000682,HCM01,ARM,
E000530,Võ Đình An,M,1970-12-07,2021-02-01,2025-02-01,Terminated,01CN000067,M00110,Band 2,1CN01327,0,E000473,HCM19,RM,
E000531,Lâm Minh Nhi,F,1996-02-24,2021-03-01,,Active,01CN000064,MH040S,Band 4,1CN00156,0,E000163,HSC01,BO,
E000532,Lâm Quang Quân,M,1984-06-23,2021-03-01,2025-02-01,Terminated,01CN000060,M00110,Band 2,1CN00187,0,E001447,HCM32,RM,
E000533,Chu Thanh Nguyên,M,1978-11-17,2021-03-01,2021-08-01,Terminated,01CN000068,MJ162E,Band 5,1CN00721,0,E000371,HSC01,RM,
E000534,Phan Quang Nam,M,1985-12-27,2021-03-01,2024-03-01,Terminated,01CN000020,MK015S,Band 3,1CN00570,0,E000674,HPH01,ARM,
E000535,Thái Quỳnh Ly,F,1987-06-15,2021-03-01,,Active,01CN000023,MJ008C,Band 2,1CN00812,0,E001368,DAN01,BO,
E000536,Vũ Quang Thành,M,1990-11-01,2021-03-01,2021-05-01,Terminated,01QT000010,M00139,Band 5,1QT00043,0,E000005,HSC01,BO,
E000537,Dương Nhật Trường,M,1982-12-23,2021-03-01,,Active,01CN000061,MK061C,Band 2,1CN00421,0,E000470,HCM29,ARM,
E000538,Tô Trọng Minh,M,1996-06-01,2021-03-01,2022-06-01,Terminated,01CN000002,M00110,Band 2,1CN00202,0,E001684,HCM48,RM,
E000539,Tô Lan Mai,F,1973-03-14,2021-03-01,2021-06-01,Terminated,01CN000009,MJ026M,Band 6,1CN00269,1,E001256,HCM01,TL,
E000540,Chu Hồng Vân,F,1983-04-21,2021-03-01,,Active,01CN000002,MJ028S,Band 3,1CN01148,0,E001235,HCM48,BO,
E000541,Bùi Bảo Linh,F,1984-01-16,2021-03-01,,Active,01QT000005,FC014M,Band 5,1QT00048,1,E001360,HSC01,BO,
E000542,Huỳnh Thanh Vy,F,1996-06-16,2021-03-01,2023-02-01,Terminated,01CN000057,MM016D,Band 7,1CN00754,1,E000762,HNO01,HH,
E000543,Hồ Đức Khang,M,1991-07-24,2021-03-01,2021-06-01,Terminated,01CN000072,MJ044S,Band 3,1CN00190,0,,HNO65,RM,
E000544,Kiều Hồng Trang,F,1989-08-28,2021-03-01,2023-03-01,Terminated,01CN000027,M00109,Band 3,1CN00896,0,E001029,HPH07,RM,
E000545,Vũ Ngọc Tâm,F,2001-02-12,2021-03-01,2023-02-01,Terminated,01CN000019,MJ029S,Band 4,1CN01218,0,E001183,HNO39,RM,
E000546,Phạm Bích Ánh,F,1971-12-06,2021-03-01,2021-04-01,Terminated,01CN000023,MJ011S,Band 4,1CN01192,0,E001284,DAN01,BO,
E000547,Hoàng Chí Toàn,M,1981-01-03,2021-04-01,2021-05-01,Terminated,01CN000003,MJ011M,Band 4,1CN00345,0,E001800,DAN03,TL,
E000548,Bùi Nga,F,1987-11-15,2021-04-01,2025-03-01,Terminated,01CN000078,MK044S,Band 4,1CN00139,0,E001082,HSC01,BO,
E000549,Mai Hạnh,F,1989-10-22,2021-04-01,,Active,01QT000012,FA031S,Band 4,1QT00174,0,,HSC01,BO,
E000550,Cao Bích Nhung,F,1986-03-12,2021-04-01,,Active,01QT000008,FA010C,Band 2,1QT00169,0,,HSC01,BO,
E000551,Đào Hồng Hoài,F,1970-02-20,2021-04-01,2021-12-01,Terminated,01CN000017,MJ026M,Band 6,1CN00290,1,E001668,HNO01,TL,
E000552,Lương Thu Loan,F,1974-12-19,2021-04-01,,Active,01CN000034,MJ029S,Band 4,1CN01028,0,E000307,HNO11,RM,
E000553,Dương Minh Ngọc,F,1973-07-14,2021-04-01,,Active,01CN000083,BA013M,Band 6,1CN00735,1,E000970,HCM12,HH,
E000554,Trịnh Thuỳ Kim,F,1978-07-18,2021-04-01,2022-01-01,Terminated,01CN000085,MJ011S,Band 4,1CN00826,0,E000195,HNO44,BO,
E000555,Phan Yến Nhung,F,1998-02-24,2021-04-01,2021-05-01,Terminated,01QT000010,FC006M,Band 6,1QT00165,1,E001484,HSC01,BO,
E000556,Trần Diệu Huệ,F,1993-08-08,2021-04-01,,Active,01CN000070,M00107,Band 4,1CN00305,1,E001812,BNI01,RM,
E000557,Đỗ Xuân Xuân,F,1997-08-24,2021-04-01,2022-04-01,Terminated,01CN000071,MJ161E,Band 5,1CN00268,0,E001720,HNO01,RM,
E000558,Đinh Huệ,F,1990-10-27,2021-04-01,2022-04-01,Terminated,01CN000080,MJ008C,Band 2,1CN00569,0,E000879,HNO02,BO,
E000559,Ngô Minh Thành,M,1985-12-17,2021-04-01,,Active,01CN000010,BA013M,Band 6,1CN00303,1,E001222,TDU01,HH,
E000560,Thái Việt Hiếu,M,1973-08-22,2021-04-01,,Active,01CN000078,MK031C,Band 2,1CN00723,0,E001689,HSC01,BO,
E000561,Tô Kiều Khuê,F,1986-02-05,2021-04-01,,Active,01QT000013,FA014C,Band 1,1QT00096,0,E001101,HSC01,BO,
E000562,Lý Đức Bảo,M,1976-08-05,2021-04-01,,Active,01CN000068,MK092C,Band 2,1CN00264,0,E001317,HSC01,ARM,
E000563,Đỗ Minh Kim,F,1971-04-25,2021-05-01,2025-05-01,Terminated,01CN000022,AA052C,K,1CN00614,0,E001381,CTH01,BO,
E000564,Kiều Xuân Duyên,F,1979-11-12,2021-05-01,,Active,01QT000003,M00362,Band 3,1QT00055,0,E001499,HSC01,BO,
E000565,Vũ Hoàng Cường,M,1994-02-03,2021-05-01,2024-11-01,Terminated,01CN000057,M00391,Band 4,1CN00408,0,E001361,HSC01,BO,
E000566,Đoàn Hà Quyên,F,2000-05-22,2021-05-01,2022-05-01,Terminated,01CN000074,M00108,Band 4,1CN00808,0,E001749,HCM40,RM,
E000567,Thái Mạnh Thắng,M,1986-01-25,2021-05-01,2025-04-01,Terminated,01CN000087,MH037M,Band 6,1CN00713,1,E000449,HSC01,BO,
E000568,Trịnh Thị My,F,1999-10-22,2021-05-01,2022-12-01,Terminated,01CN000032,MJ026M,Band 5,1CN00213,0,,HNO01,TL,
E000569,Vương Tuyết,F,1991-08-13,2021-05-01,2025-11-01,Terminated,01CN000057,M00392,Band 3,1CN00590,0,E001557,HSC01,BO,
E000570,Dương Đình Minh,M,1989-07-09,2021-05-01,,Active,01CN000085,M00109,Band 3,1CN00801,0,E001118,HNO44,RM,
E000571,Đoàn Tuyết Thu,F,1989-07-25,2021-05-01,2021-10-01,Terminated,01CN000017,MJ161E,Band 5,1CN00049,0,E001668,HNO01,RM,
E000572,Vũ Minh Thắng,M,1998-01-26,2021-05-01,2022-05-01,Terminated,01QT000024,FA045S,Band 3,1QT00031,0,E001866,HSC01,BO,
E000573,Kiều Minh Hiếu,M,1987-09-09,2021-05-01,2023-09-01,Terminated,01CN000041,MJ028S,Band 3,1CN00703,0,E000514,HNO17,BO,
E000574,Lâm Mạnh Dũng,M,1979-01-06,2021-05-01,,Active,01CN000048,AA052C,K,1CN00501,0,E000682,HCM01,ARM,
E000575,Phạm Duy Sơn,M,2001-11-06,2021-05-01,2022-11-01,Terminated,01QT000013,AA052C,K,1QT00037,0,E001101,HSC01,BO,
E000576,Bùi Chí Nguyên,M,2002-04-18,2021-05-01,,Active,01CN000001,AA052C,K,1CN00841,0,E000318,HNO63,BO,
E000577,Cao Xuân Hùng,M,1975-12-12,2021-05-01,2024-03-01,Terminated,01CN000080,MK061C,Band 2,1CN01220,0,E001610,HNO02,ARM,
E000578,Dương Hạnh,F,1980-03-04,2021-05-01,2022-06-01,Terminated,01CN000003,MJ029S,Band 4,1CN01305,0,E000930,DAN03,RM,
E000579,Lâm Mai Linh,F,1993-07-25,2021-06-01,2024-05-01,Terminated,01CN000053,MJ161E,Band 5,1CN00913,0,E000619,HCM01,RM,
E000580,Trần Văn Lâm,M,1998-04-28,2021-06-01,,Active,01CN000068,MK092C,Band 2,1CN00264,0,E000826,HSC01,ARM,
E000581,Lý Quang Nghĩa,M,1998-05-08,2021-06-01,2024-03-01,Terminated,01CN000006,M00109,Band 3,1CN00868,0,E000971,HNO52,RM,
E000582,Lý Hà Hạnh,F,1994-07-01,2021-06-01,,Active,01CN000069,M00107,Band 4,1CN00059,0,E000668,HCM41,RM,
E000583,Chu Tuyết Duyên,F,1973-07-24,2021-06-01,,Active,01QT000007,FC051M,Band 6,1QT00050,1,E001412,HSC01,BO,
E000584,Hà Minh Lâm,M,2000-08-12,2021-06-01,,Active,01CN000002,M00109,Band 3,1CN00109,0,E000871,HCM48,RM,
E000585,Trần Lan Ngân,F,1976-10-25,2021-06-01,,Active,01QT000005,M00141,Band 5,1QT00127,0,E000780,HSC01,BO,
E000586,Đỗ Văn Trường,M,1988-10-12,2021-06-01,,Active,01CN000027,MJ008C,Band 2,1CN00544,0,E001029,HPH07,BO,
E000587,Lương Hoài Trinh,F,2001-03-07,2021-06-01,2022-04-01,Terminated,01CN000017,MJ161E,Band 5,1CN00049,0,E001668,HNO01,RM,
E000588,Hà Hà Kim,F,1974-08-06,2021-06-01,2021-11-01,Terminated,01CN000003,M00108,Band 4,1CN00994,0,E000930,DAN03,RM,
E000589,Tô Gia Hải,M,1982-12-04,2021-06-01,2022-06-01,Terminated,01CN000070,MK061C,Band 2,1CN01163,0,E000664,BNI01,ARM,
E000590,Dương Quang Trường,M,1976-05-23,2021-06-01,,Active,01CN000022,MJ011M,Band 5,1CN00931,1,E001623,CTH01,TL,
E000591,Hà Khắc Minh,M,1990-05-10,2021-06-01,,Active,01CN000038,MJ011M,Band 5,1CN00128,1,E001747,KHO01,TL,
E000592,Bùi Kim Hạnh,F,1989-06-23,2021-06-01,2022-12-01,Terminated,01CN000083,M00108,Band 4,1CN00833,0,E001726,HCM12,RM,
E000593,Vương Bảo Nga,F,2001-06-24,2021-06-01,,Active,01CN000048,MJ163S,Band 4,1CN00852,0,E000682,HCM01,RM,
E000594,Tô Việt Trí,M,1977-03-26,2021-06-01,,Active,01QT000008,BC023S,Band 3,1QT00018,0,,HSC01,BO,
E000595,Dương Tuyết Hồng,F,1986-11-17,2021-07-01,2022-07-01,Terminated,01CN000040,BA013M,Band 6,1CN00769,1,E001676,HCM17,HH,
E000596,Lâm Mạnh Tài,M,1996-04-23,2021-07-01,2024-10-01,Terminated,01CN000041,MK061C,Band 2,1CN00406,0,E000514,HNO17,ARM,
E000597,Phạm Mai Ly,F,1980-02-09,2021-07-01,,Active,01CN000072,AA052C,K,1CN01124,0,,HNO65,BO,
E000598,Phan Thuỳ Tuyết,F,1976-08-22,2021-07-01,,Active,01CN000065,MJ162E,Band 5,1CN00369,0,E001717,HCM01,RM,
E000599,Vương Kim Quyên,F,1986-06-21,2021-07-01,2022-03-01,Terminated,01QT000008,BC022S,Band 4,1QT00104,0,,HSC01,BO,
E000600,Dương Thị Giang,F,1990-04-21,2021-07-01,2024-03-01,Terminated,01CN000003,MJ008C,Band 2,1CN00063,0,E000431,DAN03,BO,
E000601,Đỗ Hồng Hà,F,1971-06-04,2021-07-01,,Active,01CN000010,MK015S,Band 3,1CN00309,0,E001222,TDU01,ARM,
E000602,Chu Tuyết Khuê,F,1987-12-16,2021-07-01,,Active,01QT000022,VE001S,Band 4,1QT00079,0,E000180,HSC01,BO,
E000603,Vũ Tất Nguyên,M,1989-08-17,2021-07-01,2021-11-01,Terminated,01CN000070,MJ029S,Band 4,1CN01050,0,E000250,BNI01,RM,
E000604,Kiều Diệu Diệp,F,1991-11-10,2021-07-01,2021-09-01,Terminated,01CN000080,M00108,Band 4,1CN00763,0,E000879,HNO02,RM,
E000605,Hà Thế Lộc,M,1970-04-04,2021-07-01,2023-12-01,Terminated,01CN000006,BA013M,Band 6,1CN00405,1,E000971,HNO52,HH,
E000606,Mai Thanh Tài,M,1977-12-12,2021-07-01,2022-12-01,Terminated,01CN000044,MK015S,Band 3,1CN00985,0,E001078,QNI01,ARM,
E000607,Bùi Thu Oanh,F,1987-01-26,2021-07-01,2022-06-01,Terminated,01CN000085,M00108,Band 4,1CN00605,0,E001561,HNO44,RM,
E000608,Huỳnh Tất Vũ,M,1972-12-28,2021-07-01,,Active,01CN000040,MJ010S,Band 4,1CN01339,0,E000014,HCM17,BO,
E000609,Huỳnh Ngọc Tâm,F,1994-02-22,2021-07-01,,Active,01CN000042,MK091S,Band 3,1CN01186,0,E001615,HNO01,ARM,
E000610,Hoàng Phương Vy,F,1989-10-23,2021-07-01,,Active,01CN000020,MJ008C,Band 2,1CN00827,0,E000058,HPH01,BO,
E000611,Lý Hạnh,F,1996-07-17,2021-07-01,,Active,01CN000012,MJ028S,Band 3,1CN00672,0,E000108,HNO59,BO,
E000612,Kiều Khắc Hiếu,M,1985-09-18,2021-08-01,,Active,01QT000010,AA052C,K,1QT00158,0,E000915,HSC01,BO,
E000613,Vũ Diệu Trang,F,1985-02-26,2021-08-01,2022-07-01,Terminated,01CN000080,MK061C,Band 2,1CN01220,0,E001610,HNO02,ARM,
E000614,Lương Diệu Hiền,F,1994-07-22,2021-08-01,2025-09-01,Terminated,01CN000033,AA052C,K,1CN00816,0,E001658,HNO01,BO,
E000615,Dương Bảo Phương,F,2000-11-14,2021-08-01,,Active,01CN000060,M00110,Band 2,1CN00187,0,E001653,HCM32,RM,
E000616,Bùi Hà,F,1972-12-26,2021-08-01,2024-03-01,Terminated,01CN000025,MM020D,Band 8,1CN00321,1,E001061,HSC01,BO,
E000617,Cao Công Long,M,1984-01-14,2021-08-01,2025-05-01,Terminated,01CN000078,MK031C,Band 2,1CN00723,0,E001082,HSC01,BO,
E000618,Lương Thị Giang,F,2001-01-14,2021-08-01,,Active,01QT000024,FA044S,Band 3,1QT00035,0,E000517,HSC01,BO,
E000619,Vương Xuân Ngọc,F,1993-12-08,2021-08-01,2021-12-01,Terminated,01CN000053,MJ026M,Band 6,1CN00110,1,E000843,HCM01,TL,
E000620,Vũ Yến,F,1973-01-19,2021-08-01,2022-07-01,Terminated,01CN000067,BA013M,Band 6,1CN01319,1,E000013,HCM19,HH,
E000621,Dương Thế Vũ,M,1991-12-23,2021-08-01,,Active,01QT000023,FA022M,Band 6,1QT00141,1,E000809,HSC01,BO,
E000622,Võ Kiều Vân,F,1994-06-01,2021-08-01,2024-01-01,Terminated,01CN000087,MH037M,Band 6,1CN00713,1,E001818,HSC01,BO,
E000623,Mai Mạnh Nguyên,M,1999-01-02,2021-08-01,,Active,01CN000057,MM016D,Band 7,1CN00754,1,E001385,HNO01,HH,
E000624,Mai Yến Trinh,F,2000-04-12,2021-08-01,,Active,01CN000070,M00107,Band 4,1CN00305,1,E000664,BNI01,RM,
E000625,Kiều Khắc Tài,M,1987-09-16,2021-08-01,,Active,01CN000037,M00109,Band 3,1CN00857,0,E001677,HCM01,RM,
E000626,Hoàng Bích Trang,F,1998-11-12,2021-08-01,2022-06-01,Terminated,01QT000008,BC023S,Band 3,1QT00018,0,,HSC01,BO,
E000627,Lương Lan Xuân,F,1984-10-21,2021-08-01,,Active,01CN000001,MJ028S,Band 3,1CN00485,0,E000443,HNO63,BO,
E000628,Lê Văn Thành,M,1991-12-09,2021-08-01,2024-09-01,Terminated,01CN000076,MJ011M,Band 5,1CN00886,1,E001323,HCM04,TL,
E000629,Phạm Việt Đức,M,1991-07-09,2021-09-01,2025-02-01,Terminated,01CN000084,MK046S,Band 4,1CN00777,0,E000364,HSC01,BO,
E000630,Bùi Minh Long,M,1977-05-28,2021-09-01,2021-12-01,Terminated,01CN000022,MJ028S,Band 3,1CN00195,0,E001381,CTH01,BO,
E000631,Vương Tuấn Thắng,M,1973-10-17,2021-09-01,,Active,01CN000033,MK015S,Band 3,1CN00076,0,E000069,HNO01,ARM,
E000632,Võ Hoà,M,1978-06-08,2021-09-01,,Active,01CN000069,MK061C,Band 2,1CN00322,0,E000802,HCM41,ARM,
E000633,Mai Đức Quang,M,1981-08-28,2021-09-01,2025-09-01,Terminated,01CN000012,MK015S,Band 3,1CN00211,0,E000793,HNO59,ARM,
E000634,Đinh Kim Thảo,F,1988-11-19,2021-09-01,,Active,01CN000019,MJ028S,Band 3,1CN00496,0,E000048,HNO39,BO,
E000635,Đoàn Hoàng Quân,M,1986-03-14,2021-09-01,,Active,01CN000083,MJ011M,Band 5,1CN00056,1,E001845,HCM12,TL,
E000636,Đào Hiếu,M,2002-01-08,2021-09-01,2023-12-01,Terminated,01CN000086,MJ004S,Band 3,1CN00384,0,E000733,HSC01,BO,
E000637,Nguyễn Như Huệ,F,2001-05-07,2021-09-01,,Active,01CN000031,MJ043S,Band 4,1CN01200,0,E001533,BRV04,RM,
E000638,Đoàn Gia Phát,M,1987-09-16,2021-09-01,,Active,01CN000059,M00108,Band 4,1CN00773,0,E000639,BRV01,RM,
E000639,Hoàng Thị Tuyết,F,1987-03-02,2021-09-01,,Active,01CN000059,BA013M,Band 6,1CN00027,1,E000948,BRV01,HH,
E000640,Lâm Công Khánh,M,1997-03-25,2021-09-01,,Active,01CN000032,MJ162E,Band 5,1CN00727,0,,HNO01,RM,
E000641,Cao Cảnh,M,1978-04-03,2021-09-01,,Active,01CN000053,MK090S,Band 4,1CN00005,0,E000843,HCM01,ARM,
E000642,Huỳnh Phương Thảo,F,1982-09-09,2021-09-01,,Active,01CN000068,MJ162E,Band 5,1CN00721,0,E000478,HSC01,RM,
E000643,Đoàn Phương Yến,F,1983-06-09,2021-09-01,2023-03-01,Terminated,01CN000039,M00164,Band 5,1CN00694,0,E001025,HSC01,BO,
E000644,Phan Thanh Ngân,F,1997-03-24,2021-09-01,,Active,01CN000053,MK019E,Band 5,1CN00258,0,E000619,HCM01,BO,
E000645,Huỳnh Duyên,F,1979-08-18,2021-09-01,,Active,01CN000022,M00107,Band 4,1CN00280,0,E001367,CTH01,RM,
E000646,Đoàn Yến Loan,F,1970-03-23,2021-10-01,,Active,01CN000064,MH034M,Band 6,1CN00851,1,E000219,HSC01,BO,
E000647,Dương Chi,F,1992-08-08,2021-10-01,2024-11-01,Terminated,01CN000021,MJ162E,Band 5,1CN00869,0,E000904,HCM01,RM,
E000648,Mai Tất Duy,M,1980-02-17,2021-10-01,2024-02-01,Terminated,01CN000033,MJ043S,Band 4,1CN01173,0,E001309,HNO01,RM,
E000649,Nguyễn Minh Cảnh,M,1987-02-08,2021-10-01,2022-10-01,Terminated,01CN000013,MH030E,Band 5,1CN01326,0,E000315,HSC01,BO,
E000650,Tô Như Thanh,F,1998-03-08,2021-10-01,,Active,01CN000033,MK061C,Band 2,1CN00543,0,E001309,HNO01,ARM,
E000651,Mai Bích Kim,F,1975-09-15,2021-10-01,2023-09-01,Terminated,01CN000041,MJ044S,Band 3,1CN01280,0,E000218,HNO17,RM,
E000652,Thái Tuyết Hạnh,F,1993-07-26,2021-10-01,2024-09-01,Terminated,01QT000012,FA034C,Band 2,1QT00001,0,,HSC01,BO,
E000653,Huỳnh Thuỳ Lan,F,2001-09-07,2021-10-01,,Active,01QT000016,FA040C,Band 2,1QT00054,0,E000885,HSC01,BO,
E000654,Đinh Thu Yến,F,1989-01-24,2021-10-01,,Active,01CN000033,MJ043S,Band 4,1CN01173,0,E001658,HNO01,RM,
E000655,Dương Khánh Yến,F,1990-07-18,2021-10-01,,Active,01CN000057,MK001T,Band 4,1CN00783,0,E000301,HNO01,ARM,
E000656,Lý Hoài Loan,F,1987-01-02,2021-10-01,,Active,01CN000003,MJ010S,Band 4,1CN01206,0,E001800,DAN03,BO,
E000657,Cao Gia Nguyên,M,1992-12-24,2021-10-01,,Active,01CN000024,MK015S,Band 3,1CN01246,0,E000795,HNO49,ARM,
E000658,Mai Bích Trinh,F,1974-10-02,2021-10-01,,Active,01CN000076,MK015S,Band 3,1CN01219,0,E001323,HCM04,ARM,
E000659,Chu Diệu Vân,F,1970-05-26,2021-10-01,,Active,01CN000038,M00107,Band 4,1CN01045,0,E001747,KHO01,RM,
E000660,Đinh Hải Thảo,F,2002-03-10,2021-10-01,2024-08-01,Terminated,01QT000002,AA052C,K,1QT00085,0,E000968,HSC01,BO,
E000661,Chu Khang,M,1995-05-10,2021-10-01,2022-09-01,Terminated,01QT000006,PB069S,Band 4,1QT00029,0,E001762,HSC01,BO,
E000662,Lương Gia An,M,1990-03-15,2021-10-01,,Active,01CN000027,M00107,Band 4,1CN00593,0,E001029,HPH07,RM,
E000663,Hồ Thanh Phong,M,2002-06-04,2021-11-01,,Active,01CN000024,AA052C,K,1CN00150,0,E000791,HNO49,BO,
E000664,Đoàn Hải Duyên,F,1979-05-22,2021-11-01,2022-11-01,Terminated,01CN000070,BA013M,Band 6,1CN00060,1,E000624,BNI01,HH,
E000665,Võ Bích Khuê,F,1982-10-02,2021-11-01,,Active,01QT000003,FC035C,Band 2,1QT00063,0,E001499,HSC01,BO,
E000666,Dương Thanh Nhi,F,1999-03-07,2021-11-01,,Active,01CN000057,MJ017E,Band 4,1CN01038,0,E001255,HNO01,RM,
E000667,Lê Tất Quang,M,1978-11-27,2021-11-01,2023-05-01,Terminated,01CN000059,M00107,Band 4,1CN00744,0,E000454,BRV01,RM,
E000668,Hoàng Quang Duy,M,1995-11-25,2021-11-01,2022-03-01,Terminated,01CN000069,BA013M,Band 6,1CN01114,1,E001693,HCM41,HH,
E000669,Nguyễn Mạnh Đạt,M,1977-09-20,2021-11-01,,Active,01CN000079,BA013M,Band 6,1CN00295,1,E001703,BDU01,HH,
E000670,Nguyễn Mạnh Việt,M,1982-05-21,2021-11-01,2025-08-01,Terminated,01CN000037,MK014S,Band 4,1CN00377,0,E000962,HCM01,ARM,
E000671,Vũ Xuân Tuyết,F,1980-07-15,2021-11-01,2025-08-01,Terminated,01QT000015,FC009M,Band 6,1QT00051,1,E001114,HSC01,BO,
E000672,Hoàng Hà Hồng,F,1985-12-05,2021-11-01,,Active,01CN000031,MJ028S,Band 3,1CN00791,0,E001533,BRV04,BO,
E000673,Trịnh Tất Toàn,M,1977-02-25,2021-11-01,,Active,01CN000022,MJ028S,Band 3,1CN00195,0,E001402,CTH01,BO,
E000674,Phan Tuấn Nam,M,1991-12-16,2021-11-01,2024-12-01,Terminated,01CN000020,BA013M,Band 6,1CN00199,1,E000058,HPH01,HH,
E000675,Trịnh Hà Hằng,F,1982-04-09,2021-11-01,,Active,01CN000057,MJ016E,Band 5,1CN00511,0,E001476,HCM01,RM,
E000676,Cao Đức Trường,M,1986-11-13,2021-11-01,,Active,01CN000003,MJ008C,Band 2,1CN00063,0,E001800,DAN03,BO,
E000677,Vũ Thanh Anh,F,1996-12-24,2021-11-01,,Active,01CN000013,MH030S,Band 4,1CN00023,0,E001062,HSC01,BO,
E000678,Hà Hải Nhi,F,2002-05-06,2021-11-01,,Active,01CN000044,MJ008C,Band 2,1CN00420,0,E000289,QNI01,BO,
E000679,Lê Hằng,F,1971-03-17,2021-11-01,,Active,01CN000009,MJ161E,Band 5,1CN00964,0,E001256,HCM01,RM,
E000680,Trịnh Diệu Chi,F,1979-06-03,2021-11-01,2024-10-01,Terminated,01CN000040,MJ011S,Band 4,1CN00734,0,E000595,HCM17,BO,
E000681,Tô Khắc Việt,M,1978-05-05,2021-12-01,,Active,01CN000077,M00394,Band 7,1CN00330,1,E000319,HSC01,BO,
E000682,Đinh Như Lan,F,1975-09-21,2021-12-01,2022-12-01,Terminated,01CN000048,MJ026M,Band 6,1CN00293,1,E001568,HCM01,TL,
E000683,Dương Hải Thảo,F,2001-08-26,2021-12-01,,Active,01CN000041,MJ043S,Band 4,1CN00096,0,E000026,HNO17,RM,
E000684,Lâm Hải Anh,F,1997-03-04,2021-12-01,,Active,01CN000003,MJ011M,Band 5,1CN01379,1,E000930,DAN03,TL,
E000685,Đặng Mai Dung,F,1979-04-27,2021-12-01,,Active,01CN000072,AA052C,K,1CN01124,0,,HNO65,BO,
E000686,Hoàng Khắc Phong,M,1994-05-12,2021-12-01,,Active,01CN000069,AA052C,K,1CN01346,0,E001693,HCM41,BO,
E000687,Ngô Xuân Phương,F,1995-10-13,2021-12-01,,Active,01CN000061,MK061C,Band 2,1CN00421,0,E001673,HCM29,ARM,
E000688,Huỳnh Hải Nhi,F,1992-04-26,2021-12-01,2025-08-01,Terminated,01CN000069,MJ010S,Band 4,1CN00066,0,E001693,HCM41,BO,
E000689,Đinh Phương,F,2002-11-14,2021-12-01,,Active,01CN000068,MJ030M,Band 7,1CN00602,1,E000826,HSC01,HH,
E000690,Huỳnh Anh Minh,M,1991-01-27,2021-12-01,,Active,01QT000023,FA027C,Band 2,1QT00111,0,E001678,HSC01,BO,
E000691,Chu Hoa,F,1988-04-22,2021-12-01,,Active,01CN000027,MJ011S,Band 4,1CN01113,0,E001357,HPH07,BO,
E000692,Phạm Việt Quang,M,1983-09-18,2021-12-01,2022-03-01,Terminated,01QT000018,MM008C,Band 2,1QT00002,0,E000758,HSC02,BO,
E000693,Cao Hà Nhung,F,1984-08-06,2021-12-01,2023-01-01,Terminated,01CN000027,MJ029S,Band 4,1CN00784,0,E001357,HPH07,RM,
E000694,Vũ Công Tân,M,1996-08-16,2021-12-01,2022-08-01,Terminated,01CN000053,MJ162E,Band 5,1CN00866,0,E000619,HCM01,RM,
E000695,Vũ Diệu Vy,F,1985-12-22,2021-12-01,,Active,01CN000034,MJ044S,Band 3,1CN00804,0,E000307,HNO11,RM,
E000696,Lý Phương Chi,F,1994-08-03,2021-12-01,,Active,01CN000076,MJ028S,Band 3,1CN00428,0,E000628,HCM04,BO,
E000697,Lý Trung Vũ,M,1999-05-10,2021-12-01,2023-01-01,Terminated,01CN000023,MJ029S,Band 4,1CN01171,0,E001368,DAN01,RM,
E000698,Cao Đình Quân,M,2000-02-12,2021-12-01,2024-11-01,Terminated,01QT000006,PB070S,Band 3,1QT00144,0,E001219,HSC01,BO,
E000699,Đinh Công Huy,M,1987-10-16,2022-01-01,,Active,01QT000017,FA069C,Band 2,1QT00075,0,E000346,HSC01,BO,
E000700,Lê Thế Hoà,M,1974-10-08,2022-01-01,2024-09-01,Terminated,01CN000071,MJ162E,Band 5,1CN00311,0,E001720,QNI01,RM,
E000701,Phan Bá Đức,M,1999-02-13,2022-01-01,,Active,01CN000002,M00110,Band 2,1CN00202,0,E001684,HCM48,RM,
E000702,Lý Bá Quân,M,1990-09-17,2022-01-01,,Active,01CN000017,MJ162E,Band 5,1CN00658,0,E000551,HNO01,RM,
E000703,Phan Thị Thanh,F,1983-07-07,2022-01-01,2025-08-01,Terminated,01CN000057,MJ014M,Band 6,1CN00475,1,E000913,HNO01,TL,
E000704,Tô Yến Linh,F,1979-03-19,2022-01-01,2022-05-01,Terminated,01QT000008,BC022S,Band 4,1QT00104,0,,HSC01,BO,
E000705,Chu Mai Diệp,F,1972-12-22,2022-01-01,2022-05-01,Terminated,01CN000037,MJ155E,Band 5,1CN01233,0,E001817,HCM01,RM,
E000706,Lương Diệu Thuỷ,F,1982-09-27,2022-01-01,,Active,01CN000034,M00108,Band 4,1CN00790,0,E000322,HNO11,RM,
E000707,Ngô Quỳnh Chi,F,1990-06-09,2022-01-01,,Active,01CN000023,MJ011M,Band 5,1CN01093,1,E001284,DAN01,TL,
E000708,Huỳnh Tất Đức,M,1984-08-21,2022-01-01,,Active,01CN000048,MK090S,Band 4,1CN00104,0,E000682,HCM01,ARM,
E000709,Trịnh Hoài Ngọc,F,2003-07-11,2022-01-01,2022-09-01,Terminated,01CN000044,MJ043S,Band 4,1CN00933,0,E001078,QNI01,RM,
E000710,Đỗ Loan,F,1986-02-05,2022-01-01,2022-02-01,Terminated,01QT000011,FC008M,Band 7,1QT00142,1,E001327,HSC01,BO,
E000711,Chu Việt Minh,M,1992-03-26,2022-01-01,2022-05-01,Terminated,01CN000080,MJ043S,Band 4,1CN00461,0,E001610,HNO02,RM,
E000712,Vũ Việt Phong,M,1978-07-20,2022-01-01,,Active,01CN000027,M00109,Band 3,1CN00896,0,E001357,HPH07,RM,
E000713,Nguyễn Bảo Trâm,F,2001-04-22,2022-01-01,,Active,01CN000050,MJ162E,Band 5,1CN00772,0,,HNO01,RM,
E000714,Phạm Hữu Phát,M,1994-06-17,2022-01-01,,Active,01CN000079,MJ028S,Band 3,1CN00315,0,E000669,BDU01,BO,
E000715,Tô Uyên,F,1977-07-25,2022-01-01,2022-08-01,Terminated,01CN000087,MH033E,Band 5,1CN00600,0,E001818,HSC01,BO,
E000716,Thái Bá Lộc,M,1985-02-02,2022-01-01,,Active,01CN000057,MJ016E,Band 5,1CN00164,0,E001255,HCM01,RM,
E000717,Hoàng Chí Phong,M,1997-12-26,2022-02-01,2022-07-01,Terminated,01CN000027,MJ028S,Band 3,1CN01172,0,E001029,HPH07,BO,
E000718,Thái Khắc Bình,M,1986-01-06,2022-02-01,2023-02-01,Terminated,01CN000010,M00108,Band 4,1CN00943,0,E000101,TDU01,RM,
E000719,Chu Kim Lệ,F,1976-08-14,2022-02-01,2022-05-01,Terminated,01CN000083,AA052C,K,1CN01301,0,E001094,HCM12,BO,
E000720,Đỗ Mai Hoa,F,1980-10-24,2022-02-01,,Active,01CN000010,MJ011S,Band 4,1CN00565,0,E000559,TDU01,BO,
E000721,Chu Thị Nhi,F,1994-08-14,2022-02-01,2023-10-01,Terminated,01QT000001,FA007M,Band 7,1QT00049,1,E001129,HSC01,BO,
E000722,Kiều Hữu Khang,M,1991-08-08,2022-02-01,,Active,01CN000060,MJ010S,Band 4,1CN00410,0,E000959,HCM32,BO,
E000723,Trần Lan Mai,F,1991-04-03,2022-02-01,,Active,01CN000040,MJ029S,Band 4,1CN00480,0,E000595,HCM17,RM,
E000724,Lý Xuân Khoa,M,1978-07-17,2022-02-01,2022-06-01,Terminated,01QT000024,FA008S,Band 4,1QT00184,0,E000735,HSC01,BO,
E000725,Ngô Đình Tuấn,M,1991-11-17,2022-02-01,,Active,01CN000067,MJ008C,Band 2,1CN00415,0,E000473,HCM19,BO,
E000726,Đoàn Minh Ngọc,F,1990-10-03,2022-02-01,,Active,01QT000003,FC033S,Band 4,1QT00033,0,E000245,HSC01,BO,
E000727,Trịnh Đức Cường,M,1993-06-16,2022-02-01,,Active,01CN000041,MJ011M,Band 5,1CN00245,1,E000218,HNO17,TL,
E000728,Bùi Gia Vinh,M,2002-01-03,2022-02-01,,Active,01CN000059,M00108,Band 4,1CN00773,0,E001092,BRV01,RM,
E000729,Hà Hoàng Trung,M,1998-08-23,2022-02-01,,Active,01CN000068,MK092C,Band 2,1CN00292,0,E000314,HSC01,ARM,
E000730,Võ Xuân Lan,F,2002-10-10,2022-02-01,,Active,01CN000072,MK061C,Band 2,1CN00648,0,,HNO65,ARM,
E000731,Trịnh Thế Vinh,M,2001-08-19,2022-02-01,2025-10-01,Terminated,01CN000085,MJ029S,Band 4,1CN01189,0,E001561,HNO44,RM,
E000732,Bùi Thị Hoa,F,1981-05-06,2022-02-01,2025-12-01,Terminated,01CN000010,MJ011M,Band 5,1CN00508,1,E000101,TDU01,TL,
E000733,Ngô Trung Lộc,M,2002-01-26,2022-02-01,,Active,01CN000086,MJ111M,Band 7,1CN00367,1,E000164,HSC01,BO,
E000734,Nguyễn Diệu Bích,F,1996-12-22,2022-02-01,,Active,01CN000078,AA052C,K,1CN00591,0,E001689,HSC01,BO,
E000735,Cao Yến Giang,F,1985-10-14,2022-02-01,,Active,01QT000024,FA010M,Band 6,1QT00162,1,E001178,HSC01,BO,
E000736,Đặng Ngọc Khuê,F,1974-12-19,2022-03-01,2023-09-01,Terminated,01CN000023,MK061C,Band 2,1CN01214,0,E000707,DAN01,ARM,
E000737,Đoàn Minh Cảnh,M,1984-04-12,2022-03-01,,Active,01QT000017,FA020S,Band 4,1QT00012,0,E000346,HSC01,BO,
E000738,Đoàn Như My,F,2001-07-03,2022-03-01,2024-08-01,Terminated,01CN000006,M00107,Band 4,1CN00334,0,E001586,HNO52,RM,
E000739,Lâm Mai Ánh,F,1985-05-11,2022-03-01,,Active,01CN000031,MJ010S,Band 4,1CN00691,0,E001578,BRV04,BO,
E000740,Dương Bích Hạnh,F,1974-07-08,2022-03-01,,Active,01CN000068,MJ162E,Band 5,1CN00551,0,E001317,HSC01,RM,
E000741,Võ Duy Vũ,M,1984-04-02,2022-03-01,2023-11-01,Terminated,01CN000079,M00109,Band 3,1CN01341,0,E001282,BDU01,RM,
E000742,Ngô Bảo Ngọc,F,2002-11-28,2022-03-01,,Active,01CN000039,M00167,Band 2,1CN00481,0,E001025,HSC01,BO,
E000743,Trịnh Phương Ngân,F,1975-12-12,2022-03-01,,Active,01CN000057,MJ017E,Band 4,1CN00753,0,E000866,HNO01,RM,
E000744,Lâm Nam,M,2000-09-11,2022-03-01,2023-03-01,Terminated,01CN000004,MK058S,Band 3,1CN00834,0,E001844,HSC01,BO,
E000745,Vương Hoài Chi,F,2003-04-02,2022-03-01,2024-04-01,Terminated,01QT000013,FA011S,Band 3,1QT00067,0,E000898,HSC01,BO,
E000746,Trần Quỳnh Tuyết,F,1978-06-01,2022-03-01,,Active,01CN000023,MJ044S,Band 3,1CN00167,0,E001284,DAN01,RM,
E000747,Huỳnh Mạnh Toàn,M,1978-11-16,2022-03-01,,Active,01CN000031,MJ028S,Band 3,1CN00791,0,E001427,BRV04,BO,
E000748,Hà Đức Hoà,M,1987-12-28,2022-03-01,2022-12-01,Terminated,01CN000057,M00390,Band 5,1CN00809,0,E001389,HSC01,BO,
E000749,Thái Tuyết Uyên,F,1983-02-16,2022-03-01,,Active,01CN000024,MJ028S,Band 3,1CN00688,0,E000791,HNO49,BO,
E000750,Cao Duy Thắng,M,1991-08-04,2022-03-01,,Active,01CN000074,M00108,Band 4,1CN00808,0,E001103,HCM40,RM,
E000751,Thái Chi,F,1988-11-22,2022-03-01,2022-08-01,Terminated,01CN000028,MJ009M,Band 8,1CN00927,1,E001766,HNO01,HH,
E000752,Lương Thu Lệ,F,1991-07-03,2022-03-01,2024-07-01,Terminated,01CN000029,MK092C,Band 2,1CN00234,0,E001457,HCM01,ARM,
E000753,Võ Trung,M,1983-08-17,2022-03-01,2025-09-01,Terminated,01CN000015,MK001C,Band 2,1CN00188,0,E001464,HSC01,BO,
E000754,Thái Kim Hằng,F,2002-04-25,2022-03-01,,Active,01QT000010,M00388,Band 2,1QT00088,0,E001305,HSC01,BO,
E000755,Bùi Minh Hồng,F,1970-09-14,2022-04-01,,Active,01CN000008,MJ001E,Band 5,1CN01131,0,E001338,HCM29,RM,
E000756,Bùi Công Sơn,M,1983-07-18,2022-04-01,,Active,01CN000004,QA004C,Band 2,1CN00021,0,E000906,HSC01,BO,
E000757,Đỗ Chí Toàn,M,1990-05-02,2022-04-01,,Active,01CN000002,MJ010S,Band 4,1CN00235,0,E001235,HCM48,BO,
E000758,Vương Anh Long,M,1993-10-23,2022-04-01,,Active,01QT000018,FE001D,Band 9,1QT00045,1,E001020,HSC01,BO,
E000759,Mai Thanh Vân,F,1971-09-03,2022-04-01,2022-07-01,Terminated,01CN000001,MJ028S,Band 3,1CN00485,0,E000003,HNO63,BO,
E000760,Trần Minh An,M,1992-03-26,2022-04-01,,Active,01CN000003,MJ044S,Band 3,1CN01017,0,E000930,DAN03,RM,
E000761,Đào Tất Hải,M,1995-12-18,2022-04-01,2024-06-01,Terminated,01CN000069,MJ010S,Band 4,1CN00066,0,E001693,HCM41,BO,
E000762,Võ Tuấn Tiến,M,1992-08-24,2022-04-01,2022-07-01,Terminated,01CN000057,MJ014M,Band 6,1CN01288,1,E001255,HNO01,TL,
E000763,Hà Công Kiên,M,1994-02-07,2022-04-01,2023-04-01,Terminated,01CN000076,MJ029S,Band 4,1CN00347,0,E000139,HCM04,RM,
E000764,Mai Huệ,F,1986-01-01,2022-04-01,,Active,01CN000084,MK003E,Band 5,1CN00845,0,E000364,HSC01,BO,
E000765,Trịnh Quỳnh Lệ,F,1979-04-09,2022-04-01,,Active,01CN000073,MK061C,Band 2,1CN01025,0,E001729,HNO34,ARM,
E000766,Lương Như Trinh,F,1988-08-10,2022-04-01,,Active,01CN000029,MJ163S,Band 4,1CN00424,0,E001457,HCM01,RM,
E000767,Đào Gia Nghĩa,M,1995-04-24,2022-04-01,2025-10-01,Terminated,01CN000027,MJ043S,Band 4,1CN00224,0,E001357,HPH07,RM,
E000768,Lý Lan Thảo,F,1977-07-06,2022-04-01,2023-11-01,Terminated,01CN000009,MK090S,Band 4,1CN00193,0,E000539,HCM01,ARM,
E000769,Nguyễn Ngân,F,1986-02-12,2022-04-01,2023-08-01,Terminated,01QT000010,M00386,Band 4,1QT00166,0,E000940,HSC01,BO,
E000770,Dương Thị Trang,F,2001-10-26,2022-04-01,,Active,01CN000042,MJ162E,Band 5,1CN00613,0,E001296,HNO01,RM,
E000771,Võ Châu,F,1983-10-27,2022-04-01,2022-07-01,Terminated,01CN000072,M00108,Band 4,1CN00695,0,,HNO65,RM,
E000772,Cao Trung An,M,2000-10-06,2022-04-01,2023-01-01,Terminated,01CN000060,MJ010S,Band 4,1CN00410,0,E000824,HCM32,BO,
E000773,Thái Trọng Phong,M,1984-02-15,2022-04-01,,Active,01CN000004,QA015S,Band 4,1CN00722,0,E001844,HSC01,BO,
E000774,Võ Khánh Hằng,F,1980-06-17,2022-05-01,,Active,01CN000079,MJ043S,Band 4,1CN00283,0,E000669,BDU01,RM,
E000775,Kiều Xuân Vinh,M,1973-01-10,2022-05-01,,Active,01CN000069,MJ028S,Band 3,1CN01381,0,E001693,HCM41,BO,
E000776,Đỗ Hằng,F,1987-06-14,2022-05-01,,Active,01CN000068,MJ161E,Band 5,1CN00686,0,E000478,HSC01,RM,
E000777,Lâm Hồng Diệp,F,2003-05-01,2022-05-01,,Active,01CN000084,MK003E,Band 5,1CN00566,0,E000364,HSC02,BO,
E000778,Đặng Vân,F,1986-02-21,2022-05-01,,Active,01CN000057,MJ017E,Band 4,1CN01199,0,E000762,DNA01,RM,
E000779,Dương Nhật Hoà,M,1999-12-23,2022-05-01,,Active,01CN000022,MJ043S,Band 4,1CN00046,0,E001402,CTH01,RM,
E000780,Lương Mai Hương,F,1997-07-23,2022-05-01,,Active,01QT000005,FC012M,Band 5,1QT00138,1,E000873,HSC01,BO,
E000781,Võ Nhật Khánh,M,1975-06-12,2022-05-01,2024-10-01,Terminated,01CN000068,MJ163S,Band 4,1CN00348,0,E000314,HSC01,RM,
E000782,Lý Quỳnh Ly,F,1983-01-22,2022-05-01,2023-05-01,Terminated,01QT000008,M00389,Band 5,1QT00146,0,,HSC01,BO,
E000783,Mai Hoàng Kiên,M,1997-07-01,2022-05-01,,Active,01QT000003,M00359,Band 5,1QT00118,0,E001499,HSC01,BO,
E000784,Thái Công Thành,M,1983-01-16,2022-05-01,,Active,01CN000044,MK015S,Band 3,1CN00985,0,E001078,QNI01,ARM,
E000785,Thái Thị Hương,F,1994-07-22,2022-05-01,,Active,01CN000072,M00108,Band 4,1CN00695,0,,HNO65,RM,
E000786,Bùi Thanh Nhi,F,1999-12-16,2022-05-01,2025-06-01,Terminated,01CN000083,M00110,Band 2,1CN00080,0,E000635,HCM12,RM,
E000787,Bùi Kiều Ngọc,F,1985-12-08,2022-05-01,2025-06-01,Terminated,01CN000019,M00107,Band 4,1CN00181,0,E001183,HNO39,RM,
E000788,Nguyễn Phương Diệp,F,1983-08-07,2022-05-01,2022-12-01,Terminated,01QT000005,FC014M,Band 5,1QT00048,1,E001639,HSC01,BO,
E000789,Cao Gia Nam,M,1974-09-20,2022-05-01,2022-12-01,Terminated,01CN000024,M00107,Band 4,1CN01289,0,E000795,HNO49,RM,
E000790,Kiều Bảo Oanh,F,1995-01-06,2022-05-01,,Active,01CN000024,MJ008C,Band 2,1CN00526,0,E000136,HNO49,BO,
E000791,Vương Quỳnh Lan,F,1995-05-25,2022-05-01,,Active,01CN000024,BA013M,Band 6,1CN00800,1,E000795,HNO49,HH,
E000792,Bùi Thuỳ Thu,F,1972-02-11,2022-05-01,2023-12-01,Terminated,01CN000037,M00107,Band 4,1CN01293,0,E000962,HCM01,RM,
E000793,Vương Trọng Khánh,M,1972-07-18,2022-06-01,2023-06-01,Terminated,01CN000012,BA013M,Band 6,1CN00154,1,E000074,HNO59,HH,
E000794,Huỳnh Khánh,M,1971-08-14,2022-06-01,2023-02-01,Terminated,01CN000029,MJ163S,Band 4,1CN00424,0,E000800,HCM01,RM,
E000795,Lâm Thu Nhung,F,1993-06-15,2022-06-01,,Active,01CN000024,BA013M,Band 6,1CN00800,1,E000136,HNO49,HH,
E000796,Chu Hoàng Thành,M,1980-06-25,2022-06-01,,Active,01CN000006,M00109,Band 3,1CN00868,0,E000971,HNO52,RM,
E000797,Huỳnh Khắc Cảnh,M,1981-06-28,2022-06-01,2025-05-01,Terminated,01CN000037,M00107,Band 4,1CN01293,0,E000962,HCM01,RM,
E000798,Cao Thanh Ngân,F,1970-12-18,2022-06-01,2024-10-01,Terminated,01QT000023,FA026S,Band 3,1QT00019,0,E000621,HSC01,BO,
E000799,Phạm Bá Bảo,M,1977-10-18,2022-06-01,2023-12-01,Terminated,01QT000018,FE003D,Band 8,1QT00101,1,E000758,HSC01,BO,
E000800,Đặng Phương Tâm,F,1973-02-07,2022-06-01,2024-06-01,Terminated,01CN000029,MJ026M,Band 6,1CN00516,1,E001457,HCM01,TL,
E000801,Đỗ Như Dung,F,1974-06-14,2022-06-01,,Active,01CN000061,MJ155E,Band 5,1CN00678,0,E000263,HCM29,RM,
E000802,Huỳnh Nhật Đức,M,1989-12-11,2022-06-01,2025-04-01,Terminated,01CN000069,BA013M,Band 6,1CN01114,1,E001693,HCM41,HH,
E000803,Mai Minh Đạt,M,1986-01-01,2022-06-01,,Active,01CN000069,MJ043S,Band 4,1CN00849,0,E001693,HCM41,RM,
E000804,Thái Phương Châu,F,1982-07-15,2022-06-01,2025-11-01,Terminated,01QT000018,MM008C,Band 2,1QT00150,0,E000929,HSC01,BO,
E000805,Phan Thu Phương,F,2003-08-18,2022-06-01,2025-02-01,Terminated,01CN000022,M00107,Band 4,1CN00280,0,E001367,CTH01,RM,
E000806,Trần Hải Bích,F,1985-08-04,2022-06-01,,Active,01CN000031,MJ008C,Band 2,1CN01286,0,E000880,BRV04,BO,
E000807,Mai Thanh Hạnh,F,1988-07-13,2022-06-01,,Active,01CN000023,MJ044S,Band 3,1CN00167,0,E001368,DAN01,RM,
E000808,Nguyễn Chi,F,1981-10-14,2022-06-01,2023-12-01,Terminated,01CN000042,MJ163S,Band 4,1CN00006,0,E000122,HNO01,RM,
E000809,Võ Bích Thảo,F,1996-05-28,2022-06-01,2023-03-01,Terminated,01QT000023,FA023T,Band 4,1QT00136,1,E000621,HSC01,BO,
E000810,Trịnh Kiều Trâm,F,1989-06-10,2022-06-01,,Active,01CN000012,MJ044S,Band 3,1CN00581,0,E000108,HNO59,RM,
E000811,Đào Cảnh,M,1971-07-09,2022-06-01,,Active,01CN000084,MK003E,Band 5,1CN00845,0,E001799,HSC01,BO,
E000812,Võ Tuấn Bình,M,1973-02-13,2022-06-01,,Active,01CN000003,M00109,Band 3,1CN00349,0,E001769,DAN03,RM,
E000813,Cao Phương Vân,F,1988-05-06,2022-07-01,2024-01-01,Terminated,01CN000015,MK089S,Band 3,1CN00706,0,E001464,HSC01,BO,
E000814,Hà Thuỳ Vy,F,2003-12-09,2022-07-01,,Active,01CN000006,M00108,Band 4,1CN00275,0,E001586,HNO52,RM,
E000815,Dương Thế Quang,M,1999-11-15,2022-07-01,,Active,01CN000059,MJ011S,Band 4,1CN00615,0,E000948,BRV01,BO,
E000816,Lê Văn Dũng,M,2002-06-15,2022-07-01,,Active,01QT000012,FA009M,Band 5,1QT00157,0,,HSC01,BO,
E000817,Đỗ Bích Thuỷ,F,1989-11-20,2022-07-01,,Active,01CN000061,MJ010S,Band 4,1CN00552,0,E001829,HCM29,BO,
E000818,Trịnh Thu,F,1978-11-01,2022-07-01,2024-05-01,Terminated,01CN000017,MK092C,Band 2,1CN01209,0,E001668,HNO01,ARM,
E000819,Ngô Minh Phương,F,1998-11-03,2022-07-01,2025-08-01,Terminated,01CN000062,AA052C,K,1CN00218,0,E001871,HNO17,BO,
E000820,Thái Bích Kim,F,1999-06-14,2022-07-01,2023-07-01,Terminated,01CN000008,MJ018S,Band 4,1CN01123,0,E001550,HCM29,RM,
E000821,Kiều Bá Dũng,M,1985-04-02,2022-07-01,,Active,01QT000009,FC010C,Band 2,1QT00164,0,E000227,HSC01,BO,
E000822,Lương Khánh Lan,F,1998-10-14,2022-07-01,2023-07-01,Terminated,01QT000017,FA039S,Band 3,1QT00105,0,E000346,HSC01,BO,
E000823,Nguyễn Diệu Trinh,F,2000-08-28,2022-07-01,,Active,01CN000076,MJ043S,Band 4,1CN00205,0,E001323,HCM04,RM,
E000824,Lê Chí Phát,M,1985-08-03,2022-07-01,,Active,01CN000060,MJ011M,Band 5,1CN00084,1,E001186,HCM32,TL,
E000825,Hoàng Hà,F,1973-01-20,2022-07-01,2025-10-01,Terminated,01CN000059,M00108,Band 4,1CN00773,0,E001613,BRV01,RM,
E000826,Vương Xuân Huệ,F,1975-08-12,2022-07-01,,Active,01CN000068,MJ026M,Band 5,1CN01217,1,E000371,HSC01,TL,
E000827,Dương Minh Nguyên,M,1977-02-11,2022-07-01,2025-09-01,Terminated,01CN000039,M00167,Band 2,1CN00481,0,E001025,HSC01,BO,
E000828,Trần Như Hạnh,F,1990-06-24,2022-07-01,,Active,01CN000059,M00107,Band 4,1CN00744,0,E000454,BRV01,RM,
E000829,Bùi Lan My,F,1976-05-15,2022-07-01,2023-08-01,Terminated,01QT000005,FC014S,Band 3,1QT00007,0,E001378,HSC01,BO,
E000830,Vũ Trung Trí,M,1981-12-05,2022-07-01,2024-03-01,Terminated,01CN000023,MJ028S,Band 3,1CN01168,0,E001368,DAN01,BO,
E000831,Ngô Kim Duyên,F,1986-11-09,2022-07-01,,Active,01CN000019,MJ010S,Band 4,1CN00131,0,E001851,HNO39,BO,
E000832,Phạm Huệ,F,1989-02-05,2022-07-01,2023-11-01,Terminated,01CN000060,AA052C,K,1CN00378,0,E001091,HCM32,BO,
E000833,Lê Yến Hoa,F,2002-01-17,2022-08-01,,Active,01CN000019,MJ029S,Band 4,1CN01218,0,E001218,HNO39,RM,
E000834,Hồ Nhật Tiến,M,1975-12-23,2022-08-01,,Active,01CN000060,MJ029S,Band 4,1CN00902,0,E001653,HCM32,RM,
E000835,Hoàng Duy Thành,M,1979-04-18,2022-08-01,2023-08-01,Terminated,01CN000031,BA013M,Band 6,1CN01349,1,E001578,BRV04,HH,
E000836,Trịnh Trọng Huy,M,1995-01-15,2022-08-01,2023-05-01,Terminated,01CN000034,MK061C,Band 2,1CN00907,0,E000347,HNO11,ARM,
E000837,Lê Thị Trinh,F,1984-04-07,2022-08-01,,Active,01QT000003,M00360,Band 5,1QT00047,0,E001499,HSC01,BO,
E000838,Trần Công Sơn,M,1990-09-01,2022-08-01,2025-06-01,Terminated,01CN000074,M00109,Band 3,1CN00855,0,E001749,HCM40,RM,
E000839,Phan Đình Phúc,M,1995-12-01,2022-08-01,2025-05-01,Terminated,01CN000060,MJ011S,Band 4,1CN01004,0,E000959,HCM32,BO,
E000840,Bùi Thu Mai,F,1975-01-27,2022-08-01,,Active,01CN000038,MJ011S,Band 4,1CN01292,0,E001747,KHO01,BO,
E000841,Lê Trung,M,1986-12-14,2022-08-01,2023-01-01,Terminated,01CN000081,MJ004S,Band 3,1CN00070,0,E001524,HSC02,BO,
E000842,Ngô Duy,M,1981-06-06,2022-08-01,,Active,01CN000013,MH030S,Band 4,1CN00023,0,E000315,HSC01,BO,
E000843,Võ Châu,F,1987-12-14,2022-08-01,2024-10-01,Terminated,01CN000053,MJ026M,Band 6,1CN00110,1,E000619,HCM01,TL,
E000844,Phạm Kiều Thu,F,1985-09-22,2022-08-01,2022-12-01,Terminated,01CN000020,M00109,Band 3,1CN00527,0,E000058,HPH01,RM,
E000845,Hồ Phương Bích,F,1991-10-04,2022-08-01,2023-08-01,Terminated,01CN000073,MJ011S,Band 4,1CN00460,0,E001850,HNO34,BO,
E000846,Đinh Việt Phong,M,1970-12-22,2022-08-01,,Active,01CN000085,MJ043S,Band 4,1CN01310,0,E000492,HNO44,RM,
E000847,Lê Phương Chi,F,1980-10-13,2022-08-01,,Active,01CN000054,MK091S,Band 3,1CN00159,0,E001757,HNO01,ARM,
E000848,Chu Thanh Xuân,F,1986-12-22,2022-08-01,,Active,01CN000005,M00169,Band 4,1CN01252,0,,HSC01,BO,
E000849,Lương Thanh Dũng,M,2003-10-09,2022-08-01,2024-02-01,Terminated,01CN000064,MH043S,Band 3,1CN00905,0,E000646,HSC01,BO,
E000850,Cao Hoàng Nghĩa,M,2003-03-14,2022-08-01,2024-04-01,Terminated,01CN000027,M00109,Band 3,1CN00896,0,E001357,HPH07,RM,
E000851,Dương Việt Duy,M,1987-10-04,2022-08-01,,Active,01QT000010,M00388,Band 2,1QT00088,0,E000555,HSC01,BO,
E000852,Phạm Tuyết,F,2003-09-03,2022-08-01,2022-09-01,Terminated,01CN000079,AA052C,K,1CN00875,0,E000669,BDU01,BO,
E000853,Vương Duy,M,1981-09-17,2022-09-01,,Active,01CN000072,MJ043S,Band 4,1CN00603,0,,HNO65,RM,
E000854,Trần Lan Xuân,F,1994-08-02,2022-09-01,,Active,01CN000002,MJ043S,Band 4,1CN00072,0,E001684,HCM48,RM,
E000855,Kiều Kim Vy,F,1986-11-08,2022-09-01,2025-10-01,Terminated,01CN000010,MJ028S,Band 3,1CN00567,0,E000870,TDU01,BO,
E000856,Bùi Đức Thành,M,1977-08-26,2022-09-01,2023-06-01,Terminated,01CN000037,M00108,Band 4,1CN01194,0,E000962,HCM01,RM,
E000857,Đoàn Thị Uyên,F,1970-04-27,2022-09-01,2023-08-01,Terminated,01CN000059,M00109,Band 3,1CN00444,0,E000454,BRV01,RM,
E000858,Trịnh Hải Lệ,F,1976-10-27,2022-09-01,2022-12-01,Terminated,01CN000013,MH031C,Band 2,1CN01302,0,E000315,HSC01,BO,
E000859,Vũ Đức Thịnh,M,1975-04-05,2022-09-01,2025-06-01,Terminated,01CN000044,MK015S,Band 3,1CN00985,0,E000289,QNI01,ARM,
E000860,Chu Nhật Bình,M,1991-04-03,2022-09-01,,Active,01QT000005,FC015C,Band 2,1QT00133,0,E001267,HSC01,BO,
E000861,Đặng Tất Bảo,M,1988-02-10,2022-09-01,,Active,01CN000085,MJ010S,Band 4,1CN01009,0,E001118,HNO44,BO,
E000862,Phan Bích Nga,F,1974-11-22,2022-09-01,,Active,01CN000073,BA013M,Band 6,1CN01241,1,E001544,HNO34,HH,
E000863,Kiều Minh Tâm,F,2001-05-25,2022-09-01,,Active,01CN000028,MK019E,Band 5,1CN00240,0,E001162,HNO01,BO,
E000864,Hồ Khắc Khoa,M,1985-08-18,2022-09-01,2023-11-01,Terminated,01CN000008,MK034S,Band 3,1CN00327,0,E001375,HCM29,ARM,
E000865,Kiều Đức Sang,M,1981-06-13,2022-09-01,2024-12-01,Terminated,01CN000060,MJ028S,Band 3,1CN00121,0,E001447,HCM32,BO,
E000866,Đặng Hoài Huệ,F,1989-01-20,2022-09-01,2025-01-01,Terminated,01CN000057,MJ014M,Band 6,1CN00119,1,E001269,HCM01,TL,
E000867,Đặng Đình Minh,M,1988-11-12,2022-09-01,2023-09-01,Terminated,01CN000029,MJ162E,Band 5,1CN00596,0,E001457,HCM01,RM,
E000868,Vương Thanh Nhung,F,1990-09-23,2022-09-01,,Active,01CN000031,BA013M,Band 6,1CN01349,1,E001533,BRV04,HH,
E000869,Mai Công Sơn,M,1996-06-27,2022-09-01,,Active,01CN000002,BA013M,Band 6,1CN00434,1,E001235,HCM48,HH,
E000870,Huỳnh Hữu Cường,M,1985-09-10,2022-09-01,2023-09-01,Terminated,01CN000010,BA013M,Band 6,1CN00303,1,E000732,TDU01,HH,
E000871,Bùi Như Nhi,F,1973-06-22,2022-09-01,2024-03-01,Terminated,01CN000002,MJ011M,Band 5,1CN00778,1,E001684,HCM48,TL,
E000872,Dương Thanh Chi,F,1987-03-18,2022-09-01,,Active,01CN000008,AA052C,K,1CN00118,0,E001375,HCM29,RM,
E000873,Ngô Cảnh,M,1985-10-19,2022-10-01,2024-08-01,Terminated,01QT000005,FC013M,Band 5,1QT00183,1,E000300,HSC01,BO,
E000874,Thái Châu,F,2003-05-13,2022-10-01,,Active,01QT000013,AA052C,K,1QT00037,0,E001101,HSC01,BO,
E000875,Vương Bá Tân,M,1979-05-21,2022-10-01,,Active,01CN000023,M00107,Band 4,1CN01263,0,E001284,DAN01,RM,
E000876,Dương Việt Tùng,M,1970-11-01,2022-10-01,,Active,01CN000003,MJ011M,Band 4,1CN00345,0,E000684,DAN03,TL,
E000877,Đỗ Công Quân,M,1972-01-15,2022-10-01,,Active,01CN000020,MJ011S,Band 4,1CN00948,0,E000674,HPH01,BO,
E000878,Đặng Diệu Hồng,F,1995-06-06,2022-10-01,2023-01-01,Terminated,01CN000061,MJ010S,Band 4,1CN00552,0,E001829,HCM29,BO,
E000879,Hà Xuân Toàn,M,1986-10-27,2022-10-01,,Active,01CN000080,MJ011M,Band 5,1CN01059,1,E001610,HNO02,TL,
E000880,Đặng Mạnh Quang,M,2002-12-14,2022-10-01,2024-04-01,Terminated,01CN000031,MJ011M,Band 5,1CN00337,1,E001578,BRV04,TL,
E000881,Võ Bảo Ngân,F,1996-07-08,2022-10-01,2023-08-01,Terminated,01CN000012,M00107,Band 4,1CN00974,0,E000074,HNO59,RM,
E000882,Vương Bảo Ngân,F,1989-02-10,2022-10-01,,Active,01CN000032,MJ163S,Band 4,1CN00895,0,,HNO01,RM,
E000883,Đinh Việt Lâm,M,1979-04-02,2022-10-01,,Active,01CN000012,MK061C,Band 2,1CN00759,0,E000793,HNO59,ARM,
E000884,Tô Đức Tài,M,1996-04-11,2022-10-01,,Active,01QT000001,FA007M,Band 7,1QT00049,1,E000721,HSC01,BO,
E000885,Nguyễn Hoàng Trường,M,1984-02-28,2022-10-01,2023-08-01,Terminated,01QT000016,FC048M,Band 5,1QT00126,1,,HSC01,BO,
E000886,Thái Hải Thuỷ,F,1986-08-14,2022-10-01,,Active,01CN000042,MK092C,Band 2,1CN00429,0,E000418,HNO01,ARM,
E000887,Vương Đình Minh,M,1978-05-12,2022-10-01,2025-10-01,Terminated,01CN000053,MJ162E,Band 5,1CN00866,0,E000619,HCM01,RM,
E000888,Đào Việt Dũng,M,1990-07-21,2022-10-01,,Active,01CN000076,MJ043S,Band 4,1CN00205,0,E000139,HCM04,RM,
E000889,Huỳnh Khắc Việt,M,1970-09-01,2022-10-01,2023-07-01,Terminated,01CN000024,M00107,Band 4,1CN01289,0,E000795,HNO49,RM,
E000890,Đinh Lan Hiền,F,2003-12-16,2022-10-01,2025-02-01,Terminated,01CN000076,MJ011S,Band 4,1CN00518,0,E001323,HCM04,BO,
E000891,Vương Trung Quang,M,1989-03-22,2022-10-01,,Active,01CN000079,M00109,Band 3,1CN01341,0,E000669,BDU01,RM,
E000892,Kiều Lộc,M,1987-12-19,2022-10-01,2023-10-01,Terminated,01CN000057,MJ017E,Band 4,1CN00286,0,E001541,HNO01,RM,
E000893,Lương Anh Tài,M,1987-06-28,2022-10-01,,Active,01CN000002,MK061C,Band 2,1CN01340,0,E001684,HCM48,ARM,
E000894,Thái Hải Thuỷ,F,1992-12-25,2022-11-01,,Active,01CN000060,M00108,Band 4,1CN01314,0,E001091,HCM32,RM,
E000895,Đoàn Nhật Trí,M,1983-06-15,2022-11-01,,Active,01CN000086,M00169,Band 4,1CN00770,0,E000733,HSC01,BO,
E000896,Lê Hải Yến,F,1971-12-14,2022-11-01,,Active,01CN000006,MJ011S,Band 4,1CN00876,0,E001586,HNO52,BO,
E000897,Tô Kiều Nhung,F,1992-06-19,2022-11-01,2024-02-01,Terminated,01QT000008,BC015C,Band 2,1QT00173,0,,HSC01,BO,
E000898,Lý Khắc Long,M,1994-01-27,2022-11-01,2023-02-01,Terminated,01QT000013,FA008M,Band 6,1QT00181,1,E001101,HSC01,BO,
E000899,Lê Diệu Lan,F,1984-11-14,2022-11-01,,Active,01CN000041,MJ011M,Band 5,1CN00245,1,E000727,HNO17,TL,
E000900,Đặng Nhật,M,1989-06-20,2022-11-01,,Active,01CN000037,M00108,Band 4,1CN01194,0,E001817,HCM01,RM,
E000901,Trịnh Bích Ly,F,1978-09-27,2022-11-01,2023-11-01,Terminated,01CN000019,MK061C,Band 2,1CN00799,0,E000048,HNO39,ARM,
E000902,Phạm Thảo,F,1983-04-09,2022-11-01,2023-01-01,Terminated,01CN000048,MK091S,Band 3,1CN01296,0,E000682,HCM01,ARM,
E000903,Huỳnh Văn Hiếu,M,1993-07-09,2022-11-01,,Active,01CN000021,MK092C,Band 2,1CN00633,0,E000904,HCM01,ARM,
E000904,Lê Trung Thắng,M,1995-02-04,2022-11-01,2023-02-01,Terminated,01CN000021,MJ026M,Band 6,1CN01328,1,,HCM01,TL,
E000905,Lý Tâm,F,1980-04-09,2022-11-01,,Active,01CN000080,MJ029S,Band 4,1CN01032,0,E001610,HNO02,RM,
E000906,Lê Đình Việt,M,1999-06-01,2022-11-01,,Active,01CN000004,MK086M,Band 6,1CN01080,1,E001844,HSC01,BO,
E000907,Trịnh Mai Hương,F,1976-03-27,2022-11-01,2023-06-01,Terminated,01CN000067,M00110,Band 2,1CN01327,0,E000620,HCM19,RM,
E000908,Vương Công Hải,M,1979-05-24,2022-11-01,,Active,01CN000061,MK015S,Band 3,1CN00002,0,E000263,HCM29,ARM,
E000909,Trần Ngọc Oanh,F,1983-07-03,2022-11-01,2023-01-01,Terminated,01CN000020,MJ029S,Band 4,1CN01153,0,E000674,HPH01,RM,
E000910,Nguyễn Bích Trâm,F,1985-04-13,2022-11-01,,Active,01CN000037,M00110,Band 2,1CN00935,0,E001677,HCM01,RM,
E000911,Cao Nhật Tiến,M,2001-11-01,2022-11-01,,Active,01CN000083,M00107,Band 4,1CN01236,0,E001726,HCM12,RM,
E000912,Nguyễn Khánh Loan,F,1975-12-26,2022-11-01,2024-05-01,Terminated,01CN000040,MJ044S,Band 3,1CN01235,0,E000595,HCM17,RM,
E000913,Huỳnh Vy,F,1995-11-15,2022-11-01,2024-06-01,Terminated,01CN000057,MJ014M,Band 6,1CN00119,1,E001389,HCM01,TL,
E000914,Chu Kim Uyên,F,1976-02-24,2022-11-01,,Active,01CN000010,MK015S,Band 3,1CN00309,0,E000870,TDU01,ARM,
E000915,Đào Công Quang,M,2000-02-12,2022-12-01,,Active,01QT000010,MK106M,Band 5,1QT00039,1,E000264,HSC01,BO,
E000916,Lương Công Đăng,M,1976-03-10,2022-12-01,2023-04-01,Terminated,01CN000037,MK014S,Band 4,1CN00377,0,E001817,HCM01,ARM,
E000917,Cao Mạnh Phát,M,2002-08-10,2022-12-01,,Active,01CN000020,M00108,Band 4,1CN01338,0,E000674,HPH01,RM,
E000918,Cao Ánh,F,1977-05-04,2022-12-01,,Active,01QT000003,FC035C,Band 2,1QT00063,0,E001499,HSC01,BO,
E000919,Đỗ Quang Phát,M,1981-03-01,2022-12-01,2023-12-01,Terminated,01QT000010,M00387,Band 3,1QT00176,0,E001503,HSC01,BO,
E000920,Võ Hoàng Tuấn,M,1985-07-02,2022-12-01,,Active,01CN000033,AA052C,K,1CN00816,0,E000069,HNO01,BO,
E000921,Võ Thị Lan,F,1986-11-06,2022-12-01,2025-02-01,Terminated,01CN000057,MJ016E,Band 5,1CN01232,0,E000301,HNO01,RM,
E000922,Đoàn Thế Khánh,M,1992-02-23,2022-12-01,2025-10-01,Terminated,01CN000068,MK092C,Band 2,1CN00292,0,E000314,HSC01,ARM,
E000923,Lương Phương Xuân,F,1995-08-07,2022-12-01,2024-02-01,Terminated,01CN000012,MJ008C,Band 2,1CN01353,0,E000793,HNO59,BO,
E000924,Vũ Bá Cảnh,M,1991-01-22,2022-12-01,,Active,01CN000004,MK057S,Band 4,1CN00702,0,E001844,HSC01,BO,
E000925,Vũ Khắc Sơn,M,1978-02-15,2022-12-01,,Active,01CN000013,MH031S,Band 3,1CN01102,0,E001062,HSC01,BO,
E000926,Nguyễn Kim Huệ,F,1985-05-22,2022-12-01,2023-06-01,Terminated,01CN000024,M00110,Band 2,1CN01257,0,E000791,HNO49,RM,
E000927,Chu Văn Dũng,M,1983-08-18,2022-12-01,2023-02-01,Terminated,01CN000063,M00395,Band 6,1CN00885,1,E001764,HSC01,BO,
E000928,Phạm Xuân Kiên,M,1995-01-20,2022-12-01,,Active,01CN000079,MK015S,Band 3,1CN00373,0,E000055,BDU01,ARM,
E000929,Lương Thị Vy,F,1992-12-11,2022-12-01,,Active,01QT000018,FE003D,Band 8,1QT00101,1,E000344,HSC01,BO,
E000930,Lê Quỳnh Trang,F,1995-04-04,2022-12-01,2024-11-01,Terminated,01CN000003,MJ011M,Band 5,1CN01379,1,E000431,DAN03,TL,
E000931,Hồ Kiều Tâm,F,1997-06-17,2022-12-01,2024-06-01,Terminated,01CN000064,MH044C,Band 2,1CN01034,0,E000646,HSC01,BO,
E000932,Trần Mạnh Thái,M,1986-07-13,2022-12-01,,Active,01CN000023,MJ010S,Band 4,1CN00229,0,E001284,DAN01,BO,
E000933,Đinh Phương Dung,F,1987-02-17,2022-12-01,2024-12-01,Terminated,01CN000072,AA052C,K,1CN01124,0,,HNO65,BO,
E000934,Vũ Tuyết Ngọc,F,1973-11-08,2022-12-01,,Active,01CN000006,MJ043S,Band 4,1CN00644,0,E000495,HNO52,RM,
E000935,Mai Đức Trường,M,1973-01-27,2022-12-01,,Active,01CN000003,MJ011M,Band 5,1CN01379,1,E001769,DAN03,TL,
E000936,Hồ Thanh Oanh,F,1986-06-22,2023-01-01,2025-06-01,Terminated,01CN000070,MJ029S,Band 4,1CN01050,0,E000664,BNI01,RM,
E000937,Đỗ Anh Thái,M,1998-01-09,2023-01-01,2025-07-01,Terminated,01CN000019,MJ011S,Band 4,1CN00618,0,E001183,HNO39,BO,
E000938,Đoàn Văn Lâm,M,1998-07-07,2023-01-01,,Active,01CN000068,MJ163S,Band 4,1CN00237,0,E000478,HSC01,RM,
E000939,Nguyễn Hương,F,2000-07-06,2023-01-01,,Active,01CN000068,MJ163S,Band 4,1CN00237,0,E000826,HSC01,RM,
E000940,Đinh Gia Trường,M,1974-06-11,2023-01-01,2023-11-01,Terminated,01QT000010,MK106M,Band 5,1QT00039,1,E000555,HSC01,BO,
E000941,Ngô Sang,M,1977-04-04,2023-01-01,2023-11-01,Terminated,01CN000006,MJ044S,Band 3,1CN00401,0,E001586,HNO52,RM,
E000942,Hà Tùng,M,1975-01-04,2023-01-01,,Active,01CN000042,MJ161E,Band 5,1CN01127,0,E001615,HNO01,RM,
E000943,Phan Hải Ngân,F,1989-12-10,2023-01-01,2024-01-01,Terminated,01QT000010,MK106M,Band 5,1QT00039,1,E000264,HSC01,BO,
E000944,Hồ Thanh Thảo,F,1979-10-20,2023-01-01,2025-08-01,Terminated,01QT000012,FA004E,Band 5,1QT00008,0,,HSC01,BO,
E000945,Bùi Hoài Lan,F,1989-08-14,2023-01-01,2023-12-01,Terminated,01CN000057,MJ017E,Band 4,1CN00753,0,E000703,HNO01,RM,
E000946,Thái Mai Châu,F,2003-01-03,2023-01-01,,Active,01QT000017,FA021S,Band 3,1QT00098,0,E000444,HSC01,BO,
E000947,Đặng Khánh Thanh,F,1983-07-01,2023-01-01,2024-12-01,Terminated,01CN000078,MK006E,Band 5,1CN00630,0,E001733,HSC02,BO,
E000948,Vũ Thuỳ Loan,F,1982-11-26,2023-01-01,,Active,01CN000059,BA013M,Band 6,1CN00027,1,E001092,BRV01,HH,
E000949,Lê Đình Quân,M,2002-11-25,2023-01-01,,Active,01CN000025,MM020D,Band 8,1CN00321,1,E000112,HSC01,BO,
E000950,Hoàng Công Nguyên,M,1979-01-12,2023-01-01,2024-07-01,Terminated,01CN000068,MK091S,Band 3,1CN00838,0,E001317,HSC01,ARM,
E000951,Trần Nhung,F,1974-08-02,2023-01-01,2023-02-01,Terminated,01CN000002,AA052C,K,1CN00805,0,E001235,HCM48,BO,
E000952,Phan Đức Kiên,M,1978-11-07,2023-01-01,,Active,01CN000015,M00400,Band 5,1CN01069,0,E001464,HSC01,BO,
E000953,Trần Thanh,F,1978-11-14,2023-01-01,,Active,01CN000068,MJ163S,Band 4,1CN00348,0,E000826,HSC01,RM,
E000954,Đào Đình Vũ,M,2002-11-28,2023-01-01,,Active,01CN000054,MK090S,Band 4,1CN01188,0,E001757,HNO01,ARM,
E000955,Đào Diệu Anh,F,1986-04-21,2023-01-01,,Active,01CN000023,M00107,Band 4,1CN01263,0,E000707,DAN01,RM,
E000956,Phạm Trung Nghĩa,M,1988-07-10,2023-01-01,,Active,01CN000057,MJ017E,Band 4,1CN00333,0,E001023,HDU01,RM,
E000957,Kiều Vân,F,1995-04-07,2023-01-01,,Active,01CN000010,M00108,Band 4,1CN00943,0,E000447,TDU01,RM,
E000958,Lê Hà Dung,F,1996-10-16,2023-02-01,2024-09-01,Terminated,01CN000002,MJ029S,Band 4,1CN00403,0,E000869,HCM48,RM,
E000959,Lâm Kiều Uyên,F,1991-09-18,2023-02-01,2024-02-01,Terminated,01CN000060,BA013M,Band 6,1CN01255,1,E001447,HCM32,HH,
E000960,Lý Phương Hương,F,2003-05-21,2023-02-01,,Active,01QT000003,M00362,Band 3,1QT00055,0,E001499,HSC01,BO,
E000961,Trịnh Duy Dũng,M,2003-09-04,2023-02-01,,Active,01CN000031,MJ011S,Band 4,1CN00470,0,E001427,BRV04,BO,
E000962,Đinh Xuân Hương,F,1993-06-26,2023-02-01,2024-12-01,Terminated,01CN000037,MJ011M,Band 5,1CN01094,1,E001677,HCM01,TL,
E000963,Huỳnh Diệu Tâm,F,1991-03-23,2023-02-01,2024-12-01,Terminated,01CN000059,M00109,Band 3,1CN00444,0,E000639,BRV01,RM,
E000964,Đoàn Sơn,M,1991-09-17,2023-02-01,2024-02-01,Terminated,01CN000028,MK019E,Band 5,1CN00240,0,E000087,HNO01,BO,
E000965,Đặng Trọng Quang,M,1996-03-08,2023-02-01,,Active,01CN000048,MK092C,Band 2,1CN00299,0,E000682,HCM01,ARM,
E000966,Lê Diệu Loan,F,1972-02-16,2023-02-01,,Active,01CN000015,M00400,Band 5,1CN01069,0,E001464,HSC01,BO,
E000967,Bùi Hoàng Toàn,M,1995-12-24,2023-02-01,,Active,01CN000067,M00107,Band 4,1CN00411,0,E000473,HCM19,RM,
E000968,Cao Đình Nghĩa,M,1985-08-27,2023-02-01,,Active,01QT000002,FC027M,Band 6,1QT00041,1,E000257,HSC01,BO,
E000969,Chu Hồng Trang,F,1991-08-13,2023-02-01,,Active,01CN000069,MJ011S,Band 4,1CN00743,0,E000802,HCM41,BO,
E000970,Phạm Gia Tiến,M,2001-06-01,2023-02-01,2023-08-01,Terminated,01CN000083,BA013M,Band 6,1CN00735,1,E001845,HCM12,HH,
E000971,Huỳnh Hoài Vân,F,1979-11-04,2023-02-01,,Active,01CN000006,MJ011M,Band 5,1CN00538,1,E001586,HNO52,TL,
E000972,Đào Mạnh Hoà,M,2002-01-20,2023-02-01,,Active,01CN000080,MJ043S,Band 4,1CN00461,0,E000879,HNO02,RM,
E000973,Dương Nghĩa,M,1997-01-18,2023-02-01,2023-12-01,Terminated,01CN000019,MJ043S,Band 4,1CN00510,0,E001629,HNO39,RM,
E000974,Võ Việt Sang,M,1995-07-24,2023-02-01,,Active,01QT000024,FA046C,Band 2,1QT00186,0,E000735,HSC01,BO,
E000975,Ngô Thị Duyên,F,1973-12-06,2023-02-01,,Active,01CN000038,MJ044S,Band 3,1CN00979,0,E001262,KHO01,RM,
E000976,Đinh Phương Ly,F,1998-04-04,2023-02-01,2024-02-01,Terminated,01CN000025,MM008C,Band 3,1CN01276,0,E000616,HSC01,BO,
E000977,Kiều Hải Hà,F,1997-12-07,2023-02-01,,Active,01CN000080,MK061C,Band 2,1CN01220,0,E000879,HNO02,ARM,
E000978,Lâm Thanh Lộc,M,2002-05-12,2023-02-01,,Active,01CN000033,M00110,Band 2,1CN01111,0,E001309,HNO01,RM,
E000979,Lương Châu,F,2000-01-14,2023-02-01,,Active,01CN000023,MJ043S,Band 4,1CN00385,0,E001284,DAN01,RM,
E000980,Tô Tuyết Vy,F,1992-04-04,2023-03-01,,Active,01CN000083,M00110,Band 2,1CN00080,0,E000970,HCM12,RM,
E000981,Huỳnh Phương Nga,F,2001-09-07,2023-03-01,,Active,01CN000044,MJ008C,Band 2,1CN00420,0,E001078,QNI01,BO,
E000982,Tô Trung Tuấn,M,1997-11-19,2023-03-01,,Active,01CN000078,MK044S,Band 4,1CN01146,0,E001082,HSC02,BO,
E000983,Huỳnh Trọng Thắng,M,1993-03-24,2023-03-01,2024-03-01,Terminated,01CN000003,M00108,Band 4,1CN00994,0,E000684,DAN03,RM,
E000984,Trịnh Diệu Tú,F,1990-02-22,2023-03-01,2025-07-01,Terminated,01CN000041,MJ028S,Band 3,1CN00703,0,E000727,HNO17,BO,
E000985,Mai Trung Trí,M,1989-08-09,2023-03-01,,Active,01CN000021,MK092C,Band 2,1CN01307,0,E000904,HCM01,ARM,
E000986,Hà Lan Bích,F,1975-04-02,2023-03-01,,Active,01CN000022,M00109,Band 3,1CN00555,0,E000389,CTH01,RM,
E000987,Lương Mạnh Trí,M,1984-02-17,2023-03-01,2024-09-01,Terminated,01CN000006,MJ028S,Band 3,1CN00170,0,E000495,HNO52,BO,
E000988,Hoàng Bảo Nga,F,1990-04-26,2023-03-01,2025-05-01,Terminated,01CN000062,MK027C,Band 2,1CN01024,0,E001672,HNO17,ARM,
E000989,Phạm Chí Trung,M,2003-07-20,2023-03-01,2025-10-01,Terminated,01CN000037,MJ043S,Band 4,1CN00950,0,E001817,HCM01,RM,
E000990,Kiều Yến Hương,F,1989-05-25,2023-03-01,,Active,01QT000018,MM008C,Band 3,1QT00116,0,E000929,HSC02,BO,
E000991,Hà Diệu Yến,F,1981-10-11,2023-03-01,,Active,01CN000068,MK092C,Band 2,1CN01159,0,E001317,HSC01,ARM,
E000992,Hà Trung Hải,M,1990-10-02,2023-03-01,,Active,01CN000017,MJ162E,Band 5,1CN00658,0,E001668,HNO01,RM,
E000993,Hà Hà Hiền,F,1974-02-12,2023-03-01,2023-05-01,Terminated,01QT000024,FA008S,Band 4,1QT00184,0,E001866,HSC01,BO,
E000994,Dương Lan Trinh,F,1970-05-28,2023-03-01,2025-02-01,Terminated,01CN000057,MJ017E,Band 4,1CN00456,0,E000303,HCM01,RM,
E000995,Trần Đình Long,M,1981-06-06,2023-03-01,,Active,01CN000080,MJ008C,Band 2,1CN00569,0,E001610,HNO02,BO,
E000996,Phan Nghĩa,M,1997-10-12,2023-03-01,2025-09-01,Terminated,01CN000041,MJ028S,Band 3,1CN00703,0,E000899,HNO17,BO,
E000997,Lương Tất Toàn,M,1998-11-09,2023-03-01,2024-03-01,Terminated,01CN000028,MK085S,Band 4,1CN00955,0,E001162,HNO01,BO,
E000998,Cao Bá Quân,M,2002-03-18,2023-03-01,,Active,01CN000048,MJ163S,Band 4,1CN00852,0,E001568,HCM01,RM,
E000999,Hoàng Phương Trinh,F,1993-10-27,2023-03-01,2025-01-01,Terminated,01CN000008,MJ030S,Band 4,1CN01095,0,E001375,HCM29,RM,
E001000,Hoàng Quang Duy,M,1986-06-19,2023-03-01,,Active,01CN000022,M00108,Band 4,1CN01271,0,E001367,CTH01,RM,
E001001,Lâm Hà Hiền,F,1985-03-09,2023-03-01,,Active,01CN000073,M00107,Band 4,1CN01191,0,E001729,HNO34,RM,
E001002,Dương Việt Khánh,M,1988-03-22,2023-04-01,,Active,01QT000005,FC013S,Band 4,1QT00091,0,E001378,HSC01,BO,
E001003,Nguyễn Trọng Kiên,M,1980-01-03,2023-04-01,2024-11-01,Terminated,01CN000061,MJ043S,Band 4,1CN00226,0,E000263,HCM29,RM,
E001004,Kiều Thị Trang,F,1983-07-05,2023-04-01,,Active,01CN000063,M00399,Band 2,1CN00897,0,E000927,HSC01,BO,
E001005,Đặng Yến Quyên,F,1978-11-04,2023-04-01,2023-09-01,Terminated,01QT000005,FC013M,Band 5,1QT00183,1,E000780,HSC01,BO,
E001006,Kiều Nhi,F,1986-05-14,2023-04-01,,Active,01CN000071,MK092C,Band 2,1CN01343,0,E001720,HNO01,ARM,
E001007,Hồ Thanh Hùng,M,1993-05-27,2023-04-01,,Active,01CN000003,MJ044S,Band 3,1CN01017,0,E000431,DAN03,RM,
E001008,Cao Tuấn Tài,M,2003-06-17,2023-04-01,,Active,01CN000073,M00110,Band 2,1CN00599,0,E000862,HNO34,RM,
E001009,Lê Duy Sang,M,1982-11-19,2023-04-01,2024-04-01,Terminated,01CN000058,MJ035S,Band 3,1CN01175,0,E000258,HSC01,BO,
E001010,Trịnh Mạnh Sơn,M,1971-10-21,2023-04-01,,Active,01CN000085,BA013M,Band 6,1CN00486,1,E000195,HNO44,HH,
E001011,Mai Kim Trinh,F,1993-03-02,2023-04-01,,Active,01CN000071,MJ163S,Band 4,1CN00724,0,E001720,HNO01,RM,
E001012,Nguyễn Lệ,F,1989-04-19,2023-04-01,,Active,01CN000062,MJ036M,Band 6,1CN01047,1,E001672,HNO17,HH,
E001013,Thái Tuấn An,M,1994-08-22,2023-04-01,,Active,01CN000078,MK023M,Band 5,1CN00086,1,E001741,HSC01,BO,
E001014,Võ Hồng Thanh,F,2000-07-03,2023-04-01,,Active,01CN000023,M00107,Band 4,1CN01263,0,E001368,DAN01,RM,
E001015,Hà Hải,M,1993-03-03,2023-04-01,2023-11-01,Terminated,01CN000009,MJ163S,Band 4,1CN00232,0,E001256,HCM01,RM,
E001016,Tô Tuyết Phương,F,1973-12-17,2023-04-01,,Active,01QT000017,FA039S,Band 3,1QT00105,0,E000444,HSC01,BO,
E001017,Đoàn Đình Quân,M,1998-09-28,2023-04-01,,Active,01CN000050,MJ161E,Band 5,1CN01100,0,,HNO01,RM,
E001018,Cao Yến Trâm,F,1982-06-03,2023-04-01,2024-04-01,Terminated,01CN000038,MJ008C,Band 2,1CN00020,0,E001262,KHO01,BO,
E001019,Hà Thuỷ,F,1980-12-19,2023-04-01,,Active,01CN000020,MK061C,Band 2,1CN00559,0,E000674,HPH01,ARM,
E001020,Tô Thế Huy,M,1998-06-20,2023-04-01,2024-03-01,Terminated,01QT000018,FE002D,Band 8,1QT00042,1,E000758,HSC01,BO,
E001021,Tô Phương Hoa,F,1995-07-24,2023-04-01,2023-08-01,Terminated,01CN000079,M00107,Band 4,1CN00945,0,E000055,BDU01,RM,
E001022,Thái Hùng,M,2001-01-27,2023-04-01,2023-06-01,Terminated,01CN000033,M00109,Band 3,1CN00532,0,E001309,HNO01,RM,
E001023,Vương Văn Bình,M,1972-06-04,2023-04-01,,Active,01CN000057,MJ014M,Band 6,1CN00553,1,E001255,HNO01,TL,
E001024,Hà Thuỳ Hà,F,1977-07-15,2023-05-01,,Active,01CN000037,MJ010S,Band 4,1CN00531,0,E000962,HCM01,BO,
E001025,Lương Quỳnh Duyên,F,1981-04-04,2023-05-01,,Active,01CN000039,M00163,Band 5,1CN00864,1,,HSC01,BO,
E001026,Huỳnh Bảo Nga,F,1998-07-06,2023-05-01,,Active,01CN000060,M00107,Band 4,1CN00359,0,E001447,HCM32,RM,
E001027,Nguyễn Chí Duy,M,1981-09-28,2023-05-01,,Active,01CN000059,MJ028S,Band 3,1CN01022,0,E000639,BRV01,BO,
E001028,Huỳnh Bá Cảnh,M,1985-05-26,2023-05-01,2025-03-01,Terminated,01CN000080,M00110,Band 2,1CN00865,0,E000879,HNO02,RM,
E001029,Đỗ Tất Khánh,M,1974-06-22,2023-05-01,2024-05-01,Terminated,01CN000027,BA013M,Band 6,1CN01224,1,E001357,HPH07,HH,
E001030,Lương Thuỳ Thu,F,1999-12-13,2023-05-01,,Active,01CN000001,MK061C,Band 2,1CN01051,0,E001033,HNO63,ARM,
E001031,Lương Lâm,M,1994-04-06,2023-05-01,,Active,01CN000039,M00167,Band 2,1CN00481,0,E001025,HSC01,BO,
E001032,Vũ Thị My,F,1978-12-18,2023-05-01,2025-12-01,Terminated,01CN000003,MJ043S,Band 4,1CN00093,0,E000684,DAN03,RM,
E001033,Đoàn Thị Diệp,F,1998-09-11,2023-05-01,2024-12-01,Terminated,01CN000001,MJ011M,Band 5,1CN00533,1,E000186,HNO63,TL,
E001034,Cao Thu Tâm,F,1982-10-11,2023-05-01,,Active,01CN000009,MK092C,Band 2,1CN00575,0,E001256,HCM01,ARM,
E001035,Tô Đình Dũng,M,1999-02-08,2023-05-01,2025-06-01,Terminated,01CN000044,MJ029S,Band 4,1CN00561,0,E000289,QNI01,RM,
E001036,Kiều Hồng Hương,F,1988-03-22,2023-05-01,,Active,01CN000012,M00108,Band 4,1CN00354,0,E000793,HNO59,RM,
E001037,Đinh Thu Nga,F,1978-02-17,2023-05-01,2023-09-01,Terminated,01CN000023,M00109,Band 3,1CN00537,0,E000707,DAN01,RM,
E001038,Vũ Lệ,F,1977-09-11,2023-05-01,2025-02-01,Terminated,01CN000040,MK061C,Band 2,1CN00464,0,E000014,HCM17,ARM,
E001039,Lâm Oanh,F,2001-08-10,2023-05-01,,Active,01CN000010,MJ011M,Band 4,1CN00900,0,E000559,TDU01,TL,
E001040,Hà Thu Thanh,F,1979-07-03,2023-05-01,2025-06-01,Terminated,01CN000064,MH043S,Band 3,1CN00905,0,E000163,HSC01,BO,
E001041,Hồ Minh Sang,M,2003-09-04,2023-05-01,,Active,01CN000041,AA052C,K,1CN01165,0,E000026,HNO17,BO,
E001042,Trần Xuân Huy,M,1980-09-04,2023-05-01,,Active,01CN000080,MJ008C,Band 2,1CN00569,0,E001610,HNO02,BO,
E001043,Đỗ Tất Đăng,M,1999-03-16,2023-05-01,,Active,01CN000080,M00109,Band 3,1CN01072,0,E001610,HNO02,RM,
E001044,Đặng Hải Dung,F,1990-09-18,2023-05-01,2024-05-01,Terminated,01QT000010,M00384,Band 2,1QT00062,0,E000940,HSC01,BO,
E001045,Chu Hà Nhi,F,1984-09-16,2023-05-01,,Active,01CN000073,M00109,Band 3,1CN00580,0,E000862,HNO34,RM,
E001046,Đinh Minh Ly,F,2001-08-09,2023-05-01,2025-12-01,Terminated,01CN000008,MJ036M,Band 6,1CN00762,1,E000073,HCM29,HH,
E001047,Lý Hải,M,2002-05-16,2023-06-01,,Active,01CN000059,M00110,Band 2,1CN00700,0,E001092,BRV01,RM,
E001048,Đỗ Việt Tuấn,M,1978-08-22,2023-06-01,,Active,01QT000008,BC015C,Band 2,1QT00173,0,,HSC01,BO,
E001049,Hoàng Bảo Hương,F,1974-01-18,2023-06-01,,Active,01CN000029,AA052C,K,1CN00068,0,E001457,HCM01,BO,
E001050,Võ Ngọc Châu,F,1985-02-06,2023-06-01,,Active,01QT000013,FA001S,Band 4,1QT00145,0,E000898,HSC01,BO,
E001051,Đinh Hải Phương,F,1979-11-20,2023-06-01,,Active,01QT000008,BC022S,Band 4,1QT00104,0,,HSC01,BO,
E001052,Đinh Thị Tuyết,F,2002-07-06,2023-06-01,2025-05-01,Terminated,01CN000022,AA052C,K,1CN00614,0,E000389,CTH01,BO,
E001053,Vương Hà Trinh,F,1989-06-06,2023-06-01,2023-12-01,Terminated,01CN000042,MJ026M,Band 6,1CN01149,1,E000122,HNO01,TL,
E001054,Lâm Khánh Nga,F,1988-07-11,2023-06-01,2024-09-01,Terminated,01CN000033,M00108,Band 4,1CN00966,0,E000069,HNO01,RM,
E001055,Hồ Hương,F,2002-08-01,2023-06-01,2024-12-01,Terminated,01QT000008,FA010C,Band 2,1QT00169,0,,HSC01,BO,
E001056,Thái Hồng Oanh,F,1993-01-09,2023-06-01,,Active,01CN000009,MK092C,Band 2,1CN00575,0,E001256,HCM01,ARM,
E001057,Đỗ Kiều Tú,F,1987-02-21,2023-06-01,,Active,01CN000002,M00110,Band 2,1CN00202,0,E001555,HCM48,RM,
E001058,Đinh Tất Thái,M,2001-11-20,2023-06-01,,Active,01CN000050,MK092C,Band 2,1CN00789,0,,HNO01,ARM,
E001059,Vương Hà Ánh,F,1998-11-23,2023-06-01,,Active,01QT000009,FC008S,Band 4,1QT00152,0,E000227,HSC01,BO,
E001060,Hồ Phương Chi,F,1975-04-05,2023-06-01,,Active,01CN000006,AA052C,,1CN00709,0,E000605,,BO,
E001061,Tô Thị Thảo,F,1971-06-03,2023-06-01,,Active,01CN000025,MM020D,Band 8,1CN00328,1,E000616,HSC01,BO,
E001062,Chu Gia Thái,M,1999-06-24,2023-06-01,2024-06-01,Terminated,01CN000013,MH032M,Band 6,1CN00842,1,E000315,HSC01,BO,
E001063,Lê Hồng Vân,F,1970-02-14,2023-06-01,2024-01-01,Terminated,01CN000003,MJ011S,Band 4,1CN01065,0,E000431,DAN03,BO,
E001064,Đặng Trung Nam,M,1980-03-28,2023-06-01,,Active,01CN000009,MK092C,Band 2,1CN00575,0,E000539,HCM01,ARM,
E001065,Bùi Trung Huy,M,1996-02-21,2023-06-01,2025-09-01,Terminated,01QT000013,FA014C,Band 1,1QT00096,0,E000898,HSC01,BO,
E001066,Đoàn Bá Thái,M,2002-06-02,2023-06-01,,Active,01CN000083,M00110,Band 2,1CN00080,0,E000553,HCM12,RM,
E001067,Thái Thu Châu,F,1972-06-13,2023-06-01,,Active,01CN000080,MJ010S,Band 4,1CN01284,0,E001610,HNO02,BO,
E001068,Tô Yến,F,1983-08-19,2023-06-01,,Active,01CN000050,MJ163S,Band 4,1CN00673,0,,HNO01,RM,
E001069,Mai Anh Hiếu,M,1985-08-15,2023-06-01,2024-01-01,Terminated,01CN000002,MJ008C,Band 2,1CN00071,0,E001684,HCM48,BO,
E001070,Huỳnh Minh Chi,F,1980-04-16,2023-07-01,,Active,01CN000061,M00107,Band 4,1CN01176,0,E001673,HCM29,RM,
E001071,Võ Thảo,F,1987-04-22,2023-07-01,,Active,01CN000006,MK061C,Band 2,1CN01135,0,E001586,HNO52,ARM,
E001072,Hồ Hồng Hiền,F,1996-03-13,2023-07-01,,Active,01CN000057,MJ016E,Band 5,1CN00203,0,E001541,HNO01,RM,
E001073,Võ Quỳnh Hoài,F,1980-09-17,2023-07-01,,Active,01CN000054,MJ162E,Band 5,1CN00029,0,E001757,HNO01,RM,
E001074,Lương Yến Anh,F,1980-03-12,2023-07-01,,Active,01QT000012,FA004E,Band 5,1QT00008,0,,HSC01,BO,
E001075,Tô Ngọc Việt,M,1990-05-11,2023-07-01,,Active,01CN000070,M00109,Band 3,1CN00514,0,E000624,BNI01,RM,
E001076,Huỳnh Thế Hoà,M,1992-08-08,2023-07-01,2024-06-01,Terminated,01CN000061,MK015S,Band 3,1CN00002,0,E000263,HCM29,ARM,
E001077,Huỳnh Thuỳ Tâm,F,1976-05-19,2023-07-01,,Active,01CN000073,MK015S,Band 3,1CN00749,0,E001729,HNO34,ARM,
E001078,Thái Bích Dung,F,1970-04-01,2023-07-01,2023-10-01,Terminated,01CN000044,MJ011M,Band 5,1CN00909,1,E000289,QNI01,TL,
E001079,Trịnh Gia Tuấn,M,2002-02-27,2023-07-01,,Active,01CN000080,MJ008C,Band 2,1CN00569,0,E000879,HNO02,BO,
E001080,Vương Thu Vy,F,1983-10-15,2023-07-01,2024-07-01,Terminated,01CN000085,AA052C,K,1CN00308,0,E001010,HNO44,BO,
E001081,Kiều Thị Hương,F,1975-05-21,2023-07-01,,Active,01CN000010,M00108,Band 4,1CN00943,0,E000101,TDU01,RM,
E001082,Trịnh Đình Sang,M,1979-06-03,2023-07-01,2025-06-01,Terminated,01CN000078,MK023M,Band 5,1CN00776,1,E001689,HSC02,BO,
E001083,Trần Bảo Chi,F,1992-04-21,2023-07-01,,Active,01CN000010,M00107,Band 4,1CN00621,0,E000870,TDU01,RM,
E001084,Hồ Minh Duyên,F,1996-01-26,2023-07-01,,Active,01CN000053,MJ162E,Band 5,1CN00866,0,E000843,HCM01,RM,
E001085,Vũ Trinh,F,1984-11-05,2023-07-01,,Active,01CN000003,M00109,Band 3,1CN00349,0,E000431,DAN03,RM,
E001086,Lý Phương Hạnh,F,1982-02-02,2023-07-01,2024-12-01,Terminated,01CN000001,BA013M,Band 6,1CN00764,1,E000003,HNO63,HH,
E001087,Hồ Hoàng Cường,M,1970-10-20,2023-07-01,,Active,01CN000087,MH033E,Band 5,1CN00600,0,E000567,HSC01,BO,
E001088,Lê Quỳnh Lan,F,2003-07-07,2023-07-01,,Active,01QT000005,FC024S,Band 3,1QT00025,0,E000222,HSC01,BO,
E001089,Đào Như Giang,F,1982-02-01,2023-07-01,,Active,01CN000024,AA052C,K,1CN00484,0,E000136,HNO49,BO,
E001090,Thái Công Hùng,M,2002-02-18,2023-07-01,,Active,01CN000031,MJ029S,Band 4,1CN00662,0,E001578,BRV04,RM,
E001091,Ngô Hà Hoài,F,1991-04-20,2023-07-01,,Active,01CN000060,BA013M,Band 6,1CN01255,1,E001653,HCM32,HH,
E001092,Lâm Bình,M,2001-01-06,2023-07-01,2023-08-01,Terminated,01CN000059,MJ011M,Band 5,1CN01183,1,E000639,BRV01,TL,
E001093,Đào Thị Thu,F,1985-06-28,2023-08-01,,Active,01CN000083,MJ008C,Band 2,1CN00137,0,E001845,HCM12,BO,
E001094,Võ Diệu Nga,F,1994-10-26,2023-08-01,,Active,01CN000083,BA013M,Band 6,1CN00735,1,E001726,HCM12,HH,
E001095,Kiều Công Trường,M,1994-07-16,2023-08-01,,Active,01CN000009,MJ162E,Band 5,1CN00667,0,E000539,HCM01,RM,
E001096,Lê Tất Quang,M,1994-05-01,2023-08-01,,Active,01CN000059,MJ043S,Band 4,1CN00262,0,E000639,BRV01,RM,
E001097,Bùi Chí Hoà,M,1974-03-28,2023-08-01,,Active,01CN000022,MJ029S,Band 4,1CN00318,0,E001381,CTH01,RM,
E001098,Huỳnh Khánh Thảo,F,1977-10-19,2023-08-01,2024-08-01,Terminated,01CN000012,MK015S,Band 3,1CN00211,0,E000108,HNO59,ARM,
E001099,Cao Thế Hùng,M,1995-01-27,2023-08-01,2024-06-01,Terminated,01CN000079,AA052C,K,1CN00875,0,E001282,BDU01,BO,
E001100,Cao Việt Thành,M,1982-03-24,2023-08-01,,Active,01CN000078,MK006E,Band 5,1CN00630,0,E001741,HSC02,BO,
E001101,Huỳnh Công Tiến,M,1978-10-21,2023-08-01,,Active,01QT000013,FA009T,Band 4,1QT00108,1,E000898,HSC01,BO,
E001102,Chu Như Yến,F,1981-03-19,2023-08-01,,Active,01CN000067,MJ011S,Band 4,1CN00044,0,E000013,HCM19,BO,
E001103,Phan Chí Sơn,M,1988-02-19,2023-08-01,,Active,01CN000074,BA013M,Band 5,1CN01251,1,E001749,HCM40,HH,
E001104,Hà Hải Khuê,F,1983-11-14,2023-08-01,,Active,01CN000070,M00109,Band 3,1CN00514,0,E000556,BNI01,RM,
E001105,Đinh Hữu Khang,M,1990-08-17,2023-08-01,,Active,01CN000001,MJ044S,Band 3,1CN01256,0,E000443,HNO63,RM,
E001106,Lâm Minh Sơn,M,1982-12-12,2023-08-01,,Active,01CN000057,MJ016E,Band 5,1CN00164,0,E001476,HCM01,RM,
E001107,Phan Nhật Nhật,M,1989-08-22,2023-08-01,,Active,01CN000070,MK061C,Band 2,1CN01163,0,E000556,BNI01,ARM,
E001108,Trịnh Phương Kim,F,1984-05-19,2023-08-01,2025-05-01,Terminated,01CN000033,MJ028S,Band 3,1CN00050,0,E001658,HNO01,BO,
E001109,Mai Ngọc Ngân,F,1996-05-26,2023-08-01,,Active,01CN000027,M00109,Band 3,1CN00896,0,E001357,HPH07,RM,
E001110,Bùi Trung Thắng,M,1996-01-22,2023-08-01,,Active,01CN000003,MJ028S,Band 3,1CN00338,0,E001769,DAN03,BO,
E001111,Nguyễn Kim Ngân,F,1975-03-27,2023-08-01,,Active,01CN000078,MK045S,Band 3,1CN00861,0,E001741,HSC01,BO,
E001112,Thái Minh Hoa,F,1978-06-15,2023-08-01,2024-08-01,Terminated,01QT000017,FA069C,Band 2,1QT00075,0,E000346,HSC01,BO,
E001113,Dương Xuân Tân,M,1970-05-07,2023-08-01,2024-12-01,Terminated,01CN000034,AA052C,K,1CN01275,0,E000307,HNO11,BO,
E001114,Hồ Kim Hiền,F,1992-09-10,2023-08-01,2024-06-01,Terminated,01QT000015,FC009M,Band 6,1QT00051,1,E000671,HSC01,BO,
E001115,Kiều Quang Dũng,M,1990-10-02,2023-08-01,,Active,01CN000002,MJ028S,Band 3,1CN01148,0,E000871,HCM48,BO,
E001116,Kiều Thị Uyên,F,1981-12-13,2023-09-01,,Active,01CN000002,MK015S,Band 3,1CN00402,0,E001684,HCM48,ARM,
E001117,Lâm Hải Tuyết,F,1998-09-19,2023-09-01,,Active,01CN000024,MJ011S,Band 4,1CN00738,0,E000136,HNO49,BO,
E001118,Huỳnh Hoài Thanh,F,1998-03-07,2023-09-01,,Active,01CN000085,BA013M,Band 6,1CN00486,1,E001010,HNO44,HH,
E001119,Đỗ Khoa,M,2002-05-13,2023-09-01,,Active,01CN000069,M00109,Band 3,1CN00412,0,E000668,HCM41,RM,
E001120,Lý Hải Oanh,F,1998-03-16,2023-09-01,2024-09-01,Terminated,01QT000016,FA039S,Band 3,1QT00087,0,E000885,HSC01,BO,
E001121,Cao Tuyết Thanh,F,1995-12-24,2023-09-01,2024-01-01,Terminated,01CN000031,MJ008C,Band 2,1CN01286,0,E000835,BRV04,BO,
E001122,Thái Thanh Lộc,M,1979-04-21,2023-09-01,,Active,01CN000060,MJ010S,Band 4,1CN00410,0,E001653,HCM32,BO,
E001123,Bùi Như Yến,F,1975-12-19,2023-09-01,,Active,01CN000073,MK015S,Band 3,1CN00749,0,E000862,HNO34,ARM,
E001124,Nguyễn Quang Vũ,M,1982-02-17,2023-09-01,,Active,01CN000072,MK015S,Band 3,1CN00082,0,,HNO65,ARM,
E001125,Lê Thanh Vy,F,1990-02-12,2023-09-01,,Active,01CN000040,MJ010S,Band 4,1CN01339,0,E000014,HCM17,BO,
E001126,Vương Minh Duyên,F,1974-12-05,2023-09-01,2025-01-01,Terminated,01CN000041,AA052C,K,1CN01165,0,E000899,HNO17,BO,
E001127,Võ Quang Minh,M,1975-04-21,2023-09-01,,Active,01CN000063,M00396,Band 5,1CN00207,0,E000927,HSC01,BO,
E001128,Nguyễn Nhật Kiên,M,1992-10-17,2023-09-01,,Active,01CN000085,MJ010S,Band 4,1CN01009,0,E001151,HNO44,BO,
E001129,Trần Xuân Nhi,F,1979-07-10,2023-09-01,,Active,01QT000001,FA007M,Band 7,1QT00049,1,E000721,HSC01,BO,
E001130,Đỗ Như Hiền,F,1975-04-13,2023-09-01,2024-06-01,Terminated,01CN000022,M00109,Band 3,1CN00555,0,E000389,CTH01,RM,
E001131,Hoàng Khắc Tài,M,1973-01-07,2023-09-01,,Active,01CN000078,MK031C,Band 2,1CN01156,0,E001888,HSC02,BO,
E001132,Thái Xuân Tiến,M,1974-10-14,2023-09-01,,Active,01CN000072,MJ011S,Band 4,1CN01283,0,,HNO65,BO,
E001133,Đào Minh Minh,M,1989-05-23,2023-09-01,,Active,01CN000063,M00399,Band 2,1CN00897,0,E000927,HSC01,BO,
E001134,Tô Công An,M,1992-09-22,2023-09-01,2024-11-01,Terminated,01CN000013,MH031S,Band 3,1CN01102,0,E001062,HSC01,BO,
E001135,Lý Nhật Lâm,M,2001-04-14,2023-09-01,,Active,01QT000008,BC022S,Band 4,1QT00104,0,,HSC01,BO,
E001136,Ngô Duy Minh,M,1970-01-18,2023-09-01,,Active,01CN000037,AA052C,K,1CN00914,0,E001817,HCM01,BO,
E001137,Hoàng Hồng Hà,F,1973-12-13,2023-09-01,,Active,01CN000067,M00107,Band 4,1CN00411,0,E001713,HCM19,RM,
E001138,Hà Quỳnh Bích,F,1997-05-13,2023-09-01,2024-09-01,Terminated,01CN000079,MK015S,Band 3,1CN00373,0,E001703,BDU01,ARM,
E001139,Phạm Bích Hoa,F,1982-08-17,2023-09-01,,Active,01CN000061,MJ044S,Band 3,1CN00788,0,E001424,HCM29,RM,
E001140,Vũ Toàn,M,1972-01-12,2023-10-01,,Active,01CN000031,M00109,Band 3,1CN01144,0,E000880,BRV04,RM,
E001141,Đoàn Vinh,M,1983-02-17,2023-10-01,2024-10-01,Terminated,01CN000050,MJ162E,Band 5,1CN00772,0,,HNO01,RM,
E001142,Lê Hà Linh,F,1989-02-18,2023-10-01,,Active,01CN000033,MJ010S,Band 4,1CN00951,0,E001309,HNO01,BO,
E001143,Ngô Diệu Uyên,F,1970-07-23,2023-10-01,2024-03-01,Terminated,01CN000054,MK090S,Band 4,1CN01188,0,E001757,HNO01,ARM,
E001144,Đỗ Xuân Phong,M,1981-09-19,2023-10-01,,Active,01CN000041,M00108,Band 4,1CN00148,0,E000727,HNO17,RM,
E001145,Trịnh Xuân Lệ,F,1987-11-22,2023-10-01,2024-09-01,Terminated,01QT000010,FC004S,Band 3,1QT00149,0,E000943,HSC01,BO,
E001146,Đinh Khánh Thảo,F,1993-07-21,2023-10-01,,Active,01CN000010,M00110,Band 2,1CN01368,0,E000732,TDU01,RM,
E001147,Ngô Quân,M,1994-11-16,2023-10-01,2024-03-01,Terminated,01CN000072,M00110,Band 2,1CN00247,0,,HNO65,RM,
E001148,Phan Minh Phúc,M,1997-02-16,2023-10-01,2025-08-01,Terminated,01CN000079,MJ043S,Band 4,1CN00283,0,E000669,BDU01,RM,
E001149,Đinh Thế Tiến,M,1979-08-25,2023-10-01,,Active,01CN000085,AA052C,K,1CN00132,0,E001010,HNO44,BO,
E001150,Đào Ngọc Lộc,M,1970-09-26,2023-10-01,2024-10-01,Terminated,01CN000076,MJ008C,Band 2,1CN00192,0,E000139,HCM04,BO,
E001151,Hoàng Xuân Châu,F,1980-12-23,2023-10-01,,Active,01CN000085,MJ011M,Band 5,1CN00191,1,E001561,HNO44,TL,
E001152,Đinh Yến Nhung,F,1985-04-19,2023-10-01,2025-11-01,Terminated,01CN000040,AA052C,K,1CN00657,0,E000595,HCM17,BO,
E001153,Lương Đức Nguyên,M,2002-09-01,2023-10-01,2024-10-01,Terminated,01CN000023,MJ028S,Band 3,1CN01168,0,E001368,DAN01,BO,
E001154,Cao Diệu Xuân,F,1974-12-22,2023-10-01,,Active,01CN000015,MK089S,Band 3,1CN00706,0,E001464,HSC01,BO,
E001155,Võ Đình Khang,M,1986-02-14,2023-10-01,2024-05-01,Terminated,01CN000068,MJ161E,Band 5,1CN00462,0,E001317,HSC01,RM,
E001156,Thái Việt Khoa,M,1985-03-28,2023-10-01,2024-08-01,Terminated,01CN000081,MJ004S,Band 3,1CN00070,0,E001524,HSC02,BO,
E001157,Đặng Khang,M,1972-08-26,2023-10-01,2024-10-01,Terminated,01CN000073,MJ008C,Band 2,1CN00610,0,E000279,HNO34,BO,
E001158,Nguyễn Khoa,M,2000-04-10,2023-10-01,,Active,01CN000006,AA052C,K,1CN01058,0,E000495,HNO52,BO,
E001159,Chu Khánh Hồng,F,1988-05-07,2023-10-01,,Active,01CN000037,M00110,Band 2,1CN00935,0,E001677,HCM01,RM,
E001160,Nguyễn Thu Thanh,F,1971-10-01,2023-10-01,,Active,01CN000080,MK015S,Band 3,1CN01321,0,E000879,HNO02,ARM,
E001161,Mai Mạnh Sơn,M,1976-10-26,2023-10-01,,Active,01CN000057,M00391,Band 4,1CN00408,0,E001023,HSC01,BO,
E001162,Đỗ Quang Dũng,M,1997-03-28,2023-10-01,,Active,01CN000028,MJ009M,Band 8,1CN00927,1,E001766,HNO01,HH,
E001163,Lý Hoàng Lộc,M,1999-12-05,2023-10-01,,Active,01CN000085,MJ044S,Band 3,1CN00858,0,E000195,HNO44,RM,
E001164,Lâm Minh Thanh,F,1998-04-05,2023-11-01,2025-09-01,Terminated,01CN000031,MJ008C,Band 2,1CN01286,0,E000880,BRV04,BO,
E001165,Vũ Kim Lan,F,1983-05-09,2023-11-01,,Active,01CN000072,MJ044S,Band 3,1CN00190,0,,HNO65,RM,
E001166,Lý Nhung,F,1998-01-14,2023-11-01,,Active,01CN000085,M00110,Band 2,1CN00171,0,E001151,HNO44,RM,
E001167,Đoàn Xuân Long,M,2002-03-01,2023-11-01,,Active,01CN000040,MJ011S,Band 4,1CN00734,0,E001676,HCM17,BO,
E001168,Lương Trí,M,1980-08-20,2023-11-01,2025-07-01,Terminated,01QT000007,FC056S,Band 3,1QT00124,0,E001412,HSC01,BO,
E001169,Lý Kim Vân,F,1976-08-04,2023-11-01,,Active,01CN000025,MM008C,Band 3,1CN01276,0,E001209,HSC01,BO,
E001170,Vương Thu Anh,F,1977-06-19,2023-11-01,,Active,01CN000041,M00110,Band 2,1CN00381,0,E000727,HNO17,RM,
E001171,Bùi Tuyết Hoa,F,1990-08-03,2023-11-01,2025-08-01,Terminated,01CN000034,MJ028S,Band 3,1CN01318,0,E000347,HNO11,BO,
E001172,Tô Hồng Trang,F,1996-04-27,2023-11-01,,Active,01CN000044,MJ010S,Band 4,1CN01049,0,E001078,QNI01,BO,
E001173,Đoàn Như Nhi,F,1984-02-07,2023-11-01,2024-04-01,Terminated,01CN000085,M00109,Band 3,1CN00801,0,E001010,HNO44,RM,
E001174,Lý Thu Thanh,F,1985-09-06,2023-11-01,,Active,01CN000057,MJ029E,Band 5,1CN00828,0,E001269,HNO01,RM,
E001175,Hoàng Trung Trung,M,1971-05-20,2023-11-01,2025-12-01,Terminated,01CN000001,MK015S,Band 3,1CN00629,0,E000003,HNO63,ARM,
E001176,Đào Ngọc Duyên,F,1971-09-04,2023-11-01,,Active,01CN000020,MJ044S,Band 3,1CN00001,0,E000058,HPH01,RM,
E001177,Đoàn Xuân Trí,M,1979-07-17,2023-11-01,2024-02-01,Terminated,01CN000060,MJ029S,Band 4,1CN00902,0,E001447,HCM32,RM,
E001178,Trịnh Tuyết Thuỷ,F,1985-03-02,2023-11-01,,Active,01QT000024,FA010M,Band 6,1QT00162,1,E000517,HSC01,BO,
E001179,Lâm Thu Hoa,F,1971-01-09,2023-11-01,,Active,01CN000059,MJ029S,Band 4,1CN01018,0,E001613,BRV01,RM,
E001180,Hoàng Diệu Quyên,F,1989-10-14,2023-11-01,,Active,01CN000031,MJ044S,Band 3,1CN00040,0,E001533,BRV04,RM,
E001181,Kiều Hoài Xuân,F,1970-07-12,2023-11-01,,Active,01CN000024,MJ008C,Band 2,1CN00526,0,E000791,HNO49,BO,
E001182,Vương Đình Quang,M,1983-03-26,2023-11-01,,Active,01CN000027,MJ043S,Band 4,1CN00224,0,E001357,HPH07,RM,
E001183,Phan Hoài Hằng,F,1984-04-04,2023-11-01,,Active,01CN000019,MJ011M,Band 5,1CN01240,1,E001218,HNO39,TL,
E001184,Hồ Duy Việt,M,1973-04-05,2023-11-01,,Active,01CN000023,MJ008C,Band 2,1CN00812,0,E000707,DAN01,BO,
E001185,Thái Thị Hạnh,F,1987-12-23,2023-11-01,,Active,01QT000018,MM008C,Band 3,1QT00034,0,E001020,HSC01,BO,
E001186,Thái Gia Thắng,M,1984-08-03,2023-11-01,,Active,01CN000060,BA013M,Band 6,1CN01255,1,E000959,HCM32,HH,
E001187,Phạm Nhật Tuấn,M,1977-12-25,2023-11-01,2024-11-01,Terminated,01CN000076,M00109,Band 3,1CN00302,0,E001323,HCM04,RM,
E001188,Tô Ngọc Xuân,F,1994-07-18,2023-12-01,,Active,01CN000054,MJ161E,Band 5,1CN00953,0,E001757,HNO01,RM,
E001189,Mai Hồng Linh,F,1990-05-07,2023-12-01,,Active,01CN000080,MJ029S,Band 4,1CN01032,0,E001610,HNO02,RM,
E001190,Đặng Tuyết Nhung,F,1987-08-26,2023-12-01,,Active,01QT000010,FC004S,Band 3,1QT00149,0,E000555,HSC01,BO,
E001191,Vũ Mai Loan,F,1977-03-07,2023-12-01,,Active,01CN000012,MJ029S,Band 4,1CN00987,0,E000108,HNO59,RM,
E001192,Mai Thanh Trâm,F,1991-04-19,2023-12-01,,Active,01CN000077,M00394,Band 7,1CN00330,1,E000198,HSC01,BO,
E001193,Lương Thanh Tâm,F,1980-02-16,2023-12-01,,Active,01CN000057,MJ014M,Band 6,1CN00475,1,E001385,HNO01,TL,
E001194,Nguyễn Thế Bình,M,1975-03-21,2023-12-01,,Active,01QT000010,FC005C,Band 2,1QT00154,0,E001305,HSC01,BO,
E001195,Lý Yến Lan,F,1972-11-13,2023-12-01,2024-10-01,Terminated,01CN000019,MK015S,Band 3,1CN00854,0,E001218,HNO39,ARM,
E001196,Lương Hà Dung,F,1996-03-12,2023-12-01,,Active,01CN000050,MJ161E,Band 5,1CN01100,0,,HNO01,RM,
E001197,Võ Thanh Nhung,F,2001-03-01,2023-12-01,,Active,01QT000010,AA052C,K,1QT00158,0,E000943,HSC01,BO,
E001198,Lâm Thanh Kiên,M,1979-12-27,2023-12-01,,Active,01CN000079,MJ028S,Band 3,1CN00315,0,E000669,BDU01,BO,
E001199,Vũ Vy,F,1971-08-21,2023-12-01,2025-01-01,Terminated,01CN000031,M00110,Band 2,1CN00701,0,E001427,BRV04,RM,
E001200,Phan Bảo Hạnh,F,2000-12-18,2023-12-01,2025-08-01,Terminated,01CN000085,MJ008C,Band 2,1CN00983,0,E001561,HNO44,BO,
E001201,Thái Xuân Kim,F,1992-02-11,2023-12-01,2025-06-01,Terminated,01CN000079,MJ029S,Band 4,1CN00956,0,E000055,BDU01,RM,
E001202,Cao Công Khánh,M,1989-02-11,2023-12-01,,Active,01CN000038,MJ029S,Band 4,1CN00977,0,E001262,KHO01,RM,
E001203,Dương Mai Vy,F,1993-03-10,2023-12-01,2024-12-01,Terminated,01CN000057,MJ016E,Band 5,1CN01232,0,E001541,HNO01,RM,
E001204,Đỗ Mạnh Quân,M,1977-05-19,2023-12-01,,Active,01QT000005,FC015C,Band 2,1QT00133,0,E000788,HSC01,BO,
E001205,Đào Ngọc Trường,M,2002-01-24,2023-12-01,,Active,01CN000068,MJ163S,Band 4,1CN00348,0,E000689,HSC01,RM,
E001206,Tô Hoàng Đăng,M,1977-12-17,2023-12-01,,Active,01CN000019,MK061C,Band 2,1CN00799,0,E001851,HNO39,ARM,
E001207,Vương Đình Sang,M,1996-12-05,2023-12-01,,Active,01CN000037,MJ029S,Band 4,1CN00312,0,E001677,HCM01,RM,
E001208,Nguyễn Toàn,M,1970-11-21,2023-12-01,2024-03-01,Terminated,01CN000001,AA052C,K,1CN00841,0,E001033,HNO63,BO,
E001209,Huỳnh Hương,F,1997-06-21,2023-12-01,2024-02-01,Terminated,01CN000025,M00159,Band 8,1CN01013,1,E000112,HSC02,BO,
E001210,Trịnh Xuân Thanh,F,1971-04-26,2023-12-01,2024-12-01,Terminated,01CN000041,M00110,Band 2,1CN00381,0,E000899,HNO17,RM,
E001211,Phan Anh Trung,M,1986-09-19,2023-12-01,,Active,01CN000080,M00109,Band 3,1CN01072,0,E001610,HNO02,RM,
E001212,Lê Anh Quang,M,1975-05-12,2024-01-01,,Active,01CN000002,MK015S,Band 3,1CN00402,0,E001684,HCM48,ARM,
E001213,Đoàn Bích Thảo,F,1984-03-24,2024-01-01,,Active,01CN000067,MJ044S,Band 3,1CN00052,0,E001713,HCM19,RM,
E001214,Vũ Trọng Sang,M,2001-10-02,2024-01-01,,Active,01CN000080,MJ043S,Band 4,1CN00461,0,E000879,HNO02,RM,
E001215,Kiều Ngọc Tú,F,1990-07-04,2024-01-01,,Active,01CN000006,AA052C,,1CN00709,0,E000495,,BO,
E001216,Đào Hà Huệ,F,1977-12-13,2024-01-01,2025-04-01,Terminated,01CN000019,MJ011M,Band 4,1CN00835,0,E000085,HNO39,TL,
E001217,Lâm Trung Tuấn,M,1990-12-11,2024-01-01,,Active,01CN000024,MJ043S,Band 4,1CN00663,0,E000136,HNO49,RM,
E001218,Trịnh Minh Ngọc,F,1993-10-28,2024-01-01,2025-07-01,Terminated,01CN000019,MJ011M,Band 5,1CN01240,1,E001629,HNO39,TL,
E001219,Võ Trung Vũ,M,1972-04-18,2024-01-01,,Active,01QT000006,PB019M,Band 5,1QT00117,1,E001762,HSC01,BO,
E001220,Kiều Gia Phúc,M,2003-08-05,2024-01-01,,Active,01CN000041,MK015S,Band 3,1CN00737,0,E000026,HNO17,ARM,
E001221,Lâm Hoài Yến,F,1999-08-25,2024-01-01,,Active,01CN000069,M00110,Band 2,1CN01137,0,E001693,HCM41,RM,
E001222,Chu Kiều Yến,F,1995-03-20,2024-01-01,2024-10-01,Terminated,01CN000010,MJ011M,Band 5,1CN00508,1,E000870,TDU01,TL,
E001223,Vũ Khắc Trường,M,1971-01-16,2024-01-01,,Active,01CN000019,MJ044S,Band 3,1CN01126,0,E001629,HNO39,RM,
E001224,Bùi Hà My,F,1988-05-16,2024-01-01,2025-09-01,Terminated,01CN000012,M00107,Band 4,1CN00974,0,E000074,HNO59,RM,
E001225,Nguyễn Tuấn Lâm,M,1982-08-13,2024-01-01,2025-01-01,Terminated,01CN000069,MJ008C,Band 2,1CN00893,0,E000802,HCM41,BO,
E001226,Kiều Lan Diệp,F,1983-06-26,2024-01-01,,Active,01CN000059,M00109,Band 3,1CN00444,0,E001613,BRV01,RM,
E001227,Đào Phương Diệp,F,1978-01-02,2024-01-01,,Active,01CN000023,M00107,Band 4,1CN01263,0,E000707,DAN01,RM,
E001228,Trịnh Diệu Xuân,F,2003-02-10,2024-01-01,,Active,01CN000033,MJ011S,Band 4,1CN01201,0,E000069,HNO01,BO,
E001229,Ngô Trung An,M,1986-01-04,2024-01-01,,Active,01QT000005,FC023S,Band 4,1QT00003,0,E000300,HSC01,BO,
E001230,Đặng Diệu Anh,F,1990-11-01,2024-01-01,2025-07-01,Terminated,01QT000002,FC028S,Band 4,1QT00170,0,E000968,HSC01,BO,
E001231,Đỗ Duy Sơn,M,1972-08-07,2024-01-01,,Active,01CN000073,MK015S,Band 3,1CN00749,0,E000862,HNO34,ARM,
E001232,Đào Minh Nghĩa,M,1990-12-13,2024-01-01,,Active,01CN000072,MJ011S,Band 4,1CN01283,0,,HNO65,BO,
E001233,Phạm Thị Lan,F,1980-07-28,2024-01-01,,Active,01CN000034,M00109,Band 3,1CN00525,0,E001777,HNO11,RM,
E001234,Lương Hồng Huệ,F,1996-09-21,2024-01-01,,Active,01CN000034,M00110,Band 2,1CN00263,0,E001777,HNO11,RM,
E001235,Phạm Việt Cảnh,M,1989-09-26,2024-01-01,,Active,01CN000002,MJ011M,Band 5,1CN00778,1,E000871,HCM48,TL,
E001236,Vũ Khắc Bảo,M,1971-01-18,2024-01-01,,Active,01QT000012,FA031S,Band 4,1QT00174,0,,HSC01,BO,
E001237,Hoàng Khánh Kim,F,1980-09-26,2024-02-01,2025-02-01,Terminated,01CN000070,MJ010S,Band 4,1CN00055,0,E000556,BNI01,BO,
E001238,Tô Huy,M,1980-12-14,2024-02-01,,Active,01CN000064,MH044C,Band 2,1CN01034,0,E000163,HSC01,BO,
E001239,Thái Châu,F,1982-06-07,2024-02-01,,Active,01CN000044,M00110,Band 2,1CN00550,0,E001078,QNI01,RM,
E001240,Thái Tài,M,1988-09-13,2024-02-01,2024-06-01,Terminated,01CN000070,MJ011S,Band 4,1CN01272,0,E000250,BNI01,BO,
E001241,Nguyễn Công Phúc,M,1984-02-28,2024-02-01,,Active,01CN000079,M00107,Band 4,1CN00945,0,E000055,BDU01,RM,
E001242,Nguyễn Mạnh Hải,M,1998-09-13,2024-02-01,2025-02-01,Terminated,01CN000031,AA052C,K,1CN00687,0,E000868,BRV04,BO,
E001243,Hoàng Diệu Nga,F,1978-06-07,2024-02-01,2025-10-01,Terminated,01CN000044,MJ028S,Band 3,1CN01237,0,E001078,QNI01,BO,
E001244,Lâm Hằng,F,1974-04-27,2024-02-01,,Active,01CN000039,M00165,Band 4,1CN00685,0,E001025,HSC01,BO,
E001245,Vũ Văn Quân,M,1990-05-10,2024-02-01,,Active,01CN000044,MJ008C,Band 2,1CN00420,0,E000289,QNI01,BO,
E001246,Phan Hoài Tuyết,F,1975-08-12,2024-02-01,2024-09-01,Terminated,01CN000039,M00166,Band 3,1CN00376,0,E001025,HSC01,BO,
E001247,Phan Trọng Duy,M,1993-06-07,2024-02-01,2025-10-01,Terminated,01CN000040,AA052C,K,1CN00657,0,E000595,HCM17,BO,
E001248,Vũ Thanh Dung,F,1971-04-17,2024-02-01,,Active,01CN000070,MJ043S,Band 4,1CN00212,0,E000250,BNI01,RM,
E001249,Võ Mai Loan,F,1971-01-24,2024-02-01,,Active,01QT000012,FA034C,Band 2,1QT00001,0,,HSC01,BO,
E001250,Đỗ Kiều Tâm,F,1989-10-09,2024-02-01,,Active,01CN000057,MJ017E,Band 4,1CN00115,0,E000329,HNO01,RM,
E001251,Đinh Gia Nhật,M,1994-03-25,2024-02-01,2025-02-01,Terminated,01CN000084,MK046S,Band 4,1CN00777,0,E001799,HSC01,BO,
E001252,Hồ Ngọc Trang,F,2002-03-15,2024-02-01,,Active,01CN000024,MJ011S,Band 4,1CN00738,0,E000791,HNO49,BO,
E001253,Thái Gia Thái,M,2003-12-07,2024-02-01,,Active,01QT000003,M00359,Band 5,1QT00118,0,E001499,HSC01,BO,
E001254,Ngô Như Phương,F,1978-10-15,2024-02-01,2025-02-01,Terminated,01CN000024,M00108,Band 4,1CN00765,0,E000136,HNO49,RM,
E001255,Huỳnh Khánh Hà,F,1996-10-01,2024-02-01,2025-08-01,Terminated,01CN000057,MJ014M,Band 6,1CN00524,1,E000329,HNO01,TL,
E001256,Đào Minh Hương,F,1993-10-27,2024-02-01,,Active,01CN000009,MJ026M,Band 6,1CN00269,1,E000539,HCM01,TL,
E001257,Phan Yến Oanh,F,1999-01-21,2024-02-01,,Active,01CN000057,MJ016E,Band 5,1CN01068,0,E001361,HCM01,RM,
E001258,Hà Tuyết Hạnh,F,1986-08-04,2024-02-01,,Active,01QT000008,BC022S,Band 4,1QT00104,0,,HSC01,BO,
E001259,Cao Mai Hiền,F,1973-03-05,2024-02-01,,Active,01CN000050,MJ163S,Band 4,1CN00673,0,,HNO01,RM,
E001260,Vũ Tuấn Thịnh,M,1970-07-07,2024-02-01,,Active,01QT000011,FC008M,Band 7,1QT00142,1,E001327,HSC01,BO,
E001261,Đinh Dũng,M,1980-03-11,2024-02-01,,Active,01QT000018,MM008C,Band 3,1QT00034,0,E000799,HSC01,BO,
E001262,Phạm Anh Toàn,M,1972-01-24,2024-03-01,,Active,01CN000038,MJ011M,Band 5,1CN00128,1,E000484,KHO01,TL,
E001263,Đinh Văn Thắng,M,1996-06-17,2024-03-01,,Active,01CN000073,AA052C,K,1CN01204,0,E000862,HNO34,BO,
E001264,Tô Như Thảo,F,1976-07-14,2024-03-01,,Active,01CN000031,MK061C,Band 2,1CN00586,0,E000835,BRV04,ARM,
E001265,Trịnh Khánh Xuân,F,1992-02-06,2024-03-01,,Active,01CN000083,MJ043S,Band 4,1CN00996,0,E001094,HCM12,RM,
E001266,Đoàn Quang Cảnh,M,1989-08-13,2024-03-01,,Active,01CN000080,M00108,Band 4,1CN00763,0,E000879,HNO02,RM,
E001267,Lý Thuỳ Hương,F,1984-08-07,2024-03-01,,Active,01QT000005,FC012M,Band 5,1QT00138,1,E001360,HSC01,BO,
E001268,Cao Như Hương,F,1977-11-18,2024-03-01,,Active,01CN000057,AA052C,K,1CN00296,0,E000098,HCM01,BO,
E001269,Huỳnh Nam,M,1977-08-10,2024-03-01,,Active,01CN000057,MJ014M,Band 6,1CN00465,1,E001541,HCM01,TL,
E001270,Dương Tài,M,1971-05-21,2024-03-01,,Active,01CN000044,M00110,Band 2,1CN00550,0,E000289,QNI01,RM,
E001271,Lý Nhật Hiếu,M,1992-11-15,2024-03-01,,Active,01CN000002,M00109,Band 3,1CN00109,0,E001684,HCM48,RM,
E001272,Đinh Chí Tuấn,M,1979-04-10,2024-03-01,,Active,01CN000038,MK061C,Band 2,1CN00653,0,E000591,KHO01,ARM,
E001273,Phạm Thanh My,F,2001-12-12,2024-03-01,,Active,01CN000037,MJ010S,Band 4,1CN00531,0,E001817,HCM01,BO,
E001274,Võ Khắc Hiếu,M,1978-05-20,2024-03-01,,Active,01CN000050,MK092C,Band 2,1CN00789,0,,HNO01,ARM,
E001275,Dương Tuấn Sang,M,1983-08-03,2024-03-01,,Active,01CN000059,MJ010S,Band 4,1CN01041,0,E000639,BRV01,BO,
E001276,Dương Đình Phong,M,1981-04-28,2024-03-01,,Active,01QT000013,FA012S,Band 3,1QT00022,0,E001101,HSC01,BO,
E001277,Trịnh Kiều Trinh,F,2000-12-24,2024-03-01,2024-05-01,Terminated,01CN000042,MJ163S,Band 4,1CN00006,0,E001053,HNO01,RM,
E001278,Phan Anh Đăng,M,1971-02-08,2024-03-01,,Active,01CN000027,MJ008C,Band 2,1CN00544,0,E001029,HPH07,BO,
E001279,Trần Lan Oanh,F,1984-02-08,2024-03-01,,Active,01CN000019,MJ011S,Band 4,1CN00618,0,E001183,HNO39,BO,
E001280,Phạm Thanh Trường,M,1995-12-20,2024-03-01,,Active,01CN000024,M00110,Band 2,1CN01257,0,E000136,HNO49,RM,
E001281,Vương Diệu Ly,F,1980-04-05,2024-03-01,2025-05-01,Terminated,01CN000057,MK001T,Band 4,1CN00783,0,E000329,HNO01,ARM,
E001282,Tô Bích Dung,F,1979-06-08,2024-03-01,,Active,01CN000079,MJ011M,Band 5,1CN00306,1,E000669,BDU01,TL,
E001283,Hà Hoàng Tiến,M,1989-02-01,2024-03-01,,Active,01CN000038,MK061C,Band 2,1CN00653,0,E000591,KHO01,ARM,
E001284,Đào Hoài Hoa,F,1978-12-28,2024-03-01,2025-03-01,Terminated,01CN000023,BA013M,Band 6,1CN00959,1,E001368,DAN01,HH,
E001285,Đinh Dũng,M,1983-01-13,2024-03-01,2025-03-01,Terminated,01CN000038,AA052C,K,1CN01355,0,E000591,KHO01,BO,
E001286,Tô Kiều Kim,F,1996-10-01,2024-03-01,,Active,01CN000078,MK044S,Band 4,1CN00139,0,E001689,HSC01,BO,
E001287,Hà Mạnh Long,M,1990-09-21,2024-04-01,,Active,01CN000002,MJ043S,Band 4,1CN00072,0,E000869,HCM48,RM,
E001288,Vũ Hải,M,1980-09-13,2024-04-01,,Active,01CN000074,MJ010S,Band 4,1CN00163,0,E001103,HCM40,BO,
E001289,Đoàn Tất Tiến,M,1972-11-22,2024-04-01,2025-01-01,Terminated,01CN000064,MH034M,Band 6,1CN00851,1,E000163,HSC01,BO,
E001290,Nguyễn Công Khánh,M,1987-10-03,2024-04-01,,Active,01QT000012,FA034C,Band 2,1QT00001,0,,HSC01,BO,
E001291,Vũ Hằng,F,1979-08-20,2024-04-01,,Active,01CN000048,MK092C,Band 2,1CN00299,0,E000682,HCM01,ARM,
E001292,Đào Minh Bích,F,1973-02-24,2024-04-01,,Active,01CN000060,AA052C,K,1CN00378,0,E001447,HCM32,BO,
E001293,Huỳnh Minh Hải,M,1986-01-21,2024-04-01,,Active,01CN000012,M00108,Band 4,1CN00354,0,E000074,HNO59,RM,
E001294,Hồ Trung Thịnh,M,1972-12-27,2024-04-01,,Active,01CN000009,MK092C,Band 2,1CN00575,0,E001256,HCM01,ARM,
E001295,Tô Chí Sơn,M,1992-06-27,2024-04-01,2024-09-01,Terminated,01CN000067,MK015S,Band 3,1CN01279,0,E000473,HCM19,ARM,
E001296,Đặng Thanh Đức,M,1970-05-08,2024-04-01,2025-10-01,Terminated,01CN000042,MJ026M,Band 6,1CN01149,1,E000122,HNO01,TL,
E001297,Lương Tuấn Huy,M,1984-10-03,2024-04-01,,Active,01CN000060,AA052C,K,1CN00378,0,E001186,HCM32,BO,
E001298,Nguyễn Trọng Trung,M,1984-09-05,2024-04-01,,Active,01CN000020,MJ010S,Band 4,1CN01332,0,E000674,HPH01,BO,
E001299,Đỗ Tuyết Tuyết,F,1981-01-07,2024-04-01,,Active,01CN000085,AA052C,K,1CN00308,0,E000194,HNO44,BO,
E001300,Dương Giang,F,1987-12-18,2024-04-01,,Active,01CN000044,MJ043S,Band 4,1CN00933,0,E001078,QNI01,RM,
E001301,Đinh Xuân Trường,M,1988-01-14,2024-04-01,,Active,01QT000012,FA004E,Band 5,1QT00008,0,,HSC01,BO,
E001302,Lương Nhật Thái,M,1998-05-19,2024-04-01,2025-05-01,Terminated,01CN000001,M00108,Band 4,1CN01383,0,E000186,HNO63,RM,
E001303,Thái Yến Nhung,F,1990-11-15,2024-04-01,,Active,01CN000044,MJ044S,Band 3,1CN00839,0,E000289,QNI01,RM,
E001304,Thái Ngọc My,F,2003-04-26,2024-04-01,,Active,01CN000057,MJ016E,Band 5,1CN00389,0,E000301,HCM01,RM,
E001305,Đoàn Phương Khuê,F,1987-01-20,2024-04-01,,Active,01QT000010,FC003M,Band 5,1QT00056,1,E000943,HSC01,BO,
E001306,Đỗ Hoàng An,M,1996-12-16,2024-04-01,,Active,01CN000034,MJ011S,Band 4,1CN00317,0,E000322,HNO11,BO,
E001307,Lương Diệu Châu,F,1999-10-04,2024-04-01,,Active,01CN000019,MJ011M,Band 4,1CN00835,0,E001851,HNO39,TL,
E001308,Đào Oanh,F,1984-10-06,2024-04-01,,Active,01QT000003,M00359,Band 5,1QT00118,0,E001499,HSC01,BO,
E001309,Lương Tuyết Hà,F,1998-10-22,2024-04-01,,Active,01CN000033,BA013M,Band 6,1CN01062,1,E001658,HNO01,HH,
E001310,Dương Hà Lan,F,2001-08-27,2024-04-01,2024-11-01,Terminated,01QT000009,M00140,Band 5,1QT00148,0,E000076,HSC01,BO,
E001311,Phạm Đình Việt,M,1987-02-23,2024-04-01,2025-02-01,Terminated,01CN000001,MK015S,Band 3,1CN00629,0,E000003,HNO63,ARM,
E001312,Hà Hoài Mai,F,2002-12-24,2024-04-01,,Active,01CN000003,MJ043S,Band 4,1CN00093,0,E000935,DAN03,RM,
E001313,Trịnh Kim Thu,F,1995-07-06,2024-05-01,,Active,01CN000027,MJ011S,Band 4,1CN01113,0,E001029,HPH07,BO,
E001314,Ngô Bảo Thanh,F,1980-08-07,2024-05-01,2025-05-01,Terminated,01CN000080,MJ044S,Band 3,1CN00741,0,E000879,HNO02,RM,
E001315,Phạm Bảo Duyên,F,1979-10-14,2024-05-01,,Active,01CN000028,MK019E,Band 5,1CN00240,0,E000401,HNO01,BO,
E001316,Vũ Minh Diệp,F,1989-03-07,2024-05-01,,Active,01CN000044,AA052C,K,1CN01228,0,E000289,QNI01,BO,
E001317,Võ Yến Trang,F,1991-05-12,2024-05-01,,Active,01CN000068,MJ026M,Band 5,1CN00766,1,E000371,HSC01,TL,
E001318,Phạm Kim Tuyết,F,1976-05-08,2024-05-01,,Active,01CN000057,MK118C,Band 2,1CN01215,0,E000303,HNO01,ARM,
E001319,Mai Hoàng Vinh,M,1994-12-18,2024-05-01,,Active,01CN000072,MJ044S,Band 3,1CN00190,0,,HNO65,RM,
E001320,Huỳnh Mai Loan,F,1973-04-19,2024-05-01,,Active,01QT000012,FA033S,Band 3,1QT00040,0,,HSC01,BO,
E001321,Nguyễn Chí Hùng,M,1970-01-23,2024-05-01,,Active,01QT000013,AA052C,K,1QT00037,0,E001101,HSC01,BO,
E001322,Cao Tuyết Trâm,F,1976-06-14,2024-05-01,,Active,01CN000010,AA052C,K,1CN00699,0,E000870,TDU01,BO,
E001323,Kiều Bích Xuân,F,1979-08-07,2024-05-01,,Active,01CN000076,MJ011M,Band 5,1CN00886,1,E000628,HCM04,TL,
E001324,Phạm Mạnh Huy,M,1979-02-25,2024-05-01,,Active,01CN000057,MJ029E,Band 5,1CN01277,0,E000248,HCM01,RM,
E001325,Mai Bích Huệ,F,1991-09-13,2024-05-01,,Active,01CN000024,MJ011S,Band 4,1CN00738,0,E000795,HNO49,BO,
E001326,Đặng Tuyết Thuỷ,F,1990-03-04,2024-05-01,,Active,01QT000010,M00384,Band 2,1QT00062,0,E000555,HSC01,BO,
E001327,Kiều Tất Nguyên,M,1990-11-06,2024-05-01,,Active,01QT000011,FC008M,Band 7,1QT00142,1,E001645,HSC01,BO,
E001328,Lâm Tuyết Lan,F,1989-05-28,2024-05-01,2024-06-01,Terminated,01CN000070,MJ011S,Band 4,1CN01272,0,E000556,BNI01,BO,
E001329,Hà Yến Nhung,F,1989-01-12,2024-05-01,2024-12-01,Terminated,01CN000038,AA052C,K,1CN01355,0,E001747,KHO01,BO,
E001330,Hà Hữu Vũ,M,1991-04-01,2024-05-01,,Active,01CN000044,MJ010S,Band 4,1CN01049,0,E001078,QNI01,BO,
E001331,Đỗ Bích Hà,F,1971-05-25,2024-05-01,,Active,01CN000079,MJ010S,Band 4,1CN00298,0,E000669,BDU01,BO,
E001332,Dương Anh Sơn,M,2001-02-08,2024-05-01,,Active,01QT000010,M00139,Band 5,1QT00043,0,E000555,HSC01,BO,
E001333,Nguyễn Duy Long,M,1974-08-18,2024-05-01,,Active,01CN000041,M00110,Band 2,1CN00381,0,E000026,HNO17,RM,
E001334,Lê Chí Tài,M,1994-04-07,2024-05-01,,Active,01QT000010,M00385,Band 5,1QT00185,0,E001428,HSC01,BO,
E001335,Nguyễn Văn Vinh,M,1978-05-26,2024-05-01,,Active,01CN000044,MJ029S,Band 4,1CN00561,0,E000289,QNI01,RM,
E001336,Lương Trường,M,2001-03-09,2024-05-01,,Active,01CN000061,MK061C,Band 2,1CN00421,0,E000470,HCM29,ARM,
E001337,Kiều Thanh Trang,F,1975-07-24,2024-05-01,,Active,01CN000023,M00107,Band 4,1CN01263,0,E001284,DAN01,RM,
E001338,Lương Đình Cường,M,1997-02-28,2024-05-01,2025-04-01,Terminated,01CN000008,MJ036M,Band 6,1CN00762,1,E001046,HCM29,HH,
E001339,Vương Sang,M,2000-09-07,2024-06-01,,Active,01QT000017,FA039S,Band 3,1QT00105,0,E000444,HSC01,BO,
E001340,Trịnh Quang,M,1997-02-06,2024-06-01,,Active,01CN000079,M00108,Band 4,1CN00433,0,E001703,BDU01,RM,
E001341,Võ Công Phong,M,1979-06-26,2024-06-01,,Active,01CN000061,MJ029S,Band 4,1CN01011,0,E000263,HCM29,RM,
E001342,Trịnh Khắc Khoa,M,2002-01-24,2024-06-01,,Active,01CN000068,MK091S,Band 3,1CN00666,0,E000826,HSC01,ARM,
E001343,Chu Quân,M,1982-06-10,2024-06-01,,Active,01CN000022,AA052C,K,1CN00614,0,E000389,CTH01,BO,
E001344,Lâm Yến Anh,F,1994-07-01,2024-06-01,,Active,01CN000087,MH033E,Band 5,1CN00600,0,E001818,HSC01,BO,
E001345,Trần Minh Đăng,M,2003-02-09,2024-06-01,,Active,01CN000059,M00108,Band 4,1CN00773,0,E000948,BRV01,RM,
E001346,Huỳnh Công Vũ,M,1994-07-25,2024-06-01,,Active,01CN000074,M00108,Band 4,1CN00808,0,E000331,HCM40,RM,
E001347,Hoàng Minh Linh,F,1970-10-13,2024-06-01,,Active,01CN000072,M00109,Band 3,1CN00668,0,,HNO65,RM,
E001348,Lương Trang,F,1978-08-07,2024-06-01,,Active,01CN000073,MJ008C,Band 2,1CN00610,0,E001544,HNO34,BO,
E001349,Vũ Mạnh Long,M,1971-11-13,2024-06-01,,Active,01QT000024,FA044S,Band 3,1QT00035,0,E000517,HSC01,BO,
E001350,Lương Trọng Lộc,M,1978-11-08,2024-06-01,,Active,01CN000023,AA052C,K,1CN00545,0,E001368,DAN01,BO,
E001351,Chu Chí Tân,M,2000-06-08,2024-06-01,2025-12-01,Terminated,01CN000068,MK090S,Band 4,1CN00144,0,E000826,HSC01,ARM,
E001352,Lê Thanh,F,1980-08-26,2024-06-01,,Active,01CN000069,M00107,Band 4,1CN00059,0,E000802,HCM41,RM,
E001353,Mai Bích Duyên,F,1999-02-12,2024-06-01,,Active,01CN000069,MK061C,Band 2,1CN00322,0,E001693,HCM41,ARM,
E001354,Hoàng Hà Kim,F,1992-03-18,2024-06-01,,Active,01CN000001,MJ044S,Band 3,1CN01256,0,E000186,HNO63,RM,
E001355,Đào Minh Thành,M,1989-05-05,2024-06-01,2024-10-01,Terminated,01CN000031,MJ008C,Band 2,1CN01286,0,E001533,BRV04,BO,
E001356,Hoàng Diệu Khuê,F,1981-02-16,2024-06-01,,Active,01CN000008,MJ018S,Band 4,1CN01123,0,E001550,HCM29,RM,
E001357,Đặng Tuyết Ngọc,F,1970-12-24,2024-06-01,,Active,01CN000027,BA013M,Band 6,1CN01224,1,E001029,HPH07,HH,
E001358,Vũ Yến Huệ,F,1985-10-19,2024-06-01,2025-01-01,Terminated,01CN000087,MH049C,Band 2,1CN00057,0,E001818,HSC01,BO,
E001359,Lý Khánh Thảo,F,1989-01-24,2024-06-01,,Active,01CN000010,MJ010S,Band 4,1CN00500,0,E000101,TDU01,BO,
E001360,Lương Như Ngọc,F,1994-02-02,2024-06-01,,Active,01QT000005,FC014M,Band 5,1QT00048,1,E000300,HSC01,BO,
E001361,Bùi Kim Xuân,F,1981-10-28,2024-06-01,2024-09-01,Terminated,01CN000057,MJ014M,Band 6,1CN00475,1,E001557,HNO01,TL,
E001362,Lê Hà Xuân,F,1980-08-08,2024-06-01,2025-06-01,Terminated,01CN000037,M00107,Band 4,1CN01293,0,E001677,HCM01,RM,
E001363,Trần Việt Phúc,M,1992-10-20,2024-06-01,,Active,01CN000037,M00110,Band 2,1CN00935,0,E001817,HCM01,RM,
E001364,Đỗ Lan Trâm,F,1974-09-07,2024-06-01,2025-12-01,Terminated,01CN000006,MJ011S,Band 4,1CN00876,0,E000971,HNO52,BO,
E001365,Nguyễn Bình,M,2003-08-04,2024-07-01,2025-07-01,Terminated,01CN000073,MJ010S,Band 4,1CN01335,0,E000862,HNO34,BO,
E001366,Vương Tuấn Minh,M,1990-08-01,2024-07-01,2025-02-01,Terminated,01CN000069,MJ028S,Band 3,1CN01381,0,E000668,HCM41,BO,
E001367,Võ Quang Bảo,M,1974-12-15,2024-07-01,,Active,01CN000022,MJ011M,Band 5,1CN00931,1,E001381,CTH01,TL,
E001368,Vũ Anh Thắng,M,1975-05-23,2024-07-01,,Active,01CN000023,BA013M,Band 6,1CN00959,1,E001284,DAN01,HH,
E001369,Lê Đình Thắng,M,2003-08-15,2024-07-01,2025-06-01,Terminated,01CN000061,MJ029S,Band 4,1CN01011,0,E000263,HCM29,RM,
E001370,Huỳnh Ngọc Ngọc,F,1988-03-23,2024-07-01,,Active,01CN000020,MJ029S,Band 4,1CN01153,0,E000058,HPH01,RM,
E001371,Hà Hồng Tuyết,F,1977-10-12,2024-07-01,2025-07-01,Terminated,01CN000031,MJ043S,Band 4,1CN01200,0,E000868,BRV04,RM,
E001372,Ngô Tất Khang,M,1970-09-22,2024-07-01,,Active,01CN000061,MJ044S,Band 3,1CN00788,0,E000263,HCM29,RM,
E001373,Phan Lâm,M,1998-07-18,2024-07-01,2025-02-01,Terminated,01CN000001,AA052C,K,1CN00054,0,E000167,HNO63,BO,
E001374,Kiều Vũ,M,2003-10-28,2024-07-01,,Active,01CN000067,MK015S,Band 3,1CN01279,0,E000473,HCM19,ARM,
E001375,Đỗ Phương Yến,F,1981-04-24,2024-07-01,,Active,01CN000008,MJ037M,Band 5,1CN01109,1,E000073,HCM29,TL,
E001376,Lý Hà Trinh,F,2001-04-23,2024-07-01,,Active,01CN000031,M00108,Band 4,1CN00836,0,E000868,BRV04,RM,
E001377,Lý Xuân Huệ,F,1987-04-05,2024-07-01,,Active,01CN000042,MK092C,Band 2,1CN00429,0,E000418,HNO01,ARM,
E001378,Võ Khắc Khánh,M,1994-12-20,2024-07-01,,Active,01QT000005,FC022M,Band 6,1QT00083,1,E000873,HSC01,BO,
E001379,Phạm Khắc Quân,M,1991-04-06,2024-07-01,,Active,01CN000076,M00107,Band 4,1CN00387,0,E000139,HCM04,RM,
E001380,Đặng Khang,M,1982-09-14,2024-07-01,,Active,01CN000044,MJ044S,Band 3,1CN00839,0,E001078,QNI01,RM,
E001381,Lương Nhật Quân,M,2002-05-02,2024-07-01,,Active,01CN000022,MJ011M,Band 5,1CN00931,1,E001623,CTH01,TL,
E001382,Thái Xuân Đạt,M,1981-04-11,2024-07-01,,Active,01QT000003,M00361,Band 4,1QT00159,0,E000245,HSC01,BO,
E001383,Ngô Bảo Nga,F,1973-12-11,2024-07-01,,Active,01CN000001,MJ029S,Band 4,1CN00911,0,E001033,HNO63,RM,
E001384,Phạm Hà Hằng,F,1983-04-08,2024-07-01,,Active,01QT000023,FA007S,Band 4,1QT00077,0,E000809,HSC01,BO,
E001385,Lê Duy Hoà,M,1975-03-19,2024-07-01,,Active,01CN000057,MM016D,Band 7,1CN00754,1,E000303,HNO01,HH,
E001386,Cao Hồng Phương,F,1985-06-08,2024-07-01,2025-11-01,Terminated,01CN000034,M00110,Band 2,1CN00263,0,E000347,HNO11,RM,
E001387,Vương Thái,M,1984-06-18,2024-07-01,2025-08-01,Terminated,01CN000008,MJ031S,Band 3,1CN01129,0,E001046,HCM29,RM,
E001388,Hoàng Thanh Bích,F,1994-12-23,2024-07-01,,Active,01CN000032,MJ161E,Band 5,1CN00576,0,,HNO01,RM,
E001389,Đỗ Ngọc Dũng,M,1971-02-05,2024-07-01,,Active,01CN000057,MJ014M,Band 6,1CN00681,1,E000913,HNO01,TL,
E001390,Võ Hồng Thuỷ,F,1984-06-16,2024-07-01,,Active,01CN000010,M00110,Band 2,1CN01368,0,E000870,TDU01,RM,
E001391,Lê Hà Hà,F,1976-05-08,2024-08-01,,Active,01CN000054,MK091S,Band 3,1CN00159,0,E001757,HNO01,ARM,
E001392,Kiều Hồng,F,1982-04-25,2024-08-01,2025-10-01,Terminated,01CN000070,MJ028S,Band 3,1CN00037,0,E000624,BNI01,BO,
E001393,Đào Ly,F,1992-04-16,2024-08-01,,Active,01QT000007,FC007C,Band 2,1QT00131,0,E001412,HSC01,BO,
E001394,Đoàn Trung Vinh,M,1977-05-06,2024-08-01,,Active,01CN000002,M00109,Band 3,1CN00109,0,E000869,HCM48,RM,
E001395,Hồ Bá Trường,M,1989-11-19,2024-08-01,,Active,01CN000059,M00110,Band 2,1CN00700,0,E000454,BRV01,RM,
E001396,Nguyễn Mạnh Phong,M,1975-10-21,2024-08-01,,Active,01CN000074,M00110,Band 2,1CN00374,0,E000345,HCM40,RM,
E001397,Mai Duy Minh,M,1995-09-25,2024-08-01,,Active,01CN000001,MJ008C,Band 2,1CN00863,0,E000443,HNO63,BO,
E001398,Võ Quỳnh Tâm,F,1973-06-10,2024-08-01,,Active,01QT000024,FA047C,Band 1,1QT00005,0,E000517,HSC01,BO,
E001399,Võ Bích Uyên,F,1996-03-28,2024-08-01,2025-01-01,Terminated,01CN000078,MK006E,Band 5,1CN00630,0,E001082,HSC02,BO,
E001400,Cao Thị Hoa,F,1973-02-16,2024-08-01,,Active,01CN000037,MJ011S,Band 4,1CN00087,0,E001817,HCM01,BO,
E001401,Tô Trung Lâm,M,1986-11-25,2024-08-01,,Active,01CN000003,MJ011M,Band 4,1CN00345,0,E000930,DAN03,TL,
E001402,Kiều Hải,M,1975-08-16,2024-08-01,2024-11-01,Terminated,01CN000022,MJ011M,Band 5,1CN00931,1,E001367,CTH01,TL,
E001403,Cao Tuyết Phương,F,1994-04-07,2024-08-01,,Active,01CN000057,MJ017E,Band 4,1CN00286,0,E000866,HNO01,RM,
E001404,Đặng Hữu Phát,M,1993-11-19,2024-08-01,,Active,01QT000010,M00139,Band 5,1QT00043,0,E000940,HSC01,BO,
E001405,Thái Quyên,F,2000-09-24,2024-08-01,,Active,01CN000042,MK091S,Band 3,1CN01186,0,E001296,HNO01,ARM,
E001406,Lý Kim Giang,F,1975-05-12,2024-08-01,2024-11-01,Terminated,01CN000024,MJ029S,Band 4,1CN00634,0,E000136,HNO49,RM,
E001407,Võ Việt Cảnh,M,2003-08-02,2024-08-01,,Active,01QT000010,M00382,Band 4,1QT00028,0,E001503,HSC01,BO,
E001408,Đào Quỳnh Tuyết,F,1991-10-04,2024-08-01,,Active,01CN000079,MK015S,Band 3,1CN00373,0,E000055,BDU01,ARM,
E001409,Lâm Tuấn Toàn,M,1984-03-08,2024-08-01,,Active,01CN000024,MJ010S,Band 4,1CN01179,0,E000136,HNO49,BO,
E001410,Cao Khắc Khang,M,1973-09-04,2024-08-01,,Active,01CN000072,MJ043S,Band 4,1CN00603,0,,HNO65,RM,
E001411,Bùi Khánh Xuân,F,2003-02-27,2024-08-01,,Active,01CN000078,MK006E,Band 5,1CN00630,0,E001445,HSC02,BO,
E001412,Đoàn Duy Huy,M,1981-11-05,2024-08-01,,Active,01QT000007,FC051M,Band 6,1QT00050,1,E000583,HSC01,BO,
E001413,Chu Diệu Thanh,F,1980-01-25,2024-08-01,,Active,01CN000013,MH030S,Band 4,1CN00023,0,E001062,HSC01,BO,
E001414,Hoàng Minh Huệ,F,1977-07-28,2024-08-01,,Active,01CN000044,MJ044S,Band 3,1CN00839,0,E001078,QNI01,RM,
E001415,Đỗ Mai Tuyết,F,1973-02-28,2024-08-01,,Active,01CN000023,MJ008C,Band 2,1CN00812,0,E001368,DAN01,BO,
E001416,Lý Anh,F,1977-12-09,2024-08-01,,Active,01CN000057,MJ017E,Band 4,1CN01038,0,E000248,HNO01,RM,
E001417,Lý Hà Tâm,F,1999-02-08,2024-08-01,,Active,01CN000074,MJ028S,Band 3,1CN00271,0,E001103,HCM40,BO,
E001418,Phan Chí Toàn,M,1977-05-24,2024-09-01,2025-01-01,Terminated,01CN000057,MJ029E,Band 5,1CN01277,0,E001361,HCM01,RM,
E001419,Thái Lan Tuyết,F,1979-10-06,2024-09-01,,Active,01QT000007,FC056S,Band 3,1QT00124,0,E001412,HSC01,BO,
E001420,Lê Khắc Bảo,M,1993-10-16,2024-09-01,2025-10-01,Terminated,01CN000032,MJ163S,Band 4,1CN00895,0,,HNO01,RM,
E001421,Đỗ Duy Quân,M,1998-01-09,2024-09-01,,Active,01CN000001,MJ010S,Band 4,1CN00153,0,E000186,HNO63,BO,
E001422,Bùi Đình Phát,M,1983-10-15,2024-09-01,,Active,01CN000063,M00467,Band 6,1CN00304,0,E000927,HSC01,BO,
E001423,Nguyễn Đình Tân,M,1971-04-13,2024-09-01,,Active,01CN000083,M00109,Band 3,1CN00509,0,E000635,HCM12,RM,
E001424,Hồ Việt Tân,M,1999-02-10,2024-09-01,,Active,01CN000061,BA013M,Band 5,1CN00277,1,E001673,HCM29,HH,
E001425,Bùi Yến Uyên,F,1987-09-18,2024-09-01,,Active,01CN000034,MJ008C,Band 2,1CN00217,0,E000307,HNO11,BO,
E001426,Lâm Duyên,F,1988-03-13,2024-09-01,2025-09-01,Terminated,01CN000019,MJ044S,Band 3,1CN01126,0,E001218,HNO39,RM,
E001427,Trần Quyên,F,1977-09-04,2024-09-01,,Active,01CN000031,BA013M,Band 6,1CN01349,1,E000880,BRV04,HH,
E001428,Ngô Đình Sang,M,1978-05-09,2024-09-01,2025-02-01,Terminated,01QT000010,FC002M,Band 6,1QT00175,1,E001503,HSC01,BO,
E001429,Kiều Hoa,F,1979-10-26,2024-09-01,,Active,01CN000053,MK019E,Band 5,1CN00258,0,E000843,HCM01,BO,
E001430,Vũ Thị Nga,F,1988-12-12,2024-09-01,2025-09-01,Terminated,01CN000038,MJ044S,Band 3,1CN00979,0,E001747,KHO01,RM,
E001431,Trần Kiều Oanh,F,1989-10-05,2024-09-01,2024-11-01,Terminated,01CN000083,MJ044S,Band 3,1CN00758,0,E001094,HCM12,RM,
E001432,Thái Văn Khoa,M,1984-12-09,2024-09-01,,Active,01CN000060,MJ029S,Band 4,1CN00902,0,E000959,HCM32,RM,
E001433,Kiều Chí Thắng,M,1986-02-09,2024-09-01,,Active,01CN000059,M00110,Band 2,1CN00700,0,E000454,BRV01,RM,
E001434,Chu Hồng Ly,F,1987-10-15,2024-09-01,,Active,01CN000085,AA052C,K,1CN00132,0,E000492,HNO44,BO,
E001435,Chu Khắc Nghĩa,M,1980-05-25,2024-09-01,,Active,01CN000013,MH030E,Band 5,1CN01326,0,E000315,HSC01,BO,
E001436,Hồ Minh Quyên,F,2002-02-25,2024-09-01,,Active,01CN000037,M00109,Band 3,1CN00857,0,E001817,HCM01,RM,
E001437,Hồ Hoàng Thắng,M,1973-08-12,2024-09-01,2025-09-01,Terminated,01CN000006,M00110,Band 2,1CN01376,0,E000971,HNO52,RM,
E001438,Lương Hữu Hải,M,1972-11-22,2024-09-01,2024-12-01,Terminated,01CN000015,M00400,Band 5,1CN01069,0,E001464,HSC01,BO,
E001439,Đinh Bá Đức,M,1993-06-19,2024-09-01,,Active,01CN000041,AA052C,K,1CN01116,0,E000899,HNO17,BO,
E001440,Thái Duy Dũng,M,1979-12-12,2024-09-01,2025-09-01,Terminated,01CN000002,MJ010S,Band 4,1CN00235,0,E001235,HCM48,BO,
E001441,Vũ Đình Hoà,M,1988-07-18,2024-09-01,,Active,01CN000017,MJ161E,Band 5,1CN00049,0,E000551,HNO01,RM,
E001442,Mai Văn Khánh,M,1982-02-24,2024-09-01,,Active,01CN000067,M00109,Band 3,1CN00957,0,E000013,HCM19,RM,
E001443,Cao Thu Duyên,F,1996-12-04,2024-09-01,2024-11-01,Terminated,01CN000072,M00109,Band 3,1CN00668,0,,HNO65,RM,
E001444,Trần Như Hồng,F,1998-06-08,2024-09-01,,Active,01CN000071,MK090S,Band 4,1CN00918,0,E001720,HNO01,ARM,
E001445,Đào Thanh Hùng,M,1991-06-09,2024-10-01,2025-11-01,Terminated,01CN000078,MK023M,Band 5,1CN00776,1,E001888,HSC02,BO,
E001446,Trần Xuân Bình,M,2000-03-19,2024-10-01,,Active,01CN000010,M00110,Band 2,1CN01368,0,E000447,TDU01,RM,
E001447,Kiều Diệu Diệp,F,1971-02-22,2024-10-01,,Active,01CN000060,MJ011M,Band 5,1CN00084,1,E001091,HCM32,TL,
E001448,Trần Diệu Oanh,F,1996-06-24,2024-10-01,,Active,01CN000084,MK046S,Band 4,1CN00476,0,E001799,HPH01,BO,
E001449,Hoàng Ngọc Sơn,M,1990-01-13,2024-10-01,,Active,01CN000060,MK061C,Band 2,1CN00656,0,E000824,HCM32,ARM,
E001450,Nguyễn Như Lan,F,1987-06-26,2024-10-01,,Active,01CN000023,MJ029S,Band 4,1CN01171,0,E001368,DAN01,RM,
E001451,Ngô Duy Thái,M,1996-05-11,2024-10-01,,Active,01CN000001,M00110,Band 2,1CN00879,0,E000318,HNO63,RM,
E001452,Đoàn Mạnh Hiếu,M,1977-09-17,2024-10-01,,Active,01CN000059,M00108,Band 4,1CN00773,0,E000948,BRV01,RM,
E001453,Hoàng Loan,F,1986-12-06,2024-10-01,,Active,01CN000001,MJ010S,Band 4,1CN00153,0,E000167,HNO63,BO,
E001454,Đỗ Khánh Lan,F,1998-06-14,2024-10-01,,Active,01CN000068,MK091S,Band 3,1CN00838,0,E000314,HSC01,ARM,
E001455,Phan Mạnh Hoà,M,1993-09-04,2024-10-01,,Active,01CN000057,MK001T,Band 4,1CN00783,0,E001023,HNO01,ARM,
E001456,Cao Hữu Sang,M,1993-10-03,2024-10-01,,Active,01CN000038,M00108,Band 4,1CN00007,0,E001747,KHO01,RM,
E001457,Lê Yến Dung,F,1988-03-06,2024-10-01,,Active,01CN000029,MJ026M,Band 6,1CN00516,1,E001659,HCM01,TL,
E001458,Đặng Minh Tiến,M,1999-01-28,2024-10-01,,Active,01CN000060,AA052C,K,1CN00378,0,E000959,HCM32,BO,
E001459,Đỗ Bích Quyên,F,1978-02-12,2024-10-01,,Active,01QT000008,BC022S,Band 4,1QT00104,0,,HSC01,BO,
E001460,Dương Phương Ngọc,F,1977-11-15,2024-10-01,,Active,01CN000070,MJ010S,Band 4,1CN00055,0,E000624,BNI01,BO,
E001461,Chu Việt Cảnh,M,1985-05-03,2024-10-01,2024-11-01,Terminated,01CN000057,MJ016E,Band 5,1CN00389,0,E000866,HCM01,RM,
E001462,Đặng Tâm,F,1971-04-12,2024-10-01,,Active,01CN000023,MK061C,Band 2,1CN01214,0,E001284,DAN01,ARM,
E001463,Lý Anh Thắng,M,1990-04-26,2024-10-01,,Active,01CN000024,M00108,Band 4,1CN00765,0,E000136,HNO49,RM,
E001464,Kiều Tuấn Tân,M,1992-04-04,2024-10-01,,Active,01CN000015,MK087M,Band 5,1CN01324,1,,HSC01,BO,
E001465,Vương Hữu Nguyên,M,1983-08-28,2024-10-01,2025-06-01,Terminated,01CN000024,MJ043S,Band 4,1CN00663,0,E000136,HNO49,RM,
E001466,Tô Ngọc Huy,M,1975-09-08,2024-10-01,,Active,01CN000062,MK034S,Band 3,1CN00198,0,E000499,HNO17,ARM,
E001467,Lý Tuyết Mai,F,1997-02-12,2024-10-01,,Active,01QT000003,M00359,Band 5,1QT00118,0,E001499,HSC01,BO,
E001468,Ngô Đức Nghĩa,M,2000-04-18,2024-10-01,,Active,01CN000085,AA052C,K,1CN00132,0,E000195,HNO44,BO,
E001469,Vương Hữu Khoa,M,1993-08-19,2024-10-01,,Active,01CN000080,M00110,Band 2,1CN00865,0,E001610,HNO02,RM,
E001470,Hà Thanh Hạnh,F,1986-10-21,2024-10-01,,Active,01QT000023,FA027C,Band 2,1QT00111,0,E000809,HSC01,BO,
E001471,Trịnh Hoàng Dũng,M,2002-04-15,2024-10-01,2025-10-01,Terminated,01CN000024,M00110,Band 2,1CN01257,0,E000791,HNO49,RM,
E001472,Hà Quỳnh Vy,F,1986-05-11,2024-11-01,,Active,01CN000025,MM020D,Band 8,1CN00328,1,E000135,HSC01,BO,
E001473,Đỗ Hồng Oanh,F,1992-09-21,2024-11-01,2025-07-01,Terminated,01CN000079,M00107,Band 4,1CN00945,0,E000055,BDU01,RM,
E001474,Mai Tuyết Nhung,F,1989-12-26,2024-11-01,,Active,01CN000038,MJ029S,Band 4,1CN00977,0,E000591,KHO01,RM,
E001475,Nguyễn Nhật Việt,M,2001-04-05,2024-11-01,2025-11-01,Terminated,01CN000068,MJ161E,Band 5,1CN00015,0,E000826,HSC01,RM,
E001476,Đinh Khánh,M,1983-06-18,2024-11-01,,Active,01CN000057,MJ014M,Band 6,1CN00465,1,E000329,HCM01,TL,
E001477,Võ Minh Cảnh,M,1976-09-17,2024-11-01,,Active,01CN000083,MJ010S,Band 4,1CN01178,0,E000635,HCM12,BO,
E001478,Đặng Đình Tuấn,M,1993-04-23,2024-11-01,,Active,01CN000072,AA052C,K,1CN01124,0,,HNO65,BO,
E001479,Kiều Hoàng Tuấn,M,1983-09-01,2024-11-01,,Active,01QT000017,FA037S,Band 4,1QT00081,0,E000346,HSC01,BO,
E001480,Võ Công Tân,M,1986-03-13,2024-11-01,2025-04-01,Terminated,01QT000017,FA020S,Band 4,1QT00012,0,E000346,HSC01,BO,
E001481,Đinh Hoài Vân,F,2002-10-20,2024-11-01,,Active,01CN000033,MJ010S,Band 4,1CN00951,0,E001658,HNO01,BO,
E001482,Ngô Xuân Xuân,F,1992-12-01,2024-11-01,,Active,01CN000085,M00107,Band 4,1CN00122,0,E000492,HNO44,RM,
E001483,Tô Bá Khánh,M,2001-01-02,2024-11-01,,Active,01QT000024,FA045S,Band 3,1QT00031,0,E001178,HSC01,BO,
E001484,Võ Xuân Hạnh,F,1996-10-01,2024-11-01,2025-07-01,Terminated,01QT000010,FC006M,Band 6,1QT00165,1,E000555,HSC01,BO,
E001485,Trịnh Thuỷ,F,1985-01-25,2024-11-01,,Active,01CN000027,MJ029S,Band 4,1CN00784,0,E001029,HPH07,RM,
E001486,Mai Hoài Hương,F,1972-01-17,2024-11-01,,Active,01CN000042,MJ026M,Band 6,1CN01149,1,E001053,HNO01,TL,
E001487,Vũ Minh Nghĩa,M,2000-02-17,2024-11-01,,Active,01CN000057,MJ017E,Band 4,1CN00726,0,E001269,HNO01,RM,
E001488,Lâm Tuyết Khuê,F,1975-12-19,2024-11-01,,Active,01CN000079,M00109,Band 3,1CN01341,0,E001282,BDU01,RM,
E001489,Vương Thanh Bảo,M,1970-06-18,2024-11-01,,Active,01CN000085,MJ008C,Band 2,1CN00983,0,E000492,HNO44,BO,
E001490,Chu Duy Quang,M,1994-02-17,2024-11-01,2025-11-01,Terminated,01QT000008,FA017S,Band 4,1QT00020,0,,HSC01,BO,
E001491,Vương Giang,F,1989-12-07,2024-11-01,,Active,01CN000040,M00108,Band 4,1CN00459,0,E001676,HCM17,RM,
E001492,Hoàng Gia Phúc,M,1983-09-15,2024-11-01,,Active,01CN000068,MK090S,Band 4,1CN00144,0,E000314,HSC01,ARM,
E001493,Thái Hoài Hoa,F,1976-01-18,2024-11-01,,Active,01CN000039,AA052C,K,1CN01019,0,E001025,HSC01,BO,
E001494,Mai Hồng Nga,F,1990-06-05,2024-11-01,,Active,01QT000024,FA008S,Band 4,1QT00184,0,E001866,HSC01,BO,
E001495,Hà Thuỳ Châu,F,1976-04-07,2024-11-01,,Active,01CN000054,MK091S,Band 3,1CN00159,0,E001757,HNO01,ARM,
E001496,Đặng Nhật Khoa,M,2002-03-24,2024-11-01,,Active,01CN000061,AA052C,K,1CN00344,0,E001673,HCM29,BO,
E001497,Võ Công Hiếu,M,1983-01-20,2024-11-01,,Active,01CN000080,M00108,Band 4,1CN00763,0,E001610,HNO02,RM,
E001498,Cao Ngọc Bảo,M,1977-05-08,2024-11-01,,Active,01CN000012,MJ029S,Band 4,1CN00987,0,E000793,HNO59,RM,
E001499,Đào Bích Xuân,F,2002-01-15,2024-12-01,,Active,01QT000003,FC032M,Band 7,1QT00060,1,E000245,HSC01,BO,
E001500,Chu Bá Cảnh,M,2000-01-05,2024-12-01,,Active,01CN000019,MJ043S,Band 4,1CN00510,0,E000085,HNO39,RM,
E001501,Lương Ngọc An,M,1995-04-21,2024-12-01,,Active,01QT000002,FC030C,Band 2,1QT00093,0,E000968,HSC01,BO,
E001502,Dương Bích Hạnh,F,1985-07-15,2024-12-01,,Active,01CN000032,MK092C,Band 2,1CN00627,0,,HNO01,ARM,
E001503,Nguyễn Hoàng Phong,M,1988-05-22,2024-12-01,,Active,01QT000010,FC002M,Band 6,1QT00175,1,E001428,HSC01,BO,
E001504,Hồ Việt Thắng,M,1991-10-14,2024-12-01,2025-01-01,Terminated,01CN000012,MJ008C,Band 2,1CN01353,0,E000793,HNO59,BO,
E001505,Tô Hữu Tiến,M,1993-01-20,2024-12-01,2025-12-01,Terminated,01CN000038,M00108,Band 4,1CN00007,0,E001747,KHO01,RM,
E001506,Hoàng Trọng Phát,M,1997-11-07,2024-12-01,,Active,01CN000027,M00110,Band 2,1CN01274,0,E001357,HPH07,RM,
E001507,Đặng Bảo Bích,F,1997-08-26,2024-12-01,2025-04-01,Terminated,01CN000059,MJ029S,Band 4,1CN01018,0,E000454,BRV01,RM,
E001508,Dương Trọng Hoà,M,1977-12-22,2024-12-01,,Active,01CN000065,MK090S,Band 4,1CN00435,0,E000090,HCM01,ARM,
E001509,Phạm Bảo Hạnh,F,1985-12-09,2024-12-01,,Active,01CN000073,M00109,Band 3,1CN01329,0,E001544,HNO34,RM,
E001510,Vương Mai Hạnh,F,2000-09-23,2024-12-01,,Active,01CN000065,MJ163S,Band 4,1CN00840,0,E000090,HCM01,RM,
E001511,Lâm Tuấn Đạt,M,1988-10-15,2024-12-01,,Active,01CN000072,MJ010S,Band 4,1CN00162,0,,HNO65,BO,
E001512,Đinh Văn Toàn,M,1978-08-14,2024-12-01,,Active,01CN000003,MJ010S,Band 4,1CN01206,0,E001769,DAN03,BO,
E001513,Đặng Hải Uyên,F,1991-08-04,2024-12-01,,Active,01CN000067,MJ029S,Band 4,1CN01033,0,E000013,HCM19,RM,
E001514,Võ Tuấn Duy,M,1979-12-04,2024-12-01,,Active,01CN000038,MJ044S,Band 3,1CN00979,0,E000591,KHO01,RM,
E001515,Vương Quỳnh Châu,F,1975-04-13,2024-12-01,,Active,01CN000027,MJ010S,Band 4,1CN00942,0,E001357,HPH07,BO,
E001516,Hoàng Hoàng Tân,M,1974-01-26,2024-12-01,2025-07-01,Terminated,01CN000071,MK091S,Band 3,1CN01222,0,E001720,HNO01,ARM,
E001517,Đào Kim Giang,F,1998-10-07,2024-12-01,,Active,01CN000012,M00107,Band 4,1CN00974,0,E000074,HNO59,RM,
E001518,Võ Khang,M,2001-11-24,2024-12-01,2025-11-01,Terminated,01QT000013,FA013C,Band 2,1QT00070,0,E000898,HSC01,BO,
E001519,Lương Hoàng Nghĩa,M,1994-05-25,2024-12-01,,Active,01CN000002,MJ044S,Band 3,1CN01071,0,E001235,HCM48,RM,
E001520,Cao Lan Khuê,F,2002-09-27,2024-12-01,2025-02-01,Terminated,01CN000022,MJ010S,Band 4,1CN00360,0,E001402,CTH01,BO,
E001521,Trịnh Hồng Khuê,F,1981-01-01,2024-12-01,,Active,01CN000037,MJ043S,Band 4,1CN00950,0,E000962,HCM01,RM,
E001522,Đinh Gia Trung,M,1999-03-22,2024-12-01,,Active,01CN000076,M00108,Band 4,1CN00862,0,E000628,HCM04,RM,
E001523,Ngô Trọng Vũ,M,1979-01-16,2024-12-01,2025-08-01,Terminated,01CN000020,M00110,Band 2,1CN00473,0,E000058,HPH01,RM,
E001524,Hoàng Công Phong,M,1980-11-23,2024-12-01,2025-09-01,Terminated,01CN000081,MJ111M,Band 7,1CN00488,1,,HSC02,BO,
E001525,Đặng Thanh Nghĩa,M,1993-06-12,2024-12-01,2025-06-01,Terminated,01CN000001,MJ028S,Band 3,1CN00485,0,E001086,HNO63,BO,
E001526,Ngô Ngọc Nhung,F,1987-11-26,2024-12-01,,Active,01CN000060,M00108,Band 4,1CN01314,0,E001447,HCM32,RM,
E001527,Bùi Thị Chi,F,1976-02-17,2025-01-01,,Active,01CN000073,MK061C,Band 2,1CN01025,0,E001729,HNO34,ARM,
E001528,Phan Mạnh Việt,M,1978-12-18,2025-01-01,,Active,01CN000085,M00110,Band 2,1CN00171,0,E001561,HNO44,RM,
E001529,Huỳnh Trọng Tài,M,1991-04-22,2025-01-01,,Active,01CN000022,AA052C,K,1CN00614,0,E001381,CTH01,BO,
E001530,Lý Hữu Lộc,M,1989-12-23,2025-01-01,,Active,01CN000029,MK090S,Band 4,1CN00413,0,E000800,HCM01,ARM,
E001531,Trịnh Minh Hùng,M,1977-07-23,2025-01-01,,Active,01QT000009,FC010C,Band 2,1QT00164,0,E000076,HSC01,BO,
E001532,Dương Đức Tài,M,1971-10-18,2025-01-01,,Active,01CN000025,M00159,Band 8,1CN01013,1,E000128,HSC02,BO,
E001533,Trịnh Bích Tú,F,1994-06-14,2025-01-01,,Active,01CN000031,BA013M,Band 6,1CN01349,1,E001427,BRV04,HH,
E001534,Lý Văn Trí,M,1992-10-15,2025-01-01,,Active,01CN000040,M00109,Band 3,1CN00578,0,E000595,HCM17,RM,
E001535,Trịnh Bảo Hoa,F,1977-10-06,2025-01-01,,Active,01QT000017,FA039S,Band 3,1QT00105,0,E000444,HSC01,BO,
E001536,Lê Cảnh,M,1990-07-24,2025-01-01,,Active,01CN000037,M00107,Band 4,1CN01293,0,E000962,HCM01,RM,
E001537,Đặng Việt Bảo,M,1991-11-24,2025-01-01,,Active,01CN000074,MJ029S,Band 4,1CN00151,0,E001103,HCM40,RM,
E001538,Chu Nhật Thái,M,1971-10-21,2025-01-01,,Active,01CN000048,MK092C,Band 2,1CN00299,0,E001568,HCM01,ARM,
E001539,Vũ Bá Thái,M,1986-05-02,2025-01-01,,Active,01CN000057,MK113S,Band 3,1CN00716,0,E000098,HNO01,ARM,
E001540,Lâm Bảo Ngọc,F,1978-11-01,2025-01-01,,Active,01CN000068,MK092C,Band 2,1CN01159,0,E000478,HSC01,ARM,
E001541,Đoàn Nhật Thịnh,M,1981-09-08,2025-01-01,,Active,01CN000057,MJ014M,Band 6,1CN00681,1,E001255,HNO01,TL,
E001542,Lương Thị Nhung,F,1991-01-19,2025-01-01,,Active,01CN000080,MJ008C,Band 2,1CN00569,0,E000879,HNO02,BO,
E001543,Thái Đức Cảnh,M,1992-02-06,2025-01-01,,Active,01CN000065,MJ163S,Band 4,1CN00840,0,E000090,HCM01,RM,
E001544,Cao Ngọc Anh,F,1984-01-02,2025-01-01,,Active,01CN000073,BA015M,Band 6,1CN00604,1,E001729,HNO34,HH,
E001545,Hà Diệu Nhung,F,1988-02-09,2025-01-01,,Active,01CN000063,M00398,Band 3,1CN01048,0,E001764,HSC01,BO,
E001546,Đặng Anh Đăng,M,1997-06-14,2025-01-01,,Active,01CN000076,AA052C,K,1CN01269,0,E001323,HCM04,BO,
E001547,Đào Trọng Kiên,M,1981-05-19,2025-01-01,,Active,01CN000053,MK019E,Band 5,1CN00258,0,E000843,HCM01,BO,
E001548,Võ My,F,1974-08-24,2025-01-01,,Active,01CN000044,MJ044S,Band 3,1CN00839,0,E001078,QNI01,RM,
E001549,Thái Kim Lệ,F,1976-07-22,2025-01-01,,Active,01CN000021,MK091S,Band 3,1CN00386,0,E000904,HCM01,ARM,
E001550,Đào Bá Hải,M,2003-11-12,2025-01-01,,Active,01CN000008,MJ037M,Band 5,1CN01109,1,E000073,HCM29,TL,
E001551,Lý Thế Minh,M,1975-08-08,2025-01-01,,Active,01CN000057,MJ017E,Band 4,1CN00753,0,E000303,HNO01,RM,
E001552,Mai Hà Oanh,F,1998-07-03,2025-01-01,,Active,01CN000024,M00107,Band 4,1CN01289,0,E000136,HNO49,RM,
E001553,Phan Minh Thanh,F,1991-12-15,2025-01-01,,Active,01CN000010,MJ044S,Band 3,1CN00848,0,E000559,TDU01,RM,
E001554,Phan Thanh Kim,F,2002-02-18,2025-01-01,2025-12-01,Terminated,01CN000031,MJ044S,Band 3,1CN00040,0,E001533,BRV04,RM,
E001555,Đào Minh Thịnh,M,1991-02-20,2025-02-01,,Active,01CN000002,MJ011M,Band 5,1CN00778,1,E001684,HCM48,TL,
E001556,Phan Mai,F,1992-09-13,2025-02-01,,Active,01CN000013,MH030S,Band 4,1CN00023,0,E001062,HSC01,BO,
E001557,Bùi Hà Bích,F,1982-06-10,2025-02-01,,Active,01CN000057,MM016D,Band 7,1CN00754,1,E000303,HNO01,HH,
E001558,Đỗ Mai Huệ,F,2003-12-23,2025-02-01,,Active,01CN000033,MJ043S,Band 4,1CN01173,0,E001309,HNO01,RM,
E001559,Thái Đình Tuấn,M,1991-11-10,2025-02-01,,Active,01CN000070,MJ028S,Band 3,1CN00037,0,E000250,BNI01,BO,
E001560,Lê Dung,F,1978-07-03,2025-02-01,,Active,01CN000076,MK015S,Band 3,1CN01219,0,E001323,HCM04,ARM,
E001561,Tô Bích Thu,F,1997-04-03,2025-02-01,,Active,01CN000085,BA013M,Band 6,1CN00486,1,E000492,HNO44,HH,
E001562,Lý Trọng Kiên,M,1977-06-22,2025-02-01,,Active,01QT000006,PB019M,Band 4,1QT00097,0,E001762,HSC01,BO,
E001563,Phạm Quang,M,1981-01-11,2025-02-01,2025-08-01,Terminated,01CN000040,MJ044S,Band 3,1CN01235,0,E000014,HCM17,RM,
E001564,Trịnh Tâm,F,1972-03-09,2025-02-01,,Active,01CN000079,M00108,Band 4,1CN00433,0,E000055,BDU01,RM,
E001565,Mai Mai Khuê,F,1972-09-19,2025-02-01,,Active,01CN000022,MJ028S,Band 3,1CN00195,0,E000590,CTH01,BO,
E001566,Thái Thanh Đăng,M,1985-07-01,2025-02-01,,Active,01CN000034,MJ044S,Band 3,1CN00804,0,E000322,HNO11,RM,
E001567,Nguyễn Mạnh Cường,M,1972-09-03,2025-02-01,,Active,01CN000003,MJ044S,Band 3,1CN01017,0,E000930,DAN03,RM,
E001568,Mai Kim Trang,F,1976-11-03,2025-02-01,,Active,01CN000048,MJ026M,Band 6,1CN00293,1,E000682,HCM01,TL,
E001569,Hồ Uyên,F,1994-07-16,2025-02-01,,Active,01QT000009,FC010C,Band 2,1QT00164,0,E000076,HSC01,BO,
E001570,Đặng Như Quyên,F,1984-09-22,2025-02-01,,Active,01QT000005,FC025C,Band 2,1QT00032,0,E000788,HSC01,BO,
E001571,Tô Thanh Hà,F,1981-02-02,2025-02-01,,Active,01CN000037,MJ043S,Band 4,1CN00950,0,E001677,HCM01,RM,
E001572,Chu Minh Thảo,F,1973-09-01,2025-02-01,,Active,01CN000022,MJ010S,Band 4,1CN00360,0,E001623,CTH01,BO,
E001573,Đoàn Ngọc Thái,M,1986-03-16,2025-02-01,,Active,01CN000057,MK113S,Band 3,1CN00716,0,E001476,HNO01,ARM,
E001574,Vương Đình Phát,M,1993-04-14,2025-02-01,,Active,01CN000019,MK015S,Band 3,1CN00854,0,E001629,HNO39,ARM,
E001575,Đinh Hải Oanh,F,1989-05-12,2025-02-01,,Active,01CN000037,M00108,Band 4,1CN01194,0,E000962,HCM01,RM,
E001576,Lương Huệ,F,2003-08-13,2025-02-01,,Active,01CN000033,M00108,Band 4,1CN00966,0,E000069,HNO01,RM,
E001577,Hà Hà Tú,F,1989-11-23,2025-02-01,,Active,01CN000002,M00108,Band 4,1CN00932,0,E001235,HCM48,RM,
E001578,Ngô Tuyết Bích,F,1996-06-28,2025-02-01,,Active,01CN000031,MJ011M,Band 5,1CN00337,1,E000868,BRV04,TL,
E001579,Đỗ Tuyết,F,1975-06-09,2025-02-01,,Active,01CN000027,MJ011S,Band 4,1CN01113,0,E001357,HPH07,BO,
E001580,Kiều Trọng Minh,M,1973-09-05,2025-02-01,2025-07-01,Terminated,01CN000069,M00107,Band 4,1CN00059,0,E000802,HCM41,RM,
E001581,Võ Mạnh Bảo,M,1979-08-26,2025-02-01,,Active,01CN000010,AA052C,K,1CN00699,0,E000447,TDU01,BO,
E001582,Cao Yến Ngân,F,1974-09-12,2025-02-01,,Active,01QT000017,FA037S,Band 4,1QT00081,0,E000346,HSC01,BO,
E001583,Hồ Mai Hoa,F,1977-02-17,2025-03-01,,Active,01CN000070,MJ010S,Band 4,1CN00055,0,E001812,BNI01,BO,
E001584,Vương Bảo Thuỷ,F,1988-11-21,2025-03-01,,Active,01CN000012,M00109,Band 3,1CN01162,0,E000074,HNO59,RM,
E001585,Đoàn Phương Yến,F,1999-11-11,2025-03-01,,Active,01CN000069,MJ043S,Band 4,1CN00849,0,E001693,HCM41,RM,
E001586,Phạm Thanh Đức,M,1982-08-07,2025-03-01,,Active,01CN000006,MJ011M,Band 5,1CN00538,1,E000495,HNO52,TL,
E001587,Tô Thị Dung,F,1978-08-08,2025-03-01,,Active,01CN000022,MJ010S,Band 4,1CN00360,0,E001367,CTH01,BO,
E001588,Đào Phương Châu,F,1975-03-01,2025-03-01,,Active,01CN000037,MJ028S,Band 3,1CN01184,0,E001817,HCM01,BO,
E001589,Chu Văn Duy,M,1979-06-13,2025-03-01,,Active,01CN000017,MK090S,Band 4,1CN01170,0,E000551,HNO01,ARM,
E001590,Huỳnh Hải Diệp,F,2001-01-07,2025-03-01,,Active,01QT000005,M00141,Band 5,1QT00127,0,E001267,HSC01,BO,
E001591,Võ Tuấn Hiếu,M,1991-12-15,2025-03-01,,Active,01QT000002,FC004E,Band 5,1QT00059,0,E001775,HSC01,BO,
E001592,Hồ Hữu Tài,M,1974-12-24,2025-03-01,,Active,01CN000044,MJ008C,Band 2,1CN00420,0,E000289,QNI01,BO,
E001593,Hoàng Chí Thành,M,1983-08-17,2025-03-01,,Active,01CN000022,MK015S,Band 3,1CN00820,0,E001616,CTH01,ARM,
E001594,Huỳnh Mạnh Duy,M,1988-01-14,2025-03-01,,Active,01CN000025,MM008C,Band 3,1CN01365,0,E000112,HSC02,BO,
E001595,Vương Mai Thuỷ,F,1983-10-03,2025-03-01,,Active,01CN000074,AA052C,K,1CN00939,0,E000331,HCM40,BO,
E001596,Cao Nhật Tiến,M,1975-03-13,2025-03-01,,Active,01CN000061,MJ029S,Band 4,1CN01011,0,E001829,HCM29,RM,
E001597,Đặng Uyên,F,1979-02-09,2025-03-01,,Active,01CN000025,MM008C,Band 2,1CN00103,0,E001209,HSC01,BO,
E001598,Dương Bích Trang,F,1982-06-19,2025-03-01,,Active,01CN000061,AA052C,K,1CN00344,0,E000263,HCM29,BO,
E001599,Hoàng Bích Ánh,F,1977-10-17,2025-03-01,,Active,01CN000048,MK092C,Band 2,1CN00299,0,E000682,HCM01,ARM,
E001600,Hà Bích,F,1990-05-03,2025-03-01,,Active,01QT000024,FA044S,Band 3,1QT00035,0,E000517,HSC01,BO,
E001601,Tô Chí Nhật,M,1996-10-02,2025-03-01,,Active,01CN000001,MK061C,Band 2,1CN01051,0,E000318,HNO63,ARM,
E001602,Vũ Xuân My,F,2001-06-24,2025-03-01,2025-06-01,Terminated,01CN000001,MJ029S,Band 4,1CN00911,0,E001086,HNO63,RM,
E001603,Thái Hải Nga,F,2001-10-10,2025-03-01,,Active,01CN000034,M00107,Band 4,1CN00675,0,E000347,HNO11,RM,
E001604,Ngô Kim Trâm,F,1977-03-06,2025-03-01,,Active,01CN000073,MJ028S,Band 3,1CN01141,0,E000862,HNO34,BO,
E001605,Lý Bảo Ánh,F,1985-05-24,2025-03-01,,Active,01CN000070,MJ010S,Band 4,1CN00055,0,E000556,BNI01,BO,
E001606,Lê Ngọc Dung,F,1987-09-19,2025-03-01,,Active,01QT000022,VE001S,Band 4,1QT00079,0,E000180,HSC01,BO,
E001607,Dương Gia Bình,M,1977-09-01,2025-03-01,,Active,01CN000031,MK015S,Band 3,1CN01265,0,E001578,BRV04,ARM,
E001608,Mai Khắc Cường,M,1985-06-14,2025-03-01,2025-07-01,Terminated,01CN000085,AA052C,K,1CN00308,0,E001151,HNO44,BO,
E001609,Mai Tuấn Long,M,2001-02-20,2025-03-01,,Active,01CN000057,MJ016E,Band 5,1CN00389,0,E000303,HCM01,RM,
E001610,Lê Tất Tiến,M,1977-06-24,2025-03-01,,Active,01CN000080,MJ011M,Band 5,1CN01059,1,E000879,HNO02,TL,
E001611,Đỗ Thanh Quân,M,1972-10-15,2025-03-01,,Active,01CN000076,MJ029S,Band 4,1CN00347,0,E000628,HCM04,RM,
E001612,Lương Linh,F,1981-11-25,2025-04-01,,Active,01CN000074,MJ028S,Band 3,1CN00271,0,E000345,HCM40,BO,
E001613,Lý Đình Sang,M,1972-12-28,2025-04-01,,Active,01CN000059,BA013M,Band 6,1CN00027,1,E000639,BRV01,HH,
E001614,Trịnh Thị Nga,F,1975-12-28,2025-04-01,,Active,01CN000070,M00108,Band 4,1CN00775,0,E000250,BNI01,RM,
E001615,Đào Thành,M,1973-04-03,2025-04-01,,Active,01CN000042,MJ026M,Band 6,1CN01149,1,E001053,HNO01,TL,
E001616,Nguyễn Thị Kim,F,1999-09-07,2025-04-01,,Active,01CN000022,BA013M,Band 6,1CN00645,1,E001367,CTH01,HH,
E001617,Bùi Ngọc Phát,M,1981-04-01,2025-04-01,,Active,01CN000070,MJ011S,Band 4,1CN01272,0,E000664,BNI01,BO,
E001618,Hà Hoài Nhi,F,1992-03-27,2025-04-01,,Active,01CN000068,MK091S,Band 3,1CN00666,0,E000478,HSC01,ARM,
E001619,Mai Nhi,F,2002-01-17,2025-04-01,,Active,01CN000044,M00110,Band 2,1CN00550,0,E001078,QNI01,RM,
E001620,Đào Tâm,F,1973-02-04,2025-04-01,,Active,01CN000068,MK090S,Band 4,1CN00652,0,E000478,HSC01,ARM,
E001621,Lương Trọng Nam,M,1988-10-08,2025-04-01,,Active,01CN000069,MJ044S,Band 3,1CN00563,0,E000668,HCM41,RM,
E001622,Nguyễn Diệu Hương,F,1996-02-02,2025-04-01,,Active,01CN000067,MJ043S,Band 4,1CN01347,0,E000013,HCM19,RM,
E001623,Thái Anh Lộc,M,1989-08-20,2025-04-01,,Active,01CN000022,MJ011M,Band 5,1CN00931,1,E000590,CTH01,TL,
E001624,Đào Anh Vinh,M,2000-09-07,2025-04-01,,Active,01CN000022,MJ028S,Band 3,1CN00195,0,E001623,CTH01,BO,
E001625,Lâm Đức Tuấn,M,1976-09-12,2025-04-01,,Active,01CN000069,MJ011S,Band 4,1CN00743,0,E000668,HCM41,BO,
E001626,Phạm Quỳnh Nhung,F,1976-01-10,2025-04-01,,Active,01CN000057,MJ016E,Band 5,1CN00389,0,E001193,HCM01,RM,
E001627,Hồ Quang Việt,M,1970-12-15,2025-04-01,2025-11-01,Terminated,01CN000069,MJ029S,Band 4,1CN00238,0,E001693,HCM41,RM,
E001628,Đặng Hồng Hà,F,1990-01-24,2025-04-01,,Active,01CN000067,MJ029S,Band 4,1CN01033,0,E000620,HCM19,RM,
E001629,Hà Xuân Trung,M,1992-02-19,2025-04-01,,Active,01CN000019,MJ011M,Band 5,1CN01240,1,E001183,HNO39,TL,
E001630,Lương Mạnh Bảo,M,1980-08-15,2025-04-01,,Active,01CN000065,MK090S,Band 4,1CN00435,0,E001717,HCM01,ARM,
E001631,Lương Xuân Khánh,M,1985-11-21,2025-04-01,,Active,01CN000041,MK061C,Band 2,1CN00406,0,E000026,HNO17,ARM,
E001632,Cao Hữu An,M,1998-08-05,2025-04-01,2025-10-01,Terminated,01CN000057,MJ016E,Band 5,1CN00389,0,E000248,HCM01,RM,
E001633,Thái Phương Châu,F,1996-12-13,2025-04-01,2025-06-01,Terminated,01CN000061,MJ028S,Band 3,1CN00751,0,E000263,HCM29,BO,
E001634,Cao Thế Cảnh,M,1981-06-24,2025-04-01,,Active,01CN000034,MJ028S,Band 3,1CN01318,0,E001777,HNO11,BO,
E001635,Mai Công Bình,M,1981-05-27,2025-04-01,,Active,01CN000059,MJ028S,Band 3,1CN01022,0,E000948,BRV01,BO,
E001636,Đinh Bích,F,1984-04-25,2025-04-01,,Active,01CN000013,MH031C,Band 2,1CN01302,0,E001062,HSC01,BO,
E001637,Lê Văn Khang,M,1975-04-25,2025-04-01,,Active,01CN000023,M00109,Band 3,1CN00537,0,E001284,DAN01,RM,
E001638,Lý Hữu Phúc,M,1970-08-09,2025-04-01,,Active,01CN000029,MK090S,Band 4,1CN00413,0,E000800,HCM01,ARM,
E001639,Phạm Quang Cường,M,1995-03-02,2025-04-01,,Active,01QT000005,FC012M,Band 5,1QT00138,1,E000873,HSC01,BO,
E001640,Vũ Khắc Quân,M,1993-01-26,2025-04-01,,Active,01CN000027,MJ044S,Band 3,1CN00039,0,E001357,HPH07,RM,
E001641,Kiều Hữu Trung,M,1977-11-12,2025-05-01,2025-07-01,Terminated,01QT000003,M00362,Band 3,1QT00055,0,E001499,HSC01,BO,
E001642,Kiều Tất Trường,M,1975-04-11,2025-05-01,,Active,01CN000083,MJ043S,Band 4,1CN00996,0,E001845,HCM12,RM,
E001643,Trịnh Đức,M,1999-07-01,2025-05-01,,Active,01CN000003,MJ010S,Band 4,1CN01206,0,E000684,DAN03,BO,
E001644,Võ Xuân,F,1980-07-09,2025-05-01,,Active,01CN000044,M00110,Band 2,1CN00550,0,E000289,QNI01,RM,
E001645,Lương Hà Dung,F,1975-01-17,2025-05-01,,Active,01QT000011,FC008M,Band 7,1QT00142,1,E001327,HSC01,BO,
E001646,Vương Hoàng Tiến,M,1980-01-01,2025-05-01,,Active,01CN000079,MJ010S,Band 4,1CN00298,0,E001703,BDU01,BO,
E001647,Tô Lan,F,1978-03-09,2025-05-01,,Active,01CN000059,MJ010S,Band 4,1CN01041,0,E001613,BRV01,BO,
E001648,Lý Ngọc Thái,M,1971-12-20,2025-05-01,,Active,01CN000074,M00110,Band 2,1CN00374,0,E000345,HCM40,RM,
E001649,Cao Tất Vũ,M,1970-07-17,2025-05-01,,Active,01CN000006,MJ029S,Band 4,1CN00548,0,E001586,HNO52,RM,
E001650,Đặng Nhật Trường,M,1973-04-27,2025-05-01,,Active,01CN000067,MJ028S,Band 3,1CN01036,0,E000473,HCM19,BO,
E001651,Phạm Thị Duyên,F,1997-11-10,2025-05-01,,Active,01CN000069,MJ011S,Band 4,1CN00743,0,E000668,HCM41,BO,
E001652,Đinh Khắc Bình,M,1985-10-13,2025-05-01,,Active,01CN000057,MJ017E,Band 4,1CN00753,0,E001361,HNO01,RM,
E001653,Phan Việt Tuấn,M,2001-02-25,2025-05-01,,Active,01CN000060,BA013M,Band 6,1CN01255,1,E001447,HCM32,HH,
E001654,Kiều Tuyết Huệ,F,1979-08-18,2025-05-01,,Active,01CN000067,MJ008C,Band 2,1CN00415,0,E000620,HCM19,BO,
E001655,Hoàng Hoài Ngọc,F,1987-10-25,2025-05-01,,Active,01QT000008,FA010C,Band 2,1QT00169,0,,HSC01,BO,
E001656,Ngô Duy Nguyên,M,2001-02-13,2025-05-01,,Active,01CN000038,MJ043S,Band 4,1CN00041,0,E000484,KHO01,RM,
E001657,Vũ Mai Hồng,F,1972-01-10,2025-05-01,,Active,01CN000032,MJ161E,Band 5,1CN00576,0,,HNO01,RM,
E001658,Ngô Thị Quyên,F,1984-02-13,2025-05-01,,Active,01CN000033,BA013M,Band 6,1CN01062,1,E000069,HNO01,HH,
E001659,Đoàn Công Vinh,M,1978-10-19,2025-05-01,,Active,01CN000029,MJ026M,Band 6,1CN00516,1,E000800,HCM01,TL,
E001660,Võ Tuyết,F,2002-03-09,2025-05-01,2025-12-01,Terminated,01CN000085,AA052C,K,1CN00308,0,E000195,HNO44,BO,
E001661,Đào Đức Sơn,M,1997-02-25,2025-05-01,,Active,01CN000010,M00110,Band 2,1CN01368,0,E000101,TDU01,RM,
E001662,Kiều Quang Đức,M,1974-09-12,2025-05-01,,Active,01CN000069,MJ044S,Band 3,1CN00563,0,E001693,HCM41,RM,
E001663,Đỗ Bá Khang,M,1977-08-12,2025-05-01,,Active,01CN000080,MJ008C,Band 2,1CN00569,0,E001610,HNO02,BO,
E001664,Ngô Quỳnh Oanh,F,1975-03-16,2025-05-01,,Active,01CN000044,M00108,Band 4,1CN01092,0,E000289,QNI01,RM,
E001665,Đinh Chí Khoa,M,1977-03-27,2025-05-01,,Active,01QT000017,FA039S,Band 3,1QT00105,0,E000444,HSC01,BO,
E001666,Thái Công Hiếu,M,1994-03-18,2025-05-01,,Active,01CN000074,MK015S,Band 3,1CN00184,0,E001103,HCM40,ARM,
E001667,Đào Minh Tuyết,F,1987-03-10,2025-05-01,,Active,01CN000022,M00109,Band 3,1CN00555,0,E001616,CTH01,RM,
E001668,Nguyễn Thế Hải,M,1994-01-25,2025-05-01,,Active,01CN000017,MJ026M,Band 6,1CN00290,1,E000551,HNO01,TL,
E001669,Lý Gia Dũng,M,1989-11-09,2025-05-01,,Active,01CN000038,MJ010S,Band 4,1CN00557,0,E000484,KHO01,BO,
E001670,Lý Lan Duyên,F,1979-05-04,2025-06-01,,Active,01CN000083,M00109,Band 3,1CN00509,0,E000970,HCM12,RM,
E001671,Kiều Hoàng Thành,M,2001-05-20,2025-06-01,,Active,01CN000073,M00109,Band 3,1CN00580,0,E001729,HNO34,RM,
E001672,Mai Quỳnh Châu,F,1987-12-20,2025-06-01,,Active,01CN000062,MJ036M,Band 6,1CN01047,1,E001873,HNO17,HH,
E001673,Vương Ngọc Nghĩa,M,1984-04-26,2025-06-01,,Active,01CN000061,BA013M,Band 5,1CN00277,1,E001829,HCM29,HH,
E001674,Đoàn Bích Hoài,F,1975-04-20,2025-06-01,,Active,01CN000073,MJ011S,Band 4,1CN00460,0,E001850,HNO34,BO,
E001675,Lương Kim Xuân,F,1998-06-27,2025-06-01,,Active,01CN000042,MK092C,Band 2,1CN00429,0,E000418,HNO01,ARM,
E001676,Võ Ngọc Bảo,M,1993-07-06,2025-06-01,,Active,01CN000040,MJ011M,Band 5,1CN00969,1,E000595,HCM17,TL,
E001677,Tô Công Trí,M,1986-02-03,2025-06-01,,Active,01CN000037,BA015M,Band 6,1CN00362,1,E000962,HCM01,HH,
E001678,Hà Minh Quang,M,1978-11-14,2025-06-01,,Active,01QT000023,FA022M,Band 6,1QT00141,1,E000621,HSC01,BO,
E001679,Lý Chí Việt,M,2000-01-20,2025-06-01,,Active,01CN000040,MK015S,Band 3,1CN00342,0,E000595,HCM17,ARM,
E001680,Thái Thuỳ Yến,F,1976-10-06,2025-06-01,,Active,01CN000054,MJ163S,Band 4,1CN00760,0,E001757,HNO01,RM,
E001681,Vương Văn Trí,M,1990-01-27,2025-06-01,,Active,01CN000061,M00109,Band 3,1CN00448,0,E001829,HCM29,RM,
E001682,Hoàng Mạnh Đức,M,1973-12-03,2025-06-01,,Active,01QT000016,FA040C,Band 2,1QT00054,0,E000885,HSC01,BO,
E001683,Trần Tất Sang,M,1976-11-18,2025-06-01,,Active,01CN000057,MJ016E,Band 5,1CN01250,0,E001557,DNA01,RM,
E001684,Lương Trâm,F,1996-06-20,2025-06-01,,Active,01CN000002,BA013M,Band 6,1CN00434,1,E001235,HCM48,HH,
E001685,Nguyễn Nhật Hải,M,1982-03-06,2025-06-01,,Active,01CN000006,MJ029S,Band 4,1CN00548,0,E000495,HNO52,RM,
E001686,Đào Khánh Hồng,F,1999-04-04,2025-06-01,,Active,01CN000057,MJ016E,Band 5,1CN00592,0,E001476,HNO01,RM,
E001687,Bùi Quang Nhật,M,1989-12-09,2025-06-01,,Active,01CN000010,MJ029S,Band 4,1CN00781,0,E000870,TDU01,RM,
E001688,Đinh Hoài Nga,F,1979-12-27,2025-06-01,,Active,01QT000016,FA037S,Band 4,1QT00151,0,E000885,HSC01,BO,
E001689,Kiều Lâm,M,1970-07-02,2025-06-01,,Active,01CN000078,MK022M,Band 7,1CN01196,1,E001741,HSC01,BO,
E001690,Tô Thu Huệ,F,1999-11-13,2025-06-01,,Active,01CN000059,MJ028S,Band 3,1CN01022,0,E000639,BRV01,BO,
E001691,Nguyễn Khánh Ngọc,F,1978-03-07,2025-06-01,,Active,01QT000008,FA018S,Band 3,1QT00021,0,,HSC01,BO,
E001692,Hà Trang,F,1994-03-07,2025-06-01,,Active,01CN000013,MH030S,Band 4,1CN00023,0,E001062,HSC01,BO,
E001693,Tô Trọng Cảnh,M,1975-08-25,2025-06-01,,Active,01CN000069,MJ011M,Band 5,1CN00654,1,E000668,HCM41,TL,
E001694,Đoàn Hồng Hằng,F,1984-12-01,2025-06-01,,Active,01CN000074,MJ029S,Band 4,1CN00151,0,E000345,HCM40,RM,
E001695,Đào Việt Khang,M,1998-01-04,2025-06-01,2025-11-01,Terminated,01CN000020,MJ008C,Band 2,1CN00827,0,E000058,HPH01,BO,
E001696,Trần Khắc Sơn,M,1983-04-22,2025-06-01,,Active,01CN000076,M00110,Band 2,1CN01112,0,E000139,HCM04,RM,
E001697,Cao Ngọc Giang,F,1978-03-14,2025-06-01,,Active,01QT000013,FA010S,Band 4,1QT00076,0,E000898,HSC01,BO,
E001698,Trịnh Hải Khuê,F,1970-12-25,2025-06-01,,Active,01CN000024,MJ029S,Band 4,1CN00634,0,E000795,HNO49,RM,
E001699,Hồ Bá Phong,M,1971-04-23,2025-07-01,,Active,01CN000024,MJ011S,Band 4,1CN00738,0,E000136,HNO49,BO,
E001700,Đào Xuân Hà,F,1988-12-18,2025-07-01,,Active,01CN000012,MJ043S,Band 4,1CN00177,0,E000074,HNO59,RM,
E001701,Mai Như Trâm,F,2001-11-13,2025-07-01,,Active,01CN000061,MJ011M,Band 5,1CN01117,1,E001673,HCM29,TL,
E001702,Lý Hà Hồng,F,1972-03-18,2025-07-01,,Active,01CN000076,MJ044S,Band 3,1CN01359,0,E000628,HCM04,RM,
E001703,Thái Anh,F,1988-06-15,2025-07-01,,Active,01CN000079,BA013M,Band 6,1CN00295,1,E000055,BDU01,HH,
E001704,Đỗ Hồng Kim,F,1980-12-24,2025-07-01,,Active,01CN000024,MK015S,Band 3,1CN01246,0,E000791,HNO49,ARM,
E001705,Thái Quang Duy,M,1990-03-03,2025-07-01,,Active,01CN000078,MK031C,Band 2,1CN00723,0,E001888,HSC01,BO,
E001706,Chu Đức Thái,M,1979-12-24,2025-07-01,,Active,01CN000033,MK061C,Band 2,1CN00543,0,E000069,HNO01,ARM,
E001707,Hoàng Tất Tân,M,1978-02-27,2025-07-01,,Active,01CN000031,BA013M,Band 6,1CN01349,1,E001427,BRV04,HH,
E001708,Lê Tuyết Chi,F,1980-08-04,2025-07-01,,Active,01QT000009,FC009S,Band 3,1QT00103,0,E000227,HSC01,BO,
E001709,Ngô Lan Loan,F,1987-12-14,2025-07-01,,Active,01CN000033,MJ029S,Band 4,1CN00585,0,E000069,HNO01,RM,
E001710,Cao Đức Long,M,1978-07-11,2025-07-01,,Active,01CN000083,MK015S,Band 3,1CN00880,0,E001094,HCM12,ARM,
E001711,Nguyễn Xuân Hạnh,F,1998-09-16,2025-07-01,2025-10-01,Terminated,01CN000023,MJ011S,Band 4,1CN01192,0,E001368,DAN01,BO,
E001712,Mai Trung Khánh,M,1991-11-16,2025-07-01,,Active,01CN000057,MJ016E,Band 5,1CN00203,0,E001385,HNO01,RM,
E001713,Đinh Anh Thái,M,1997-01-13,2025-07-01,,Active,01CN000067,BA013M,Band 6,1CN01319,1,E000013,HCM19,HH,
E001714,Nguyễn Thị Thu,F,1996-09-02,2025-07-01,,Active,01QT000006,PB019M,Band 4,1QT00097,0,E001762,HSC01,BO,
E001715,Đoàn Thuỳ Hằng,F,1971-01-11,2025-07-01,,Active,01CN000031,MJ043S,Band 4,1CN01200,0,E000880,BRV04,RM,
E001716,Kiều Mạnh Duy,M,1994-02-12,2025-07-01,,Active,01CN000002,AA052C,K,1CN00805,0,E001235,HCM48,BO,
E001717,Đặng Hải Thuỷ,F,1989-02-20,2025-07-01,,Active,01CN000065,MJ026M,Band 6,1CN01205,1,E000090,HCM01,TL,
E001718,Vương Quang Trung,M,1996-04-09,2025-07-01,,Active,01CN000087,MH049C,Band 2,1CN00057,0,E001818,HSC01,BO,
E001719,Nguyễn Việt Nghĩa,M,1985-07-07,2025-07-01,,Active,01QT000010,M00388,Band 2,1QT00088,0,E000264,HSC01,BO,
E001720,Hồ Bích Trang,F,1993-09-04,2025-07-01,,Active,01CN000071,MJ026M,Band 6,1CN01158,1,,HNO01,TL,
E001721,Trần Hà My,F,1976-06-14,2025-07-01,,Active,01CN000001,M00110,Band 2,1CN00879,0,E000318,HNO63,RM,
E001722,Phạm Xuân Nhật,M,1997-01-22,2025-07-01,,Active,01QT000002,AA052C,K,1QT00085,0,E000968,HSC01,BO,
E001723,Huỳnh Thế Hoà,M,1986-09-19,2025-07-01,,Active,01CN000003,MK015S,Band 3,1CN00323,0,E001769,DAN03,ARM,
E001724,Trịnh Mạnh Trung,M,1971-03-27,2025-07-01,,Active,01CN000019,MK015S,Band 3,1CN00854,0,E000085,HNO39,ARM,
E001725,Đoàn Hoài Nhi,F,1996-11-01,2025-07-01,,Active,01CN000057,MK001T,Band 4,1CN00783,0,E000303,HNO01,ARM,
E001726,Lâm Minh My,F,1974-07-26,2025-07-01,,Active,01CN000083,MJ011M,Band 5,1CN00056,1,E000553,HCM12,TL,
E001727,Huỳnh Nhung,F,2001-05-13,2025-07-01,,Active,01CN000012,M00110,Band 2,1CN00172,0,E000074,HNO59,RM,
E001728,Trần Hiền,F,1984-06-22,2025-07-01,,Active,01CN000037,MK061C,Band 2,1CN00366,0,E001677,HCM01,ARM,
E001729,Trần Phương Quyên,F,1976-05-04,2025-08-01,,Active,01CN000073,MJ011M,Band 5,1CN00982,1,E000862,HNO34,TL,
E001730,Chu Tuyết Bích,F,1974-10-07,2025-08-01,,Active,01CN000040,MJ043S,Band 4,1CN00878,0,E001676,HCM17,RM,
E001731,Trịnh Bình,M,1989-10-09,2025-08-01,,Active,01CN000019,MJ028S,Band 3,1CN00496,0,E001629,HNO39,BO,
E001732,Trần Nhật Bảo,M,1991-03-05,2025-08-01,,Active,01CN000020,M00110,Band 2,1CN00473,0,E000674,HPH01,RM,
E001733,Phan Phương Hiền,F,2000-10-23,2025-08-01,,Active,01CN000078,MK023M,Band 5,1CN00086,1,E001445,HSC01,BO,
E001734,Lương Xuân Thịnh,M,1975-12-06,2025-08-01,,Active,01CN000027,MJ010S,Band 4,1CN00942,0,E001029,HPH07,BO,
E001735,Vũ Việt Cường,M,2002-05-12,2025-08-01,,Active,01CN000010,AA052C,K,1CN00699,0,E000732,TDU01,BO,
E001736,Đặng Oanh,F,1982-02-01,2025-08-01,,Active,01CN000083,MJ010S,Band 4,1CN01178,0,E001094,HCM12,BO,
E001737,Huỳnh Chí Quang,M,1970-01-19,2025-08-01,,Active,01CN000023,MJ044S,Band 3,1CN00167,0,E000707,DAN01,RM,
E001738,Dương Thanh Đăng,M,1979-10-05,2025-08-01,,Active,01QT000005,FC014S,Band 3,1QT00007,0,E000300,HSC01,BO,
E001739,Dương Anh Trí,M,1999-04-06,2025-08-01,,Active,01CN000006,MJ011S,Band 4,1CN00876,0,E000605,HNO52,BO,
E001740,Hà Tất Việt,M,1974-09-27,2025-08-01,,Active,01CN000060,MJ043S,Band 4,1CN01373,0,E001186,HCM32,RM,
E001741,Đoàn Thu,F,1984-05-01,2025-08-01,,Active,01CN000078,MK022M,Band 7,1CN01196,1,E001013,HSC01,BO,
E001742,Tô Diệu Dung,F,1984-11-20,2025-08-01,,Active,01CN000080,MJ044S,Band 3,1CN00741,0,E000879,HNO02,RM,
E001743,Lý Khắc Sang,M,1987-12-06,2025-08-01,,Active,01CN000027,MJ028S,Band 3,1CN01172,0,E001357,HPH07,BO,
E001744,Trần Xuân Hà,F,1979-03-19,2025-08-01,,Active,01CN000048,MK090S,Band 4,1CN00104,0,E001568,HCM01,ARM,
E001745,Vũ Công Quân,M,1993-08-02,2025-08-01,,Active,01CN000076,MK015S,Band 3,1CN01219,0,E000139,HCM04,ARM,
E001746,Phạm Diệu Khuê,F,1990-06-22,2025-08-01,,Active,01CN000083,MJ044S,Band 3,1CN00758,0,E000970,HCM12,RM,
E001747,Trần Hồng Nhung,F,1974-11-08,2025-08-01,,Active,01CN000038,BA013M,Band 6,1CN00244,1,E000591,KHO01,HH,
E001748,Huỳnh Hoàng Đức,M,2000-03-26,2025-08-01,,Active,01CN000031,MJ008C,Band 2,1CN01286,0,E001427,BRV04,BO,
E001749,Hà Hữu Duy,M,1980-02-23,2025-08-01,,Active,01CN000074,MJ011M,Band 5,1CN00273,1,E000345,HCM40,TL,
E001750,Đinh Ngọc Tùng,M,1987-09-14,2025-08-01,,Active,01CN000044,MJ028S,Band 3,1CN01237,0,E001078,QNI01,BO,
E001751,Phạm Khắc Phong,M,1973-10-03,2025-08-01,,Active,01QT000012,FA004E,Band 5,1QT00008,0,,HSC01,BO,
E001752,Trần Phương,F,1984-09-22,2025-08-01,,Active,01CN000059,M00110,Band 2,1CN00700,0,E001613,BRV01,RM,
E001753,Dương Văn Vinh,M,1973-01-07,2025-08-01,,Active,01CN000038,M00108,Band 4,1CN00007,0,E000591,KHO01,RM,
E001754,Hoàng Bá Toàn,M,2003-02-11,2025-08-01,,Active,01CN000068,MK092C,Band 2,1CN01159,0,E001317,HSC01,ARM,
E001755,Phan Đức Bảo,M,1983-07-17,2025-08-01,,Active,01CN000006,MJ011S,Band 4,1CN00876,0,E001586,HNO52,BO,
E001756,Dương Như Thuỷ,F,1992-04-03,2025-08-01,,Active,01CN000078,MK044S,Band 4,1CN00139,0,E001741,HSC01,BO,
E001757,Lê Quang Minh,M,2000-06-15,2025-08-01,,Active,01CN000054,MJ026M,Band 6,1CN00222,1,,HNO01,TL,
E001758,Phan Phương Hoài,F,1992-04-26,2025-08-01,,Active,01CN000002,MJ043S,Band 4,1CN00072,0,E001555,HCM48,RM,
E001759,Lý Thị Nga,F,1980-08-26,2025-09-01,,Active,01CN000060,M00107,Band 4,1CN00359,0,E000824,HCM32,RM,
E001760,Đào Xuân Sang,M,1987-01-27,2025-09-01,,Active,01QT000013,AA052C,K,1QT00037,0,E001101,HSC01,BO,
E001761,Huỳnh Khắc Thịnh,M,1988-04-20,2025-09-01,,Active,01CN000079,M00110,Band 2,1CN00639,0,E001703,BDU01,RM,
E001762,Trịnh Chí Trường,M,1989-02-10,2025-09-01,,Active,01QT000006,PB059S,Band 6,1QT00072,1,E001219,HSC01,BO,
E001763,Lâm Dung,F,1976-10-06,2025-09-01,,Active,01QT000023,FA024S,Band 4,1QT00057,0,E000621,HSC01,BO,
E001764,Phạm Hà Trinh,F,1998-01-22,2025-09-01,,Active,01CN000063,M00395,Band 6,1CN00885,1,E000927,HSC01,BO,
E001765,Trịnh Hồng Xuân,F,1998-08-14,2025-09-01,,Active,01CN000061,MK015S,Band 3,1CN00002,0,E001829,HCM29,ARM,
E001766,Đinh Hải Nhi,F,1979-02-25,2025-09-01,,Active,01CN000028,MJ009M,Band 8,1CN00927,1,E001162,HNO01,HH,
E001767,Võ Chí Nguyên,M,1995-12-17,2025-09-01,,Active,01QT000005,FC015C,Band 2,1QT00133,0,E000873,HSC01,BO,
E001768,Tô Tuấn,M,1993-09-28,2025-09-01,,Active,01CN000041,AA052C,K,1CN01165,0,E000514,HNO17,BO,
E001769,Tô Khánh Kim,F,1994-08-09,2025-09-01,,Active,01CN000003,BA013M,Band 6,1CN00017,1,E000431,DAN03,HH,
E001770,Phạm Công Hoà,M,1993-07-03,2025-09-01,,Active,01QT000002,FC004E,Band 5,1QT00059,0,E000257,HSC01,BO,
E001771,Đinh Bảo,M,1988-07-01,2025-09-01,,Active,01CN000057,M00390,Band 5,1CN00809,0,E000623,HSC01,BO,
E001772,Huỳnh Thế Tuấn,M,1988-09-28,2025-09-01,,Active,01CN000023,MJ029S,Band 4,1CN01171,0,E000707,DAN01,RM,
E001773,Đoàn Trâm,F,1971-09-26,2025-09-01,,Active,01CN000019,MJ044S,Band 3,1CN01126,0,E000048,HNO39,RM,
E001774,Tô Hà Bích,F,1980-08-11,2025-09-01,,Active,01CN000024,M00109,Band 3,1CN01026,0,E000795,HNO49,RM,
E001775,Huỳnh Anh Sang,M,1981-01-10,2025-09-01,,Active,01QT000002,FC027M,Band 6,1QT00041,1,E000968,HSC01,BO,
E001776,Chu Bá Thắng,M,2002-02-21,2025-09-01,,Active,01CN000041,AA052C,K,1CN01165,0,E000026,HNO17,BO,
E001777,Hà Đức Bảo,M,1975-04-01,2025-09-01,,Active,01CN000034,MJ011M,Band 5,1CN01323,1,E000307,HNO11,TL,
E001778,Vũ Minh Đức,M,1998-10-14,2025-09-01,,Active,01CN000041,MJ029S,Band 4,1CN01358,0,E000727,HNO17,RM,
E001779,Đỗ Hoài Châu,F,1974-07-26,2025-09-01,,Active,01CN000041,AA052C,K,1CN01116,0,E000218,HNO17,BO,
E001780,Hà Tùng,M,1978-08-03,2025-09-01,,Active,01CN000059,M00109,Band 3,1CN00444,0,E000639,BRV01,RM,
E001781,Võ Nhật Trí,M,1995-03-15,2025-09-01,,Active,01QT000003,M00362,Band 3,1QT00055,0,E000245,HSC01,BO,
E001782,Nguyễn Minh Huệ,F,1979-07-16,2025-09-01,,Active,01CN000003,MJ011S,Band 4,1CN01065,0,E000935,DAN03,BO,
E001783,Trịnh Diệu Hằng,F,1977-03-01,2025-09-01,,Active,01CN000073,MJ011S,Band 4,1CN00460,0,E001544,HNO34,BO,
E001784,Trịnh Hà Quyên,F,1987-10-22,2025-09-01,,Active,01CN000020,MK015S,Band 3,1CN00570,0,E000674,HPH01,ARM,
E001785,Mai Khang,M,2001-09-26,2025-09-01,,Active,01CN000041,MJ011M,Band 4,1CN00134,0,E000899,HNO17,TL,
E001786,Đinh Tùng,M,2001-12-22,2025-09-01,,Active,01CN000033,MJ028S,Band 3,1CN00050,0,E001658,HNO01,BO,
E001787,Cao Quang Thái,M,1995-02-01,2025-09-01,,Active,01CN000034,M00109,Band 3,1CN00525,0,E000322,HNO11,RM,
E001788,Phan Thuỳ Nhung,F,1982-10-19,2025-09-01,,Active,01CN000012,MJ008C,Band 2,1CN01353,0,E000108,HNO59,BO,
E001789,Lâm Duy Thái,M,1996-05-06,2025-10-01,,Active,01QT000009,FC009S,Band 3,1QT00103,0,E000076,HSC01,BO,
E001790,Trần Mạnh Vinh,M,1991-11-05,2025-10-01,,Active,01CN000079,M00108,Band 4,1CN00433,0,E001282,BDU01,RM,
E001791,Trần Gia Bình,M,1995-03-25,2025-10-01,,Active,01CN000041,MJ029S,Band 4,1CN01358,0,E000727,HNO17,RM,
E001792,Kiều Quỳnh Vân,F,1971-11-11,2025-10-01,,Active,01CN000072,M00107,Band 4,1CN00856,0,,HNO65,RM,
E001793,Cao Anh Hải,M,1979-10-23,2025-10-01,,Active,01CN000019,M00110,Band 2,1CN01079,0,E000048,HNO39,RM,
E001794,Đào Phương Thuỷ,F,1970-10-19,2025-10-01,,Active,01CN000062,MK034S,Band 3,1CN00198,0,E001012,HNO17,ARM,
E001795,Nguyễn Hoài Quyên,F,1991-10-27,2025-10-01,,Active,01CN000057,MJ016E,Band 5,1CN00389,0,E001269,HCM01,RM,
E001796,Phạm Thanh Khoa,M,1997-03-08,2025-10-01,,Active,01CN000002,MK061C,Band 2,1CN01340,0,E000871,HCM48,ARM,
E001797,Dương Quang Thái,M,1996-01-06,2025-10-01,,Active,01CN000067,M00110,Band 2,1CN01327,0,E000473,HCM19,RM,
E001798,Trần Nhật Thái,M,1994-12-17,2025-10-01,,Active,01QT000008,FA018S,Band 3,1QT00021,0,,HSC01,BO,
E001799,Kiều Xuân Hoa,F,1973-03-07,2025-10-01,,Active,01CN000084,MK013M,Band 6,1CN00625,1,E000364,HSC01,BO,
E001800,Mai Duy Hải,M,1971-07-15,2025-10-01,,Active,01CN000003,MJ011M,Band 5,1CN01379,1,E000930,DAN03,TL,
E001801,Đoàn Thuỳ Châu,F,1971-11-18,2025-10-01,,Active,01CN000060,M00110,Band 2,1CN00187,0,E001186,HCM32,RM,
E001802,Phạm Duyên,F,1989-10-13,2025-10-01,,Active,01CN000001,M00107,Band 4,1CN01076,0,E000318,HNO63,RM,
E001803,Dương Kim Lan,F,1989-03-28,2025-10-01,,Active,01CN000085,M00109,Band 3,1CN00801,0,E000195,HNO44,RM,
E001804,Nguyễn Lan Hương,F,1975-10-03,2025-10-01,,Active,01CN000053,MK092C,Band 2,1CN00962,0,E000619,HCM01,ARM,
E001805,Phan Duyên,F,2001-10-20,2025-10-01,,Active,01CN000050,MK090S,Band 4,1CN01362,0,,HNO01,ARM,
E001806,Lương Bá Khoa,M,1999-09-22,2025-10-01,,Active,01CN000063,M00467,Band 6,1CN00304,0,E000927,HSC01,BO,
E001807,Thái Kiều Ngân,F,1994-02-10,2025-10-01,,Active,01CN000028,MK085S,Band 4,1CN00955,0,E000087,HNO01,BO,
E001808,Đinh Nhật Hiếu,M,1994-09-15,2025-10-01,,Active,01CN000072,M00109,Band 3,1CN00668,0,,HNO65,RM,
E001809,Vương Hằng,F,1997-08-01,2025-10-01,,Active,01CN000024,MJ010S,Band 4,1CN01179,0,E000136,HNO49,BO,
E001810,Trần Trinh,F,1974-04-20,2025-10-01,,Active,01CN000024,MJ028S,Band 3,1CN00688,0,E000791,HNO49,BO,
E001811,Chu Anh Thái,M,1990-12-23,2025-10-01,,Active,01QT000005,FC013S,Band 4,1QT00091,0,E000300,HSC01,BO,
E001812,Lương Mạnh Trí,M,1981-12-03,2025-10-01,,Active,01CN000070,MJ011M,Band 5,1CN00031,1,E000624,BNI01,TL,
E001813,Đinh Anh Đạt,M,1988-02-06,2025-10-01,,Active,01CN000080,M00109,Band 3,1CN01072,0,E000879,HNO02,RM,
E001814,Phạm Hồng Nhi,F,1995-07-26,2025-10-01,,Active,01CN000027,MJ011S,Band 4,1CN01113,0,E001029,HPH07,BO,
E001815,Hoàng Thuỳ Phương,F,1989-02-03,2025-10-01,,Active,01CN000067,M00109,Band 3,1CN00957,0,E001713,HCM19,RM,
E001816,Lý Thu Thanh,F,1975-06-12,2025-10-01,,Active,01CN000069,M00108,Band 4,1CN01027,0,E000668,HCM41,RM,
E001817,Dương Lan Huệ,F,1992-03-28,2025-10-01,,Active,01CN000037,MJ011M,Band 5,1CN01094,1,E001677,HCM01,TL,
E001818,Lương Hữu Sang,M,1986-10-23,2025-10-01,,Active,01CN000087,MH037M,Band 6,1CN00713,1,E000449,HSC01,BO,
E001819,Võ Lan Oanh,F,1988-12-24,2025-11-01,,Active,01CN000042,MK090S,Band 4,1CN01225,0,E001053,HNO01,ARM,
E001820,Lương Đức Thái,M,1976-03-06,2025-11-01,,Active,01QT000002,FC030C,Band 2,1QT00093,0,E000968,HSC01,BO,
E001821,Thái Thị Huệ,F,1997-09-02,2025-11-01,,Active,01CN000040,M00110,Band 2,1CN00573,0,E001676,HCM17,RM,
E001822,Trần Kiều Khuê,F,1991-03-28,2025-11-01,,Active,01CN000073,AA052C,K,1CN01204,0,E000862,HNO34,BO,
E001823,Kiều Xuân,F,1996-03-17,2025-11-01,,Active,01CN000081,MJ004S,Band 3,1CN00070,0,E001524,HSC02,BO,
E001824,Mai Nhật Phong,M,1972-12-18,2025-11-01,,Active,01QT000010,FC005C,Band 2,1QT00154,0,E001428,HSC01,BO,
E001825,Phan Đức Nghĩa,M,1990-12-26,2025-11-01,,Active,01CN000037,AA052C,K,1CN00914,0,E000962,HCM01,BO,
E001826,Đặng Công An,M,1970-01-07,2025-11-01,,Active,01CN000029,MK091S,Band 3,1CN00045,0,E001457,HCM01,ARM,
E001827,Lương Hữu Vũ,M,1970-10-14,2025-11-01,,Active,01CN000076,MK015S,Band 3,1CN01219,0,E000139,HCM04,ARM,
E001828,Cao Diệu Ánh,F,1999-11-11,2025-11-01,,Active,01CN000010,BA013M,Band 6,1CN00303,1,E001222,TDU01,HH,
E001829,Phạm Minh Tuyết,F,2001-07-10,2025-11-01,,Active,01CN000061,BA013M,Band 5,1CN00277,1,E000470,HCM29,HH,
E001830,Mai Hồng Nhung,F,1999-09-26,2025-11-01,,Active,01CN000071,MK090S,Band 4,1CN00918,0,E001720,HNO01,ARM,
E001831,Đặng Hải Ngọc,F,1977-10-24,2025-11-01,,Active,01CN000057,MK001T,Band 4,1CN00783,0,E000703,HNO01,ARM,
E001832,Đinh Hùng,M,1992-07-01,2025-11-01,,Active,01CN000019,MJ011S,Band 4,1CN00618,0,E001218,HNO39,BO,
E001833,Chu Ngọc Vinh,M,1991-12-04,2025-11-01,,Active,01CN000057,MJ017E,Band 4,1CN00726,0,E000866,HNO01,RM,
E001834,Hà Khang,M,1970-03-09,2025-11-01,,Active,01CN000025,MM008C,Band 2,1CN00065,0,E001061,HSC02,BO,
E001835,Cao Phương Trâm,F,1970-07-10,2025-11-01,,Active,01CN000059,M00107,Band 4,1CN00744,0,E001613,BRV01,RM,
E001836,Đoàn Quang Vũ,M,2000-11-05,2025-11-01,,Active,01CN000017,MK090S,Band 4,1CN01170,0,E001668,HNO01,ARM,
E001837,Trịnh Lan Thu,F,1992-02-11,2025-11-01,,Active,01CN000071,MK092C,Band 2,1CN01343,0,E001720,HNO01,ARM,
E001838,Tô Hoàng Đạt,M,1998-02-22,2025-11-01,,Active,01CN000071,MK091S,Band 3,1CN01222,0,E001720,HNO01,ARM,
E001839,Bùi Duy Thắng,M,1991-09-08,2025-11-01,,Active,01CN000022,MJ043S,Band 4,1CN00046,0,E001381,CTH01,RM,
E001840,Thái Hồng Diệp,F,1985-11-16,2025-11-01,,Active,01CN000037,MJ008C,Band 2,1CN00925,0,E001677,HCM01,BO,
E001841,Hoàng Yến Duyên,F,1983-10-20,2025-11-01,,Active,01CN000080,MJ011S,Band 4,1CN00491,0,E001610,HNO02,BO,
E001842,Lý Diệu Ngân,F,1984-05-22,2025-11-01,,Active,01CN000021,MK091S,Band 3,1CN00386,0,E000904,HCM01,ARM,
E001843,Cao Minh Hoài,F,1992-01-14,2025-11-01,,Active,01CN000041,M00109,Band 3,1CN01303,0,E000026,HNO17,RM,
E001844,Mai Như Ngọc,F,1988-01-25,2025-11-01,,Active,01CN000004,MK086M,Band 6,1CN01080,1,E000906,HSC01,BO,
E001845,Hoàng Tuyết Trang,F,1981-08-05,2025-11-01,,Active,01CN000083,MJ011M,Band 5,1CN00056,1,E001094,HCM12,TL,
E001846,Dương Huy,M,1972-01-19,2025-11-01,,Active,01CN000044,MK015S,Band 3,1CN00985,0,E000289,QNI01,ARM,
E001847,Chu Quỳnh Hoa,F,1977-06-12,2025-11-01,,Active,01CN000074,MJ029S,Band 4,1CN00151,0,E000345,HCM40,RM,
E001848,Phan Hà Thanh,F,1980-02-04,2025-11-01,,Active,01CN000006,MJ043S,Band 4,1CN00644,0,E000971,HNO52,RM,
E001849,Võ Tuấn Vinh,M,2001-01-16,2025-11-01,,Active,01CN000069,M00107,Band 4,1CN00059,0,E000802,HCM41,RM,
E001850,Đỗ Bá Đức,M,1985-11-28,2025-12-01,,Active,01CN000073,MJ011M,Band 5,1CN00982,1,E000279,HNO34,TL,
E001851,Phạm Khánh Hằng,F,1982-06-20,2025-12-01,,Active,01CN000019,BA013M,Band 6,1CN01245,1,E001218,HNO39,HH,
E001852,Hà Xuân Ngọc,F,1992-07-25,2025-12-01,,Active,01QT000004,FC001M,Band 7,1QT00009,1,,HSC01,BO,
E001853,Lâm Lan Nhung,F,1972-10-13,2025-12-01,,Active,01CN000068,MJ161E,Band 5,1CN00015,0,E000689,HSC01,RM,
E001854,Vương Phương Nhung,F,1974-07-01,2025-12-01,,Active,01CN000021,MK092C,Band 2,1CN00633,0,E000904,HCM01,ARM,
E001855,Thái Đình Trung,M,1989-05-05,2025-12-01,,Active,01CN000027,MJ008C,Band 2,1CN00544,0,E001029,HPH07,BO,
E001856,Huỳnh Quỳnh Vy,F,1973-04-05,2025-12-01,,Active,01CN000050,MK091S,Band 3,1CN00811,0,,HNO01,ARM,
E001857,Đỗ Hồng Nga,F,1981-03-12,2025-12-01,,Active,01CN000076,MJ044S,Band 3,1CN01359,0,E001323,HCM04,RM,
E001858,Huỳnh Mạnh An,M,1970-08-10,2025-12-01,,Active,01CN000024,MK061C,Band 2,1CN00824,0,E000791,HNO49,ARM,
E001859,Ngô Hải Oanh,F,1980-10-27,2025-12-01,,Active,01CN000076,MJ010S,Band 4,1CN00157,0,E000628,HCM04,BO,
E001860,Trần Bích Mai,F,1990-04-17,2025-12-01,,Active,01CN000060,M00110,Band 2,1CN00187,0,E000824,HCM32,RM,
E001861,Vương Mai Tâm,F,1973-05-23,2025-12-01,,Active,01CN000060,MJ044S,Band 3,1CN00437,0,E001186,HCM32,RM,
E001862,Phan Phương My,F,1998-01-03,2025-12-01,,Active,01CN000061,MJ155E,Band 5,1CN00678,0,E001673,HCM29,RM,
E001863,Thái Bảo Thu,F,1999-05-09,2025-12-01,,Active,01CN000070,M00109,Band 3,1CN00514,0,E000250,BNI01,RM,
E001864,Lê Quân,M,1975-11-06,2025-12-01,,Active,01CN000060,AA052C,K,1CN00378,0,E000824,HCM32,BO,
E001865,Trịnh Hải Khuê,F,1980-05-21,2025-12-01,,Active,01CN000069,M00109,Band 3,1CN00888,0,E001693,HCM41,RM,
E001866,Vũ Vũ,M,1984-09-19,2025-12-01,,Active,01QT000024,FA010M,Band 6,1QT00162,1,E000517,HSC01,BO,
E001867,Kiều Như Tuyết,F,1981-12-07,2025-12-01,,Active,01CN000071,MJ162E,Band 5,1CN00267,0,E001720,HNO01,RM,
E001868,Lý Đức Đạt,M,1980-11-14,2025-12-01,,Active,01CN000048,MK091S,Band 3,1CN01296,0,E000682,HCM01,ARM,
E001869,Lương Khắc Tài,M,1992-02-10,2025-12-01,,Active,01CN000058,MJ035S,Band 3,1CN01175,0,E000258,HSC01,BO,
E001870,Lương Hoài Châu,F,1972-06-11,2025-12-01,,Active,01CN000079,M00109,Band 3,1CN01341,0,E000669,BDU01,RM,
E001871,Ngô Uyên,F,1976-12-28,2025-12-01,,Active,01CN000062,MJ037M,Band 5,1CN00440,1,E001012,HNO17,TL,
E001872,Huỳnh Hoài Oanh,F,2000-08-22,2025-12-01,,Active,01CN000074,M00108,Band 4,1CN00808,0,E000331,HCM40,RM,
E001873,Nguyễn Ngọc Hoài,F,1983-12-20,2025-12-01,,Active,01CN000062,MJ036M,Band 6,1CN01047,1,E001012,HNO17,HH,
E001874,Võ Anh Vinh,M,1984-01-26,2025-12-01,,Active,01QT000003,M00359,Band 5,1QT00118,0,E000245,HSC01,BO,
E001875,Đỗ Ngọc Dũng,M,1976-07-04,2025-12-01,,Active,01CN000034,M00110,Band 2,1CN00263,0,E001777,HNO11,RM,
E001876,Thái Hồng,F,1996-03-12,2025-12-01,,Active,01CN000031,AA052C,K,1CN00687,0,E001707,BRV04,BO,
E001877,Mai Nhật Nam,M,1971-03-26,2025-12-01,,Active,01CN000017,MK092C,Band 2,1CN01209,0,E000551,HNO01,ARM,
E001878,Ngô Gia Lộc,M,1976-03-14,2025-12-01,,Active,01CN000040,AA052C,K,1CN00657,0,E000595,HCM17,BO,
E001879,Mai Xuân Hải,M,1973-08-10,2025-12-01,,Active,01CN000073,M00108,Band 4,1CN00392,0,E001544,HNO34,RM,
E001880,Lâm Diệu Trâm,F,1974-01-12,2025-12-01,,Active,01CN000079,MJ011S,Band 4,1CN00589,0,E001282,BDU01,BO,
E001881,Mai Hữu Tuấn,M,1973-09-13,2021-01-01,,Active,01CN000071,MK091S,Band 3,1CN00669,0,E001720,QNI07,ARM,P1_high_risk_1
E001882,Mai Diệu Thu,F,1991-09-21,2021-01-01,,Active,01CN000057,MJ016E,Band 5,1CN01008,0,E000866,HNO01,RM,P1_high_risk_2
E001883,Võ Hải Diệp,F,1983-10-08,2021-01-01,,Active,01CN000072,MK015S,Band 3,1CN00082,0,,HNO65,ARM,P1_high_risk_3
E001884,Hà Vinh,M,1979-04-25,2021-01-01,,Active,01CN000008,MJ018S,Band 4,1CN01123,0,E001046,HCM29,RM,P2_medium_1
E001885,Kiều Nhật Hoà,M,1994-05-25,2021-01-01,,Active,01CN000005,M00169,Band 4,1CN01252,0,,HSC01,BO,P2_medium_2
E001886,Đoàn Minh Hồng,F,1987-10-22,2021-01-01,,Active,01CN000041,MJ044S,Band 3,1CN01280,0,E000218,HNO17,RM,P2_medium_3
E001887,Tô Ngọc,F,1993-12-19,2021-01-01,,Active,01CN000054,MJ161E,Band 5,1CN00953,0,E001757,HNO01,RM,EXCLUDE_warnings_1
E001888,Hồ Hoài,F,2003-09-17,2021-01-01,,Active,01CN000078,MK023M,Band 5,1CN00086,1,E001013,HSC01,BO,EXCLUDE_warnings_2
E001889,Đỗ Đức Thái,M,1979-06-15,2021-01-01,,Active,01CN000071,MJ162E,Band 5,1CN00311,0,E001720,QNI01,RM,P1_stuck_well_paid
E001890,Lý Nhật Khánh,M,1996-03-22,2021-01-01,,Active,01CN000071,MJ162E,Band 5,1CN00311,0,E001720,QNI01,RM,P2_stuck_well_paid
